field_id,region,crop_type,soil_organic_carbon,soil_ph,nitrogen_kgha,phosphorus_kgha,potassium_kgha,clay_content_pct,sulphur_ppm,calcium_meq,magnesium_meq,zinc_ppm,iron_ppm,copper_ppm,manganese_ppm,boron_ppm,electrical_conductivity_dsm,cumulative_rainfall_mm,growing_degree_days,avg_temperature_c,heat_stress_days,peak_ndvi,bio_applied,bio_product_type,bio_dosage_l_ha,observed_yield_q_acre,counterfactual_yield_q_acre,bio_attributed_lift_q,crop_msp_rs_q,gross_revenue_gain_rs,net_profit_rs
IND_FIELD_0001,Maharashtra & Vidarbha (Deccan),Maize,7.25,6.14,82.3,39.9,168.6,33.0,6.3,17.7,10.4,0.31,3.48,0.44,4.97,0.7,0.17,1149.9,3139.0,22.1,7,0.92,1,Syngenta CropBio+ (Biostimulant),1.5,52.57,46.38,6.19,2225.0,13771.0,11902.0
IND_FIELD_0002,Karnataka & Tamil Nadu,Soybean,4.29,7.17,72.7,19.4,112.5,45.9,19.9,28.4,4.3,0.86,6.34,0.88,5.85,0.53,0.39,781.6,3014.2,32.5,4,0.797,1,Syngenta Quantis,2.87,20.5,17.83,2.67,4892.0,13072.0,11132.0
IND_FIELD_0003,Uttar Pradesh & Bihar,Soybean,8.01,6.24,223.7,49.5,204.4,35.5,9.1,11.5,6.0,0.91,3.66,0.62,6.55,0.58,0.76,1347.2,2818.6,28.7,5,0.92,0,None,0.0,23.39,23.88,-0.48,4892.0,-2368.0,-2368.0
IND_FIELD_0004,Andhra Pradesh & Telangana,Rice (Paddy),6.92,6.47,94.2,38.4,107.0,34.2,6.8,30.7,11.6,1.21,8.96,0.76,6.35,0.75,0.18,1123.8,1905.5,30.9,6,0.92,0,None,0.0,37.01,37.18,-0.17,2300.0,-383.0,-383.0
IND_FIELD_0005,Punjab & Haryana (Indo-Gangetic),Wheat,10.95,6.32,207.8,18.8,304.2,31.6,17.8,31.7,9.1,0.86,7.07,0.39,6.85,0.86,0.45,850.7,1868.7,33.9,5,0.877,1,Syngenta Quantis,1.97,46.1,41.47,4.63,2275.0,10535.0,8834.0
IND_FIELD_0006,Punjab & Haryana (Indo-Gangetic),Groundnut (Peanut),10.16,6.24,158.0,53.4,124.1,24.3,19.9,11.9,13.2,1.31,3.41,0.35,7.32,0.44,0.68,855.1,2972.6,29.0,2,0.881,1,Syngenta Quantis,2.67,27.87,25.81,2.06,6783.0,13970.0,12069.0
IND_FIELD_0007,Punjab & Haryana (Indo-Gangetic),Maize,7.51,7.78,74.0,34.3,140.7,18.1,20.6,16.4,8.0,0.99,3.5,0.75,4.41,0.49,0.82,1322.7,2485.5,28.5,2,0.92,1,Syngenta Quantis,2.13,52.1,45.64,6.46,2225.0,14375.0,12692.0
IND_FIELD_0008,Karnataka & Tamil Nadu,Rice (Paddy),5.9,6.49,232.0,15.1,177.6,25.2,14.9,18.2,12.6,1.22,7.67,0.68,7.23,0.9,0.84,997.6,2940.4,25.8,8,0.898,1,Syngenta Isabion,2.69,46.31,39.74,6.58,2300.0,15123.0,13324.0
IND_FIELD_0009,Andhra Pradesh & Telangana,Cotton,14.37,8.03,104.5,39.0,172.0,33.3,9.7,27.1,8.2,0.46,9.08,0.68,5.98,0.65,0.45,1121.1,2238.1,26.0,4,0.92,0,None,0.0,23.04,23.11,-0.07,7121.0,-506.0,-506.0
IND_FIELD_0010,Uttar Pradesh & Bihar,Tomato,8.49,8.13,214.7,22.9,270.7,29.4,19.3,23.1,13.8,1.24,6.4,0.59,2.39,0.38,0.82,846.2,2356.7,32.4,4,0.844,1,Syngenta Quantis,2.36,300.09,270.13,29.96,2400.0,71897.0,69965.0
IND_FIELD_0011,Punjab & Haryana (Indo-Gangetic),Rice (Paddy),11.07,7.17,90.4,46.6,189.5,31.5,18.6,24.2,13.6,1.04,7.25,0.59,5.75,0.71,0.17,662.5,2780.3,27.8,2,0.799,1,Syngenta Isabion,2.15,45.46,40.64,4.82,2300.0,11084.0,9176.0
IND_FIELD_0012,Karnataka & Tamil Nadu,Wheat,5.05,6.14,213.7,47.2,121.0,47.4,10.4,26.7,7.0,0.49,9.04,0.71,5.78,0.94,0.67,1137.4,3081.5,24.1,6,0.92,1,Syngenta Quantis,1.86,40.44,35.84,4.6,2275.0,10460.0,8670.0
IND_FIELD_0013,Uttar Pradesh & Bihar,Cotton,8.84,6.7,62.4,54.1,144.1,28.5,22.3,12.6,12.8,0.51,7.66,0.39,6.98,0.83,0.6,1027.4,1922.9,23.2,6,0.92,1,Syngenta Isabion,1.55,23.87,20.78,3.1,7121.0,22045.0,20381.0
IND_FIELD_0014,Punjab & Haryana (Indo-Gangetic),Groundnut (Peanut),3.8,7.71,152.1,33.6,202.2,31.6,7.9,28.3,12.4,1.32,4.84,0.45,4.05,0.77,0.32,926.3,3006.1,28.1,3,0.831,1,Syngenta Quantis,2.38,23.21,20.59,2.62,6783.0,17774.0,16069.0
IND_FIELD_0015,Punjab & Haryana (Indo-Gangetic),Maize,9.06,6.68,198.5,31.6,115.4,22.0,23.7,25.5,5.7,0.34,7.68,0.81,5.22,0.4,0.51,1042.8,2910.2,28.0,4,0.92,0,None,0.0,53.44,53.13,0.31,2225.0,696.0,696.0
IND_FIELD_0016,Punjab & Haryana (Indo-Gangetic),Cotton,14.1,6.01,228.3,44.4,226.8,19.4,21.5,22.7,10.1,0.81,7.79,0.42,2.07,0.86,0.24,647.9,2241.8,30.5,4,0.873,0,None,0.0,25.66,24.91,0.75,7121.0,5351.0,5351.0
IND_FIELD_0017,Maharashtra & Vidarbha (Deccan),Soybean,7.73,7.14,223.7,17.7,215.8,41.3,18.4,29.6,4.3,0.64,8.56,0.58,3.83,0.62,0.76,1204.2,2297.3,28.1,5,0.92,0,None,0.0,23.07,22.96,0.11,4892.0,548.0,548.0
IND_FIELD_0018,Andhra Pradesh & Telangana,Maize,3.93,7.83,207.5,35.5,251.5,35.1,22.9,25.4,12.3,1.03,7.73,0.69,2.34,0.87,0.4,1350.8,1865.0,23.9,8,0.92,1,Syngenta Isabion,2.93,54.75,47.48,7.27,2225.0,16179.0,14483.0
IND_FIELD_0019,Maharashtra & Vidarbha (Deccan),Sugarcane,3.84,7.71,219.9,35.5,305.0,40.8,19.0,14.4,5.3,1.22,10.28,0.9,4.87,0.48,0.59,1296.5,1822.0,28.6,5,0.92,0,None,0.0,542.05,541.79,0.26,340.0,88.0,88.0
IND_FIELD_0020,Maharashtra & Vidarbha (Deccan),Cotton,7.77,6.22,95.9,15.8,298.9,22.5,9.4,19.5,4.2,0.7,4.64,0.5,6.5,0.29,0.26,755.4,2467.8,33.8,6,0.831,1,Syngenta CropBio+ (Biostimulant),2.9,22.3,19.24,3.06,7121.0,21770.0,19816.0
IND_FIELD_0021,Andhra Pradesh & Telangana,Onion,5.26,7.41,111.2,30.0,307.1,35.2,14.0,20.9,7.7,0.77,10.14,0.5,3.14,0.58,0.29,835.7,1933.8,24.1,8,0.888,0,None,0.0,190.92,191.21,-0.3,2800.0,-836.0,-836.0
IND_FIELD_0022,Punjab & Haryana (Indo-Gangetic),Cotton,3.76,6.33,112.0,48.7,138.7,25.6,7.3,11.2,9.6,1.38,7.13,0.79,4.9,0.44,0.84,1218.0,2071.6,31.0,3,0.92,0,None,0.0,18.2,18.27,-0.07,7121.0,-493.0,-493.0
IND_FIELD_0023,Maharashtra & Vidarbha (Deccan),Rice (Paddy),11.82,6.32,127.9,48.8,111.6,24.8,13.0,31.0,12.5,1.16,8.11,0.76,3.12,0.75,0.68,1015.4,2985.5,29.7,5,0.92,1,Syngenta CropBio+ (Biostimulant),1.52,48.52,43.0,5.52,2300.0,12707.0,10732.0
IND_FIELD_0024,Maharashtra & Vidarbha (Deccan),Tur / Pigeon Pea (Arhar),8.54,7.9,130.8,16.3,152.5,18.3,19.3,12.8,13.7,1.29,3.93,0.71,2.66,0.92,0.82,970.5,2599.4,31.7,8,0.92,1,Syngenta Isabion,2.1,19.35,17.15,2.2,7550.0,16580.0,14733.0
IND_FIELD_0025,Maharashtra & Vidarbha (Deccan),Rice (Paddy),6.68,6.4,158.0,15.9,294.8,21.9,13.0,25.3,8.1,0.78,5.98,0.52,4.81,0.73,0.36,1330.3,2687.1,24.0,3,0.92,0,None,0.0,38.54,39.47,-0.94,2300.0,-2157.0,-2157.0
IND_FIELD_0026,Uttar Pradesh & Bihar,Sugarcane,13.4,6.43,88.8,23.3,313.3,27.3,11.9,21.1,4.1,0.56,8.82,0.43,2.44,0.87,0.27,959.2,2062.5,34.2,3,0.92,1,Syngenta Quantis,1.91,685.75,623.87,61.88,340.0,21040.0,19229.0
IND_FIELD_0027,Punjab & Haryana (Indo-Gangetic),Rice (Paddy),4.78,5.8,184.4,49.6,286.2,21.5,16.7,10.6,11.4,0.75,8.36,0.63,5.23,0.57,0.5,939.2,2960.1,30.1,5,0.866,0,None,0.0,38.61,38.0,0.61,2300.0,1411.0,1411.0
IND_FIELD_0028,Andhra Pradesh & Telangana,Cotton,14.02,7.89,90.2,17.5,106.4,47.6,21.7,30.3,9.4,1.09,3.49,0.81,2.17,0.79,0.5,489.9,3015.2,33.0,6,0.839,0,None,0.0,21.82,22.08,-0.26,7121.0,-1880.0,-1880.0
IND_FIELD_0029,Andhra Pradesh & Telangana,Tomato,6.95,7.7,115.9,43.0,307.4,27.3,6.9,28.7,8.2,0.42,7.19,0.82,2.59,0.84,0.27,515.9,2532.7,25.2,7,0.737,0,None,0.0,235.65,235.12,0.53,2400.0,1279.0,1279.0
IND_FIELD_0030,Punjab & Haryana (Indo-Gangetic),Rice (Paddy),13.27,7.31,150.6,16.4,181.6,21.9,12.9,21.5,6.7,0.6,3.84,0.28,5.02,0.75,0.66,457.0,3077.6,31.6,10,0.792,1,Syngenta Quantis,1.48,49.83,42.77,7.07,2300.0,16251.0,14200.0
IND_FIELD_0031,Andhra Pradesh & Telangana,Gram / Chickpea (Chana),10.13,7.6,203.4,38.8,82.2,24.0,8.8,15.0,8.8,0.35,10.47,0.5,5.25,0.61,0.4,1317.6,2982.8,32.2,6,0.92,0,None,0.0,19.4,20.52,-1.12,5440.0,-6104.0,-6104.0
IND_FIELD_0032,Punjab & Haryana (Indo-Gangetic),Cotton,12.59,6.16,193.1,27.3,186.2,35.6,18.5,12.7,7.1,0.78,9.75,0.53,2.16,0.69,0.28,838.0,2823.9,27.2,6,0.92,1,Syngenta Isabion,2.86,26.68,24.17,2.51,7121.0,17881.0,16220.0
IND_FIELD_0033,Punjab & Haryana (Indo-Gangetic),Cotton,14.32,6.9,176.2,45.9,91.1,19.9,7.9,18.0,11.4,1.21,3.35,0.88,5.15,0.74,0.38,895.1,2827.7,27.0,6,0.92,1,Syngenta Quantis,2.22,26.93,24.28,2.65,7121.0,18896.0,17111.0
IND_FIELD_0034,Karnataka & Tamil Nadu,Soybean,6.67,6.64,88.0,22.0,210.5,43.9,18.0,15.6,9.2,0.33,9.47,0.67,6.61,0.43,0.54,1253.1,1947.6,30.6,3,0.92,0,None,0.0,20.25,20.63,-0.38,4892.0,-1853.0,-1853.0
IND_FIELD_0035,Karnataka & Tamil Nadu,Sugarcane,14.07,6.03,158.5,39.5,161.3,46.8,11.2,21.1,12.7,1.04,9.91,0.49,5.97,0.82,0.66,1028.8,2179.2,23.2,8,0.92,0,None,0.0,641.18,641.14,0.04,340.0,14.0,14.0
IND_FIELD_0036,Uttar Pradesh & Bihar,Rice (Paddy),7.78,6.97,75.7,22.1,193.6,25.4,9.6,31.3,9.2,1.33,5.78,0.22,2.72,0.92,0.49,1029.0,1893.6,31.6,10,0.92,0,None,0.0,38.17,37.81,0.36,2300.0,839.0,839.0
IND_FIELD_0037,Maharashtra & Vidarbha (Deccan),Mustard / Rapeseed,7.74,8.01,127.9,42.7,227.2,31.5,22.9,22.6,6.0,0.56,8.45,0.6,5.26,0.58,0.52,731.7,1812.2,22.6,2,0.797,1,Syngenta CropBio+ (Biostimulant),1.25,27.77,24.42,3.35,5650.0,18919.0,17316.0
IND_FIELD_0038,Punjab & Haryana (Indo-Gangetic),Wheat,7.24,5.9,134.4,49.6,288.5,18.7,6.3,29.6,12.4,1.06,6.43,0.27,5.7,0.74,0.25,1242.2,2021.6,24.5,5,0.92,1,Syngenta CropBio+ (Biostimulant),1.22,40.53,36.08,4.46,2275.0,10143.0,8506.0
IND_FIELD_0039,Andhra Pradesh & Telangana,Onion,9.46,6.5,67.2,17.5,238.9,37.2,13.9,24.3,9.4,1.37,7.98,0.78,2.2,0.77,0.79,607.5,3032.7,30.6,7,0.774,1,Syngenta Isabion,1.28,227.12,197.68,29.44,2800.0,82446.0,80505.0
IND_FIELD_0040,Maharashtra & Vidarbha (Deccan),Cotton,5.2,6.3,109.3,49.3,184.2,30.4,6.4,20.5,5.7,1.36,5.68,0.73,6.7,0.71,0.8,500.5,2135.8,23.3,11,0.666,0,None,0.0,16.81,16.81,-0.0,7121.0,-0.0,-0.0
IND_FIELD_0041,Punjab & Haryana (Indo-Gangetic),Mustard / Rapeseed,9.59,6.37,232.0,37.5,276.7,26.1,14.7,28.8,10.0,0.56,5.55,0.52,6.98,0.63,0.63,632.0,3158.2,34.6,7,0.853,0,None,0.0,28.8,28.95,-0.16,5650.0,-877.0,-877.0
IND_FIELD_0042,Maharashtra & Vidarbha (Deccan),Groundnut (Peanut),9.46,7.98,231.7,17.5,297.3,24.2,15.0,20.4,7.3,0.41,6.3,0.5,6.68,0.87,0.16,704.4,2636.2,33.3,5,0.831,0,None,0.0,26.01,25.6,0.41,6783.0,2803.0,2803.0
IND_FIELD_0043,Punjab & Haryana (Indo-Gangetic),Groundnut (Peanut),11.88,6.92,123.4,30.4,108.7,37.6,11.8,29.1,12.4,0.46,4.26,0.83,6.54,0.56,0.53,718.2,2132.2,30.1,5,0.863,0,None,0.0,25.31,25.11,0.2,6783.0,1328.0,1328.0
IND_FIELD_0044,Karnataka & Tamil Nadu,Mustard / Rapeseed,12.67,6.92,67.8,18.9,207.7,30.5,8.4,16.4,8.3,1.07,9.27,0.4,6.1,0.29,0.59,1087.0,2496.0,32.6,3,0.92,0,None,0.0,26.63,26.88,-0.25,5650.0,-1389.0,-1389.0
IND_FIELD_0045,Maharashtra & Vidarbha (Deccan),Groundnut (Peanut),8.34,7.63,92.2,42.1,148.3,23.4,12.8,12.8,11.1,1.1,5.75,0.37,5.48,0.84,0.85,656.9,2106.7,33.5,4,0.832,1,Syngenta Isabion,1.67,25.58,22.61,2.98,6783.0,20204.0,18532.0
IND_FIELD_0046,Andhra Pradesh & Telangana,Sugarcane,6.83,6.17,130.6,44.6,91.3,38.7,18.1,28.8,4.5,1.04,6.12,0.86,5.73,0.72,0.85,1092.8,3177.6,25.4,6,0.92,1,Syngenta Quantis,1.64,604.84,535.68,69.15,340.0,23512.0,21545.0
IND_FIELD_0047,Maharashtra & Vidarbha (Deccan),Soybean,6.35,6.97,230.6,16.5,240.5,35.0,20.1,22.9,7.7,0.67,9.73,0.77,6.44,0.84,0.75,536.6,2986.2,33.0,9,0.743,1,Syngenta Quantis,1.47,25.27,21.76,3.51,4892.0,17184.0,15437.0
IND_FIELD_0048,Andhra Pradesh & Telangana,Soybean,5.64,6.83,85.4,33.8,287.1,43.8,15.6,29.6,13.8,0.49,6.83,0.77,5.64,0.35,0.19,589.8,1836.7,24.5,5,0.733,0,None,0.0,19.01,19.58,-0.56,4892.0,-2759.0,-2759.0
IND_FIELD_0049,Andhra Pradesh & Telangana,Tur / Pigeon Pea (Arhar),4.13,7.23,197.4,47.0,119.1,21.5,16.6,30.6,12.0,0.94,7.17,0.34,3.8,0.27,0.82,933.4,3126.9,27.4,6,0.835,0,None,0.0,15.6,16.14,-0.54,7550.0,-4106.0,-4106.0
IND_FIELD_0050,Punjab & Haryana (Indo-Gangetic),Sugarcane,7.27,8.2,79.6,52.3,275.0,41.6,9.6,11.2,5.2,0.83,10.18,0.3,4.07,0.9,0.58,1325.8,2809.5,29.3,3,0.92,0,None,0.0,523.42,522.61,0.81,340.0,277.0,277.0
IND_FIELD_0051,Karnataka & Tamil Nadu,Groundnut (Peanut),6.47,7.65,236.6,34.1,284.8,38.2,11.2,21.0,6.4,1.1,9.67,0.22,6.93,0.35,0.71,1266.6,1915.3,31.3,6,0.92,0,None,0.0,24.52,25.36,-0.84,6783.0,-5729.0,-5729.0
IND_FIELD_0052,Uttar Pradesh & Bihar,Wheat,14.13,6.75,128.7,52.9,299.4,21.5,8.9,18.2,7.0,0.79,4.44,0.37,2.09,0.82,0.44,1370.3,2738.9,22.4,6,0.92,1,Syngenta Quantis,2.17,47.45,43.35,4.1,2275.0,9320.0,7719.0
IND_FIELD_0053,Karnataka & Tamil Nadu,Soybean,9.63,7.79,199.5,35.0,143.7,38.8,10.5,23.8,10.3,0.67,6.65,0.74,5.84,0.83,0.37,1068.0,2705.7,25.8,8,0.92,0,None,0.0,22.98,23.34,-0.36,4892.0,-1774.0,-1774.0
IND_FIELD_0054,Karnataka & Tamil Nadu,Soybean,7.32,6.21,121.7,29.0,296.9,31.2,10.0,27.5,11.4,0.62,10.29,0.37,7.25,0.75,0.47,1092.0,2106.3,29.9,6,0.92,1,Syngenta CropBio+ (Biostimulant),2.04,23.67,21.94,1.74,4892.0,8497.0,6681.0
IND_FIELD_0055,Andhra Pradesh & Telangana,Maize,9.89,5.87,173.0,48.5,157.0,46.3,15.4,16.2,11.4,0.53,5.92,0.71,5.88,0.34,0.25,1043.8,2861.8,26.6,3,0.92,1,Syngenta Quantis,2.27,58.18,53.4,4.79,2225.0,10654.0,8855.0
IND_FIELD_0056,Karnataka & Tamil Nadu,Rice (Paddy),5.03,6.29,94.6,33.2,212.6,22.2,16.1,22.2,8.9,0.59,5.91,0.38,7.47,0.72,0.4,1041.7,1921.9,32.1,9,0.92,0,None,0.0,36.36,36.26,0.1,2300.0,223.0,223.0
IND_FIELD_0057,Punjab & Haryana (Indo-Gangetic),Cotton,8.38,6.62,86.3,32.3,92.1,37.3,23.0,25.6,12.0,0.4,4.62,0.48,5.78,0.87,0.75,589.8,2485.2,30.5,1,0.748,1,Syngenta Isabion,2.7,20.87,19.09,1.78,7121.0,12686.0,10639.0
IND_FIELD_0058,Punjab & Haryana (Indo-Gangetic),Wheat,10.39,7.03,228.9,33.1,90.5,29.5,9.5,13.0,8.1,0.68,4.03,0.89,2.19,0.55,0.18,966.6,1813.9,25.0,4,0.92,1,Syngenta CropBio+ (Biostimulant),1.97,44.22,40.13,4.09,2275.0,9315.0,7645.0
IND_FIELD_0059,Punjab & Haryana (Indo-Gangetic),Soybean,8.88,7.28,225.2,48.4,252.9,46.7,17.6,27.9,4.8,0.34,8.6,0.37,6.55,0.54,0.26,816.8,3156.2,23.9,5,0.884,0,None,0.0,24.2,23.59,0.61,4892.0,2995.0,2995.0
IND_FIELD_0060,Maharashtra & Vidarbha (Deccan),Wheat,7.92,7.99,219.7,47.8,186.7,27.9,20.7,23.3,9.4,0.51,8.82,0.46,3.57,0.56,0.24,870.4,2852.2,30.2,2,0.898,1,Syngenta Isabion,1.74,42.4,38.56,3.84,2275.0,8727.0,6917.0
IND_FIELD_0061,Maharashtra & Vidarbha (Deccan),Cotton,14.43,7.02,172.6,29.4,141.5,46.9,16.1,30.9,13.5,1.12,10.27,0.41,4.45,0.31,0.43,947.4,2022.4,27.9,12,0.92,0,None,0.0,24.89,24.82,0.07,7121.0,480.0,480.0
IND_FIELD_0062,Maharashtra & Vidarbha (Deccan),Groundnut (Peanut),13.18,7.0,205.5,26.3,125.7,45.0,10.6,17.5,11.8,0.66,8.85,0.28,3.72,0.87,0.85,572.0,2278.3,24.2,1,0.909,1,Syngenta Quantis,2.84,30.42,27.27,3.14,6783.0,21330.0,19551.0
IND_FIELD_0063,Uttar Pradesh & Bihar,Rice (Paddy),10.36,5.92,72.4,33.2,240.8,26.1,10.7,12.4,9.6,1.04,4.98,0.54,3.48,0.86,0.27,791.5,2024.8,26.2,5,0.865,0,None,0.0,39.44,39.15,0.3,2300.0,679.0,679.0
IND_FIELD_0064,Maharashtra & Vidarbha (Deccan),Wheat,9.76,5.88,120.3,36.6,80.1,42.1,6.7,21.1,10.3,1.09,3.49,0.47,4.37,0.95,0.25,510.3,2873.3,25.9,9,0.8,0,None,0.0,35.04,35.7,-0.66,2275.0,-1500.0,-1500.0
IND_FIELD_0065,Maharashtra & Vidarbha (Deccan),Soybean,10.33,7.12,116.5,22.2,273.4,47.9,11.5,11.9,13.3,0.94,10.39,0.69,4.08,0.66,0.79,1380.7,1882.5,23.4,10,0.92,1,Syngenta Quantis,2.36,26.37,22.71,3.65,4892.0,17870.0,16114.0
IND_FIELD_0066,Andhra Pradesh & Telangana,Soybean,5.71,6.85,174.4,46.1,99.0,25.6,19.4,31.3,8.0,1.35,5.69,0.77,5.48,0.78,0.77,562.6,2976.6,29.1,6,0.746,1,Syngenta Isabion,2.82,23.86,19.8,4.06,4892.0,19839.0,17766.0
IND_FIELD_0067,Punjab & Haryana (Indo-Gangetic),Rice (Paddy),7.85,7.81,124.1,32.9,126.0,31.1,6.9,10.9,7.0,0.32,5.48,0.58,6.47,0.39,0.17,695.6,3119.1,31.9,5,0.833,0,None,0.0,36.64,36.08,0.55,2300.0,1274.0,1274.0
IND_FIELD_0068,Uttar Pradesh & Bihar,Wheat,3.93,6.19,86.7,26.4,172.7,33.6,9.9,26.6,13.8,1.11,9.81,0.22,3.63,0.72,0.68,1296.7,2747.3,29.5,4,0.92,0,None,0.0,30.34,31.29,-0.96,2275.0,-2181.0,-2181.0
IND_FIELD_0069,Punjab & Haryana (Indo-Gangetic),Sugarcane,8.73,5.86,167.4,16.6,196.4,26.8,18.7,21.6,12.6,1.35,7.47,0.63,3.18,0.7,0.61,908.6,2098.2,32.7,1,0.9,0,None,0.0,571.87,572.13,-0.26,340.0,-89.0,-89.0
IND_FIELD_0070,Karnataka & Tamil Nadu,Cotton,9.47,6.88,206.6,22.3,165.2,18.5,20.1,18.1,6.9,1.25,4.77,0.24,5.67,0.88,0.69,578.9,2304.1,23.7,4,0.798,0,None,0.0,22.23,22.19,0.04,7121.0,281.0,281.0
IND_FIELD_0071,Uttar Pradesh & Bihar,Maize,6.01,6.37,128.8,52.8,157.0,24.6,14.2,11.4,8.4,0.48,9.69,0.63,5.69,0.83,0.5,815.0,2468.1,27.7,4,0.844,1,Syngenta CropBio+ (Biostimulant),1.91,52.77,46.34,6.43,2225.0,14302.0,12412.0
IND_FIELD_0072,Punjab & Haryana (Indo-Gangetic),Mustard / Rapeseed,14.1,5.92,83.8,25.1,311.3,26.5,18.6,23.7,7.9,0.66,10.45,0.68,6.96,0.91,0.84,560.1,2646.5,29.9,4,0.909,1,Syngenta Quantis,1.91,33.05,29.18,3.88,5650.0,21905.0,20058.0
IND_FIELD_0073,Punjab & Haryana (Indo-Gangetic),Groundnut (Peanut),13.5,7.54,95.4,19.3,234.0,31.3,13.0,22.9,5.1,0.49,3.83,0.34,2.09,0.86,0.18,640.2,2736.1,30.8,3,0.852,1,Syngenta Isabion,1.58,28.11,26.45,1.66,6783.0,11266.0,9630.0
IND_FIELD_0074,Uttar Pradesh & Bihar,Soybean,11.44,6.07,102.7,31.8,85.6,23.1,8.9,16.2,13.6,0.96,9.49,0.77,6.69,0.86,0.31,499.4,2575.9,31.0,5,0.775,1,Syngenta CropBio+ (Biostimulant),1.93,24.36,21.4,2.96,4892.0,14481.0,12828.0
IND_FIELD_0075,Uttar Pradesh & Bihar,Wheat,9.37,7.26,114.0,25.2,183.2,44.2,13.2,30.0,7.7,1.08,6.05,0.84,4.87,0.29,0.43,866.3,2291.8,31.5,10,0.916,1,Syngenta Isabion,2.34,43.27,37.39,5.88,2275.0,13376.0,11653.0
IND_FIELD_0076,Uttar Pradesh & Bihar,Soybean,13.07,6.47,175.7,13.5,290.0,39.1,16.4,16.7,12.7,0.65,7.03,0.77,5.42,0.84,0.46,1216.3,3047.3,30.5,7,0.92,1,Syngenta Quantis,1.25,28.18,25.57,2.61,4892.0,12752.0,10895.0
IND_FIELD_0077,Uttar Pradesh & Bihar,Cotton,4.94,6.22,168.2,25.9,152.3,20.6,23.1,19.9,5.5,0.89,9.88,0.41,2.5,0.68,0.79,1006.7,1913.9,23.2,4,0.894,1,Syngenta CropBio+ (Biostimulant),2.98,22.21,19.01,3.2,7121.0,22790.0,20696.0
IND_FIELD_0078,Punjab & Haryana (Indo-Gangetic),Tomato,12.2,6.71,185.3,35.4,102.7,37.5,7.2,22.0,9.3,1.06,10.31,0.61,4.38,0.52,0.54,1026.0,2452.8,31.0,2,0.92,0,None,0.0,292.24,291.68,0.56,2400.0,1335.0,1335.0
IND_FIELD_0079,Maharashtra & Vidarbha (Deccan),Soybean,4.87,7.72,125.3,35.7,262.0,37.6,15.1,12.2,3.8,0.76,5.11,0.84,3.25,0.29,0.18,640.6,2885.8,31.4,10,0.665,1,Syngenta Isabion,2.32,22.29,19.29,3.01,4892.0,14709.0,13054.0
IND_FIELD_0080,Punjab & Haryana (Indo-Gangetic),Wheat,12.24,6.74,208.3,27.3,225.4,46.7,11.9,30.5,11.5,1.24,4.75,0.42,3.4,0.72,0.44,776.7,1885.2,34.9,6,0.896,1,Syngenta Quantis,1.71,47.05,42.51,4.54,2275.0,10330.0,8372.0
IND_FIELD_0081,Karnataka & Tamil Nadu,Sugarcane,6.53,7.6,96.7,31.2,216.9,18.1,15.1,18.2,9.6,1.15,3.79,0.77,4.77,0.48,0.44,1253.0,2787.5,31.0,8,0.92,1,Syngenta CropBio+ (Biostimulant),1.91,597.18,519.28,77.9,340.0,26485.0,24480.0
IND_FIELD_0082,Andhra Pradesh & Telangana,Maize,13.15,6.1,144.4,53.5,92.9,25.4,6.4,11.8,10.1,0.37,7.3,0.21,6.47,0.58,0.83,533.5,2947.6,30.9,5,0.795,1,Syngenta Quantis,2.19,61.12,53.45,7.67,2225.0,17072.0,15265.0
IND_FIELD_0083,Maharashtra & Vidarbha (Deccan),Wheat,13.88,7.65,204.2,28.2,113.7,45.8,11.6,18.5,4.0,0.98,3.3,0.2,6.09,0.73,0.57,1265.0,2725.2,28.7,6,0.92,0,None,0.0,41.58,42.28,-0.69,2275.0,-1580.0,-1580.0
IND_FIELD_0084,Punjab & Haryana (Indo-Gangetic),Soybean,5.14,6.37,92.4,23.1,229.4,46.0,20.8,23.2,5.7,0.56,6.21,0.73,5.25,0.89,0.59,909.5,1818.1,33.3,5,0.879,1,Syngenta Quantis,2.59,22.83,20.13,2.7,4892.0,13218.0,11326.0
IND_FIELD_0085,Maharashtra & Vidarbha (Deccan),Rice (Paddy),8.59,7.43,79.8,22.5,129.9,39.6,16.0,21.3,4.3,0.91,3.74,0.73,4.97,0.83,0.65,1245.3,2052.2,35.0,6,0.92,1,Syngenta Isabion,2.63,43.04,37.59,5.45,2300.0,12540.0,10681.0
IND_FIELD_0086,Maharashtra & Vidarbha (Deccan),Wheat,14.29,7.16,219.1,31.7,201.0,41.0,14.1,25.3,6.5,1.35,6.16,0.75,4.35,0.57,0.69,752.1,2279.0,32.1,2,0.92,0,None,0.0,44.71,45.48,-0.76,2275.0,-1739.0,-1739.0
IND_FIELD_0087,Uttar Pradesh & Bihar,Soybean,8.82,8.03,121.7,44.7,210.8,20.7,11.1,11.2,10.1,1.27,3.49,0.85,7.35,0.52,0.59,771.9,2127.2,30.0,4,0.884,0,None,0.0,21.69,21.79,-0.1,4892.0,-504.0,-504.0
IND_FIELD_0088,Andhra Pradesh & Telangana,Rice (Paddy),13.0,6.73,183.1,20.9,148.0,33.4,11.4,16.3,9.4,0.74,9.3,0.28,5.08,0.42,0.32,1164.0,3147.7,23.0,7,0.92,0,None,0.0,46.15,45.82,0.33,2300.0,750.0,750.0
IND_FIELD_0089,Karnataka & Tamil Nadu,Soybean,9.98,5.96,64.6,42.5,307.6,24.9,12.9,28.0,9.9,0.62,4.73,0.36,3.4,0.51,0.76,1195.7,2712.2,31.4,6,0.92,1,Syngenta CropBio+ (Biostimulant),2.06,25.02,22.67,2.35,4892.0,11483.0,9593.0
IND_FIELD_0090,Maharashtra & Vidarbha (Deccan),Soybean,7.63,5.85,184.2,12.9,282.2,23.4,21.0,11.8,9.3,0.56,5.6,0.83,3.27,0.33,0.66,668.2,2215.8,31.2,7,0.777,1,Syngenta Isabion,1.59,24.93,21.79,3.14,4892.0,15358.0,13492.0
IND_FIELD_0091,Punjab & Haryana (Indo-Gangetic),Rice (Paddy),6.64,7.78,116.9,30.0,253.4,42.3,23.4,28.8,6.4,0.89,9.55,0.32,5.36,0.93,0.67,1374.2,3101.6,32.1,2,0.92,1,Syngenta Isabion,1.22,42.71,38.36,4.35,2300.0,10009.0,7986.0
IND_FIELD_0092,Uttar Pradesh & Bihar,Soybean,5.74,7.06,70.0,45.4,98.7,22.1,13.9,12.0,6.1,0.43,8.65,0.68,4.88,0.65,0.85,530.3,2836.8,23.6,5,0.733,0,None,0.0,18.31,18.97,-0.66,4892.0,-3224.0,-3224.0
IND_FIELD_0093,Uttar Pradesh & Bihar,Wheat,11.88,7.66,169.8,26.6,105.5,32.1,13.1,28.4,4.9,0.9,4.8,0.57,2.04,0.34,0.71,515.1,2198.5,30.5,10,0.814,1,Syngenta Isabion,1.67,44.12,38.62,5.5,2275.0,12505.0,10739.0
IND_FIELD_0094,Andhra Pradesh & Telangana,Maize,7.75,6.36,103.3,36.2,198.3,46.2,21.2,17.9,12.4,0.3,3.72,0.26,6.57,0.5,0.73,1015.7,2330.4,25.8,7,0.92,1,Syngenta Quantis,2.07,56.08,48.78,7.3,2225.0,16252.0,14277.0
IND_FIELD_0095,Uttar Pradesh & Bihar,Groundnut (Peanut),9.12,6.63,129.6,20.8,118.6,23.6,13.7,23.5,10.0,0.66,8.42,0.4,5.87,0.63,0.82,1136.6,2079.2,31.9,9,0.92,0,None,0.0,24.45,23.38,1.07,6783.0,7235.0,7235.0
IND_FIELD_0096,Maharashtra & Vidarbha (Deccan),Cotton,8.92,5.87,74.5,43.9,314.8,47.3,15.9,13.4,5.5,0.54,6.05,0.56,5.64,0.62,0.26,1362.8,3159.5,25.1,3,0.92,0,None,0.0,21.1,20.58,0.52,7121.0,3683.0,3683.0
IND_FIELD_0097,Andhra Pradesh & Telangana,Cotton,9.85,8.11,86.5,14.2,118.0,47.8,10.2,11.5,5.4,1.37,8.79,0.8,2.38,0.27,0.5,834.7,2524.2,30.9,4,0.92,1,Syngenta Quantis,2.91,22.61,19.65,2.96,7121.0,21101.0,19207.0
IND_FIELD_0098,Maharashtra & Vidarbha (Deccan),Soybean,13.02,7.4,113.6,48.7,197.0,34.7,19.4,14.8,12.7,1.1,6.45,0.7,3.99,0.92,0.56,474.0,3054.5,25.8,3,0.789,0,None,0.0,22.87,23.8,-0.93,4892.0,-4535.0,-4535.0
IND_FIELD_0099,Punjab & Haryana (Indo-Gangetic),Sugarcane,14.29,8.04,76.2,20.5,167.4,23.1,15.6,12.8,11.3,0.68,5.73,0.64,7.14,0.44,0.38,1022.8,2285.1,22.1,5,0.92,0,None,0.0,600.02,599.69,0.33,340.0,111.0,111.0
IND_FIELD_0100,Punjab & Haryana (Indo-Gangetic),Maize,7.98,6.44,223.9,49.6,233.5,27.5,20.6,16.9,10.4,0.4,6.49,0.55,6.74,0.26,0.74,725.2,3005.2,30.2,4,0.804,0,None,0.0,51.78,52.71,-0.92,2225.0,-2054.0,-2054.0
IND_FIELD_0101,Punjab & Haryana (Indo-Gangetic),Soybean,12.6,7.27,61.1,27.2,111.0,30.7,20.1,21.3,7.8,0.87,8.66,0.41,3.57,0.3,0.68,861.3,1875.4,23.5,6,0.92,0,None,0.0,23.05,22.72,0.33,4892.0,1625.0,1625.0
IND_FIELD_0102,Andhra Pradesh & Telangana,Tur / Pigeon Pea (Arhar),11.91,7.43,147.1,43.1,183.3,27.3,9.9,23.0,6.3,0.53,9.79,0.28,2.86,0.66,0.65,914.0,3174.9,30.6,3,0.92,1,Syngenta CropBio+ (Biostimulant),2.41,20.98,18.97,2.01,7550.0,15191.0,13441.0
IND_FIELD_0103,Maharashtra & Vidarbha (Deccan),Soybean,9.81,6.56,82.2,25.7,145.9,26.4,18.9,27.4,13.8,0.89,3.56,0.49,4.47,0.35,0.85,511.3,3076.8,34.0,6,0.751,1,Syngenta Quantis,2.41,24.77,21.13,3.63,4892.0,17781.0,15969.0
IND_FIELD_0104,Andhra Pradesh & Telangana,Wheat,14.02,7.84,115.4,51.0,293.1,47.2,20.4,24.4,11.9,1.22,7.03,0.22,3.96,0.28,0.33,911.7,2308.5,34.6,7,0.92,1,Syngenta Quantis,2.65,47.35,42.19,5.16,2275.0,11733.0,10126.0
IND_FIELD_0105,Karnataka & Tamil Nadu,Maize,5.71,8.07,226.7,17.4,89.7,22.6,12.2,23.4,6.7,0.98,3.44,0.35,5.75,0.52,0.66,855.0,2884.6,25.1,4,0.907,1,Syngenta Quantis,2.4,53.22,47.52,5.71,2225.0,12702.0,10680.0
IND_FIELD_0106,Punjab & Haryana (Indo-Gangetic),Gram / Chickpea (Chana),4.7,7.92,89.1,19.7,299.3,40.0,9.1,19.1,12.4,1.0,6.62,0.5,7.32,0.69,0.54,1126.9,2853.2,32.5,8,0.92,1,Syngenta Quantis,2.57,18.8,16.97,1.83,5440.0,9959.0,7882.0
IND_FIELD_0107,Maharashtra & Vidarbha (Deccan),Maize,12.89,7.57,233.8,33.2,279.9,18.0,6.0,20.4,11.5,0.9,9.66,0.49,4.0,0.33,0.37,1063.4,3061.8,26.6,7,0.92,1,Syngenta Quantis,2.76,65.91,58.36,7.55,2225.0,16793.0,15163.0
IND_FIELD_0108,Uttar Pradesh & Bihar,Groundnut (Peanut),8.33,6.47,97.0,15.5,151.4,35.9,14.1,19.1,6.6,1.32,5.84,0.23,2.34,0.47,0.26,626.0,2230.2,33.7,5,0.772,0,None,0.0,22.0,22.27,-0.27,6783.0,-1826.0,-1826.0
IND_FIELD_0109,Punjab & Haryana (Indo-Gangetic),Rice (Paddy),12.82,6.48,193.5,20.4,269.4,45.5,12.3,28.5,8.0,1.33,10.01,0.61,6.94,0.54,0.78,645.8,2451.7,32.2,8,0.91,1,Syngenta CropBio+ (Biostimulant),2.79,52.24,45.76,6.48,2300.0,14899.0,12819.0
IND_FIELD_0110,Punjab & Haryana (Indo-Gangetic),Groundnut (Peanut),13.32,8.11,158.4,52.6,87.5,26.6,16.0,15.1,5.5,0.86,7.8,0.58,2.21,0.36,0.57,688.5,3011.0,23.0,7,0.92,0,None,0.0,26.25,27.26,-1.01,6783.0,-6827.0,-6827.0
IND_FIELD_0111,Maharashtra & Vidarbha (Deccan),Soybean,4.19,5.82,219.2,54.0,312.0,23.6,9.4,10.1,4.7,0.64,10.02,0.25,7.24,0.6,0.73,620.0,2890.0,27.3,3,0.774,1,Syngenta Quantis,2.84,22.89,20.44,2.45,4892.0,11972.0,9973.0
IND_FIELD_0112,Punjab & Haryana (Indo-Gangetic),Gram / Chickpea (Chana),13.22,7.52,159.7,28.2,206.4,37.6,21.5,24.3,11.1,0.81,8.73,0.86,5.66,0.31,0.53,1074.4,2350.9,26.4,3,0.92,1,Syngenta Quantis,1.68,24.76,22.31,2.45,5440.0,13316.0,11657.0
IND_FIELD_0113,Karnataka & Tamil Nadu,Wheat,8.43,7.49,156.2,51.7,152.8,39.4,10.6,14.5,6.3,0.51,3.96,0.27,7.18,0.28,0.3,1394.7,2984.0,32.2,5,0.92,0,None,0.0,36.85,36.35,0.51,2275.0,1150.0,1150.0
IND_FIELD_0114,Uttar Pradesh & Bihar,Groundnut (Peanut),9.11,7.29,95.2,35.4,167.0,38.6,10.1,29.6,12.1,1.0,4.89,0.8,3.1,0.61,0.39,1069.5,1865.7,27.3,5,0.92,0,None,0.0,23.91,23.84,0.07,6783.0,487.0,487.0
IND_FIELD_0115,Andhra Pradesh & Telangana,Wheat,10.39,8.18,89.9,23.6,95.9,27.6,14.7,28.9,14.0,0.85,6.08,0.2,2.22,0.42,0.42,1026.3,2894.9,30.9,4,0.92,0,None,0.0,36.2,35.36,0.84,2275.0,1901.0,1901.0
IND_FIELD_0116,Karnataka & Tamil Nadu,Sugarcane,13.69,6.55,225.0,42.2,317.4,25.6,15.0,11.7,4.3,0.41,4.44,0.82,4.69,0.32,0.83,839.4,2089.5,29.8,5,0.92,0,None,0.0,688.34,687.57,0.76,340.0,259.0,259.0
IND_FIELD_0117,Uttar Pradesh & Bihar,Wheat,3.71,6.62,119.0,40.3,89.4,46.7,9.9,12.3,8.5,0.52,6.81,0.21,4.48,0.55,0.15,747.0,2200.6,34.7,7,0.823,1,Syngenta Quantis,1.91,36.69,31.11,5.58,2275.0,12686.0,10644.0
IND_FIELD_0118,Punjab & Haryana (Indo-Gangetic),Maize,8.75,5.99,127.0,54.5,237.2,45.7,10.9,20.9,11.9,0.83,6.64,0.73,3.82,0.89,0.84,1315.5,2490.5,34.2,5,0.92,1,Syngenta Quantis,1.24,56.67,50.86,5.82,2225.0,12940.0,11097.0
IND_FIELD_0119,Karnataka & Tamil Nadu,Soybean,11.06,6.86,196.8,23.4,186.3,31.7,9.1,23.4,11.8,1.28,10.18,0.45,7.27,0.76,0.84,1370.6,2429.6,27.6,3,0.92,1,Syngenta Quantis,2.89,26.25,24.58,1.67,4892.0,8151.0,6192.0
IND_FIELD_0120,Andhra Pradesh & Telangana,Soybean,11.45,6.43,121.0,40.9,307.7,43.4,18.9,16.0,11.5,0.92,6.37,0.72,6.52,0.82,0.85,921.9,2528.8,31.4,6,0.92,1,Syngenta CropBio+ (Biostimulant),1.41,27.5,24.3,3.2,4892.0,15670.0,13704.0
IND_FIELD_0121,Uttar Pradesh & Bihar,Cotton,11.12,6.62,231.4,14.2,139.0,31.6,19.9,25.8,7.2,1.05,8.94,0.48,5.64,0.86,0.48,725.7,2562.7,32.8,3,0.906,0,None,0.0,23.46,23.2,0.26,7121.0,1840.0,1840.0
IND_FIELD_0122,Karnataka & Tamil Nadu,Cotton,4.98,7.8,192.8,16.9,207.7,30.7,14.3,23.1,8.3,0.67,10.08,0.25,2.9,0.93,0.82,1181.6,2264.1,33.7,2,0.92,0,None,0.0,19.1,19.92,-0.82,7121.0,-5823.0,-5823.0
IND_FIELD_0123,Maharashtra & Vidarbha (Deccan),Gram / Chickpea (Chana),6.79,8.05,167.5,12.2,195.8,22.7,18.9,17.1,9.7,0.93,9.6,0.74,6.04,0.78,0.43,575.8,2045.3,22.9,9,0.759,1,Syngenta Isabion,2.66,20.43,17.17,3.27,5440.0,17768.0,16088.0
IND_FIELD_0124,Punjab & Haryana (Indo-Gangetic),Cotton,7.45,6.25,218.6,55.0,248.7,30.8,19.2,10.6,13.7,0.79,4.72,0.25,6.0,0.68,0.17,1177.3,2875.9,25.9,5,0.92,1,Syngenta CropBio+ (Biostimulant),2.55,24.9,22.02,2.88,7121.0,20501.0,18873.0
IND_FIELD_0125,Punjab & Haryana (Indo-Gangetic),Onion,12.35,6.69,68.9,46.5,96.3,34.1,8.5,26.5,6.9,1.03,6.82,0.85,4.34,0.51,0.31,1228.0,2360.0,26.2,13,0.92,1,Syngenta Quantis,2.34,247.38,216.46,30.91,2800.0,86557.0,84805.0
IND_FIELD_0126,Maharashtra & Vidarbha (Deccan),Rice (Paddy),6.57,8.03,106.3,45.8,126.5,18.7,23.4,14.7,13.2,0.36,5.74,0.24,7.09,0.38,0.81,568.7,2508.2,27.6,5,0.722,0,None,0.0,34.66,34.73,-0.07,2300.0,-164.0,-164.0
IND_FIELD_0127,Uttar Pradesh & Bihar,Cotton,5.82,5.95,143.7,33.9,131.5,31.3,20.8,28.4,6.3,0.84,6.12,0.54,2.92,0.73,0.16,1378.0,2702.6,24.2,8,0.92,1,Syngenta Quantis,1.38,22.61,18.79,3.82,7121.0,27168.0,25537.0
IND_FIELD_0128,Karnataka & Tamil Nadu,Groundnut (Peanut),14.03,6.02,100.9,24.9,257.2,41.4,9.7,19.2,13.9,0.63,5.83,0.71,3.47,0.95,0.53,1386.2,3073.5,28.5,4,0.92,1,Syngenta Quantis,2.64,29.37,26.51,2.85,6783.0,19357.0,17548.0
IND_FIELD_0129,Punjab & Haryana (Indo-Gangetic),Sugarcane,3.6,6.19,193.9,18.5,125.4,38.4,9.4,22.7,10.5,0.66,9.23,0.48,2.35,0.58,0.2,1339.9,2790.6,30.6,4,0.92,1,Syngenta Isabion,2.41,563.43,499.09,64.34,340.0,21876.0,20176.0
IND_FIELD_0130,Andhra Pradesh & Telangana,Wheat,14.48,7.23,225.5,24.2,217.6,37.1,8.3,29.2,8.4,1.36,6.5,0.35,6.37,0.76,0.35,921.2,1863.6,28.5,5,0.92,1,Syngenta CropBio+ (Biostimulant),1.77,49.17,44.45,4.72,2275.0,10743.0,8748.0
IND_FIELD_0131,Maharashtra & Vidarbha (Deccan),Wheat,10.95,6.16,136.3,28.2,131.7,45.3,8.5,29.0,9.9,0.5,7.02,0.73,5.42,0.6,0.21,683.8,2974.0,30.7,8,0.8,1,Syngenta CropBio+ (Biostimulant),2.18,42.9,36.73,6.17,2275.0,14038.0,12148.0
IND_FIELD_0132,Punjab & Haryana (Indo-Gangetic),Maize,12.61,8.12,121.6,44.5,286.8,18.5,19.5,18.2,6.4,0.64,10.37,0.75,3.73,0.55,0.75,1002.9,3185.1,22.9,3,0.92,0,None,0.0,56.19,56.02,0.17,2225.0,385.0,385.0
IND_FIELD_0133,Punjab & Haryana (Indo-Gangetic),Cotton,6.74,6.87,233.1,35.2,306.1,34.7,14.5,14.6,6.4,0.86,3.64,0.85,2.9,0.54,0.56,848.9,2461.5,33.4,8,0.871,1,Syngenta Quantis,2.53,24.03,22.75,1.28,7121.0,9093.0,7350.0
IND_FIELD_0134,Maharashtra & Vidarbha (Deccan),Tomato,3.66,7.0,140.1,15.3,204.4,41.6,20.1,27.1,4.7,1.25,6.76,0.46,2.22,0.6,0.78,645.7,3157.4,34.2,6,0.68,0,None,0.0,216.68,217.69,-1.01,2400.0,-2432.0,-2432.0
IND_FIELD_0135,Karnataka & Tamil Nadu,Onion,11.62,6.39,148.0,12.8,164.6,34.2,19.4,19.5,4.7,0.76,8.85,0.55,2.92,0.51,0.63,852.5,2566.3,30.0,7,0.858,1,Syngenta Quantis,1.38,248.26,221.64,26.62,2800.0,74546.0,72729.0
IND_FIELD_0136,Maharashtra & Vidarbha (Deccan),Sugarcane,12.68,6.93,123.3,16.4,136.2,27.7,16.9,14.2,7.2,1.12,4.3,0.45,4.49,0.77,0.83,1080.7,2443.5,33.5,4,0.92,1,Syngenta CropBio+ (Biostimulant),1.38,674.3,613.52,60.77,340.0,20663.0,19035.0
IND_FIELD_0137,Andhra Pradesh & Telangana,Cotton,11.65,7.39,223.7,29.7,91.9,22.1,18.4,29.9,11.5,1.24,7.66,0.38,3.36,0.86,0.51,517.4,2264.0,23.7,1,0.841,1,Syngenta Quantis,1.73,25.54,23.71,1.83,7121.0,13038.0,11105.0
IND_FIELD_0138,Uttar Pradesh & Bihar,Maize,5.07,7.6,162.4,52.1,144.4,44.6,6.3,14.4,9.9,0.64,4.95,0.73,3.42,0.87,0.6,766.7,2720.6,32.4,5,0.8,0,None,0.0,44.83,44.4,0.43,2225.0,957.0,957.0
IND_FIELD_0139,Maharashtra & Vidarbha (Deccan),Soybean,11.79,7.61,197.2,39.4,237.0,32.1,11.6,10.6,4.6,0.73,9.53,0.44,6.82,0.41,0.55,466.9,2121.7,23.5,1,0.768,0,None,0.0,24.34,23.56,0.78,4892.0,3801.0,3801.0
IND_FIELD_0140,Karnataka & Tamil Nadu,Soybean,11.96,7.19,206.1,46.5,208.1,44.3,17.5,10.4,12.4,0.69,5.59,0.5,4.83,0.88,0.49,1162.0,1946.9,27.3,6,0.92,1,Syngenta Isabion,1.99,28.12,25.76,2.36,4892.0,11558.0,9813.0
IND_FIELD_0141,Karnataka & Tamil Nadu,Cotton,10.74,7.97,121.5,32.1,306.6,35.6,6.2,23.7,9.8,1.22,5.6,0.48,6.01,0.49,0.74,1058.7,1838.1,26.2,4,0.92,0,None,0.0,21.89,21.82,0.07,7121.0,481.0,481.0
IND_FIELD_0142,Maharashtra & Vidarbha (Deccan),Wheat,11.93,7.76,138.1,27.6,175.1,38.2,6.6,24.6,13.6,0.35,7.57,0.7,2.2,0.47,0.6,509.5,2209.3,29.6,7,0.811,0,None,0.0,36.95,37.7,-0.75,2275.0,-1697.0,-1697.0
IND_FIELD_0143,Maharashtra & Vidarbha (Deccan),Mustard / Rapeseed,12.81,7.62,212.7,16.7,246.5,42.1,21.3,16.8,10.5,0.64,4.54,0.84,4.01,0.76,0.71,1366.5,2354.1,25.9,4,0.92,0,None,0.0,31.14,30.42,0.71,5650.0,4036.0,4036.0
IND_FIELD_0144,Maharashtra & Vidarbha (Deccan),Maize,10.25,5.93,125.4,49.7,197.4,37.8,18.3,17.0,5.3,1.05,5.28,0.67,4.64,0.46,0.7,471.5,2572.9,30.3,8,0.748,1,Syngenta CropBio+ (Biostimulant),1.28,57.56,49.69,7.86,2225.0,17498.0,15478.0
IND_FIELD_0145,Maharashtra & Vidarbha (Deccan),Maize,4.47,5.82,202.9,45.7,203.0,29.9,10.8,17.5,8.5,0.92,6.24,0.53,3.03,0.29,0.28,1010.5,2209.8,26.8,2,0.9,0,None,0.0,47.48,47.48,-0.0,2225.0,-0.0,-0.0
IND_FIELD_0146,Punjab & Haryana (Indo-Gangetic),Rice (Paddy),8.86,6.31,229.4,19.2,144.3,33.4,18.4,25.0,10.3,0.78,5.78,0.75,2.66,0.51,0.61,1187.5,3177.7,33.2,7,0.92,1,Syngenta Isabion,2.72,47.97,42.07,5.9,2300.0,13574.0,11559.0
IND_FIELD_0147,Andhra Pradesh & Telangana,Rice (Paddy),4.35,7.39,172.2,34.0,189.2,42.1,20.3,11.3,3.8,0.89,7.03,0.65,6.79,0.76,0.29,1198.5,2208.4,30.2,6,0.92,0,None,0.0,38.07,38.18,-0.11,2300.0,-251.0,-251.0
IND_FIELD_0148,Andhra Pradesh & Telangana,Rice (Paddy),7.98,6.79,193.5,33.0,193.0,29.2,11.5,30.4,3.7,0.52,7.58,0.24,7.17,0.48,0.56,482.6,2417.4,24.8,4,0.719,1,Syngenta Isabion,2.36,45.91,39.07,6.83,2300.0,15712.0,14102.0
IND_FIELD_0149,Punjab & Haryana (Indo-Gangetic),Tomato,7.98,6.77,204.9,38.9,249.6,29.6,6.6,14.9,4.9,0.77,7.34,0.27,2.43,0.69,0.62,1311.1,1944.6,26.4,5,0.92,0,None,0.0,273.95,274.04,-0.09,2400.0,-224.0,-224.0
IND_FIELD_0150,Maharashtra & Vidarbha (Deccan),Soybean,4.23,7.92,212.1,52.7,305.8,20.9,22.8,32.0,6.1,0.85,7.98,0.23,3.92,0.71,0.85,1322.5,2164.9,33.0,8,0.92,1,Syngenta Isabion,2.09,24.63,21.77,2.86,4892.0,13976.0,12309.0
IND_FIELD_0151,Karnataka & Tamil Nadu,Mustard / Rapeseed,7.34,7.95,131.1,36.9,159.0,45.4,12.2,13.8,8.0,1.29,5.45,0.52,7.27,0.76,0.17,983.3,1867.7,27.0,6,0.92,1,Syngenta Isabion,2.5,27.79,24.03,3.76,5650.0,21241.0,19580.0
IND_FIELD_0152,Punjab & Haryana (Indo-Gangetic),Wheat,4.72,7.98,69.2,35.2,90.1,20.7,7.9,27.0,8.6,0.59,4.12,0.78,2.46,0.88,0.21,908.0,2583.3,29.0,4,0.818,0,None,0.0,29.25,29.36,-0.11,2275.0,-250.0,-250.0
IND_FIELD_0153,Punjab & Haryana (Indo-Gangetic),Rice (Paddy),12.39,6.55,132.3,14.2,199.1,37.4,14.9,14.9,4.9,1.25,8.75,0.42,5.54,0.55,0.2,492.6,2851.5,30.4,4,0.822,1,Syngenta Quantis,2.06,48.11,41.93,6.18,2300.0,14214.0,12232.0
IND_FIELD_0154,Maharashtra & Vidarbha (Deccan),Maize,13.92,7.46,181.3,14.7,210.7,30.4,19.8,11.8,10.6,1.01,9.41,0.47,7.35,0.37,0.43,983.9,2074.0,26.5,7,0.92,1,Syngenta Quantis,1.41,64.82,58.43,6.39,2225.0,14220.0,12139.0
IND_FIELD_0155,Karnataka & Tamil Nadu,Wheat,4.3,6.45,141.1,20.1,120.4,30.2,10.0,29.2,9.8,0.32,5.08,0.84,7.38,0.47,0.73,838.9,2315.1,25.8,8,0.823,0,None,0.0,30.92,31.44,-0.53,2275.0,-1200.0,-1200.0
IND_FIELD_0156,Punjab & Haryana (Indo-Gangetic),Gram / Chickpea (Chana),14.01,6.26,194.8,13.4,262.5,38.4,10.9,28.9,6.6,1.1,6.17,0.79,4.59,0.55,0.74,1184.2,1823.3,28.2,6,0.92,1,Syngenta Quantis,2.23,24.71,22.03,2.68,5440.0,14591.0,12646.0
IND_FIELD_0157,Andhra Pradesh & Telangana,Gram / Chickpea (Chana),9.25,6.24,124.3,44.0,316.4,20.0,10.4,18.9,3.6,0.34,6.84,0.67,2.9,0.75,0.67,833.7,2975.3,24.8,4,0.864,1,Syngenta Quantis,2.16,21.19,19.79,1.41,5440.0,7653.0,5736.0
IND_FIELD_0158,Uttar Pradesh & Bihar,Rice (Paddy),6.8,6.62,174.3,43.1,307.0,35.8,23.9,25.5,4.3,1.4,7.09,0.39,3.11,0.26,0.78,1099.4,2891.9,25.7,3,0.92,0,None,0.0,42.2,41.8,0.4,2300.0,926.0,926.0
IND_FIELD_0159,Punjab & Haryana (Indo-Gangetic),Cotton,4.35,6.83,93.6,17.9,127.3,41.2,9.6,22.3,7.6,1.26,8.01,0.28,6.89,0.47,0.38,546.3,1888.6,22.8,4,0.712,0,None,0.0,16.79,16.55,0.24,7121.0,1699.0,1699.0
IND_FIELD_0160,Uttar Pradesh & Bihar,Wheat,9.01,7.79,194.9,48.0,290.1,42.8,16.4,28.8,5.1,0.63,3.5,0.21,7.01,0.8,0.21,576.3,2310.8,26.0,6,0.78,1,Syngenta Isabion,2.99,43.52,37.07,6.46,2275.0,14687.0,12791.0
IND_FIELD_0161,Maharashtra & Vidarbha (Deccan),Tur / Pigeon Pea (Arhar),12.24,6.09,158.2,18.7,249.1,23.1,22.7,16.9,7.5,0.58,8.47,0.27,5.34,0.72,0.19,582.7,3137.4,26.2,6,0.809,1,Syngenta CropBio+ (Biostimulant),2.32,20.05,17.81,2.24,7550.0,16915.0,14935.0
IND_FIELD_0162,Andhra Pradesh & Telangana,Cotton,11.28,7.56,96.7,25.0,188.9,44.9,8.6,21.5,10.1,0.72,3.65,0.4,6.21,0.76,0.75,493.2,2348.8,34.5,8,0.804,1,Syngenta Isabion,2.55,23.14,20.22,2.92,7121.0,20824.0,19127.0
IND_FIELD_0163,Andhra Pradesh & Telangana,Sugarcane,4.05,7.08,112.5,22.7,209.7,37.7,23.5,20.7,9.2,0.69,6.62,0.59,6.07,0.82,0.66,964.3,2536.7,29.7,5,0.888,1,Syngenta Quantis,1.55,566.22,500.78,65.44,340.0,22249.0,20469.0
IND_FIELD_0164,Andhra Pradesh & Telangana,Sugarcane,4.3,6.49,194.7,28.0,283.9,44.5,23.1,17.8,5.9,0.71,9.24,0.24,5.64,0.8,0.64,1204.3,2297.3,32.2,2,0.92,0,None,0.0,549.74,549.13,0.61,340.0,208.0,208.0
IND_FIELD_0165,Punjab & Haryana (Indo-Gangetic),Maize,7.93,6.98,146.9,23.0,195.2,32.6,21.9,29.6,7.1,0.65,6.49,0.3,6.55,0.73,0.39,1029.9,2634.6,22.6,6,0.919,0,None,0.0,50.46,50.59,-0.13,2225.0,-284.0,-284.0
IND_FIELD_0166,Uttar Pradesh & Bihar,Soybean,6.75,6.52,98.9,33.0,169.6,34.3,9.9,13.6,9.9,0.98,4.29,0.33,5.77,0.56,0.42,996.2,3169.4,23.4,5,0.904,1,Syngenta CropBio+ (Biostimulant),1.26,23.55,20.68,2.87,4892.0,14024.0,12039.0
IND_FIELD_0167,Maharashtra & Vidarbha (Deccan),Maize,6.06,7.23,234.1,29.5,198.4,45.6,17.4,13.3,12.5,0.48,10.39,0.64,4.94,0.94,0.82,1096.6,3196.5,32.6,4,0.92,1,Syngenta Isabion,1.78,57.9,50.25,7.65,2225.0,17024.0,15357.0
IND_FIELD_0168,Punjab & Haryana (Indo-Gangetic),Gram / Chickpea (Chana),6.59,6.84,188.7,54.4,219.0,45.0,19.7,22.7,11.4,1.23,9.69,0.63,3.3,0.65,0.19,772.7,2884.6,30.1,6,0.849,0,None,0.0,19.83,20.44,-0.62,5440.0,-3346.0,-3346.0
IND_FIELD_0169,Punjab & Haryana (Indo-Gangetic),Cotton,12.34,6.19,232.3,14.4,125.4,31.4,23.7,24.5,9.3,1.19,8.83,0.59,6.09,0.39,0.69,793.9,2366.0,24.5,10,0.875,1,Syngenta Quantis,2.24,27.38,23.49,3.9,7121.0,27759.0,26040.0
IND_FIELD_0170,Andhra Pradesh & Telangana,Cotton,13.72,6.08,136.9,18.1,296.2,26.2,9.2,14.3,7.3,0.82,6.2,0.38,4.6,0.45,0.37,748.6,2492.2,27.3,10,0.908,1,Syngenta CropBio+ (Biostimulant),2.8,26.31,23.31,2.99,7121.0,21325.0,19695.0
IND_FIELD_0171,Andhra Pradesh & Telangana,Onion,7.96,7.11,145.5,14.3,241.8,29.8,19.8,18.6,7.3,1.24,4.54,0.46,3.62,0.74,0.18,1126.5,2299.4,29.0,6,0.92,1,Syngenta Isabion,2.59,237.85,211.62,26.23,2800.0,73441.0,71705.0
IND_FIELD_0172,Punjab & Haryana (Indo-Gangetic),Cotton,13.47,7.97,221.6,38.9,232.0,29.6,12.1,30.8,12.7,0.57,10.07,0.27,6.41,0.9,0.67,603.6,3179.8,33.0,5,0.861,0,None,0.0,24.91,24.86,0.05,7121.0,348.0,348.0
IND_FIELD_0173,Andhra Pradesh & Telangana,Mustard / Rapeseed,7.04,6.63,154.5,14.3,103.9,26.6,9.2,15.4,3.9,0.32,7.09,0.36,5.83,0.38,0.38,462.4,2790.9,22.8,3,0.671,0,None,0.0,22.38,22.54,-0.16,5650.0,-906.0,-906.0
IND_FIELD_0174,Punjab & Haryana (Indo-Gangetic),Wheat,8.74,7.56,187.3,48.0,225.0,26.1,13.6,24.7,13.9,0.98,9.42,0.83,7.16,0.31,0.66,1016.4,2428.5,29.8,5,0.92,1,Syngenta CropBio+ (Biostimulant),2.19,43.78,39.15,4.63,2275.0,10533.0,8925.0
IND_FIELD_0175,Andhra Pradesh & Telangana,Cotton,5.99,7.38,105.4,34.0,109.0,43.8,20.3,26.3,10.5,0.8,5.7,0.89,2.91,0.87,0.65,1345.3,1817.0,31.3,10,0.92,1,Syngenta Isabion,2.6,22.33,18.6,3.73,7121.0,26548.0,24596.0
IND_FIELD_0176,Punjab & Haryana (Indo-Gangetic),Gram / Chickpea (Chana),10.55,8.04,140.4,34.7,98.9,20.1,14.4,19.9,10.7,0.92,5.65,0.65,5.57,0.89,0.52,1028.9,2528.7,34.7,6,0.92,0,None,0.0,20.4,20.07,0.33,5440.0,1784.0,1784.0
IND_FIELD_0177,Andhra Pradesh & Telangana,Rice (Paddy),14.27,7.77,82.2,36.1,206.6,38.3,15.7,30.6,3.9,1.29,10.39,0.84,3.34,0.44,0.69,1193.8,3177.5,32.5,5,0.92,1,Syngenta Isabion,1.37,49.09,44.47,4.62,2300.0,10617.0,8902.0
IND_FIELD_0178,Maharashtra & Vidarbha (Deccan),Wheat,10.14,7.16,97.1,19.3,176.7,23.2,23.9,26.2,9.9,1.37,7.01,0.65,6.97,0.51,0.56,1089.2,2532.3,25.6,3,0.92,0,None,0.0,37.49,37.54,-0.04,2275.0,-97.0,-97.0
IND_FIELD_0179,Karnataka & Tamil Nadu,Rice (Paddy),7.44,7.38,60.2,20.5,221.3,28.3,13.2,20.1,8.6,1.0,4.23,0.22,2.55,0.71,0.35,922.6,2055.4,31.2,4,0.915,0,None,0.0,36.88,37.25,-0.37,2300.0,-851.0,-851.0
IND_FIELD_0180,Punjab & Haryana (Indo-Gangetic),Wheat,10.63,7.96,67.1,25.7,101.4,19.8,17.1,22.5,4.6,1.14,4.8,0.9,5.61,0.48,0.66,1132.5,1830.9,31.9,11,0.92,0,None,0.0,35.95,35.1,0.85,2275.0,1937.0,1937.0
IND_FIELD_0181,Maharashtra & Vidarbha (Deccan),Cotton,4.85,6.76,235.9,37.5,183.4,26.1,12.6,25.2,6.4,0.39,6.72,0.27,6.35,0.86,0.56,1232.9,2296.6,31.5,7,0.92,0,None,0.0,20.48,20.41,0.08,7121.0,548.0,548.0
IND_FIELD_0182,Punjab & Haryana (Indo-Gangetic),Rice (Paddy),13.28,6.58,103.6,21.0,121.9,41.1,13.1,23.0,12.8,0.48,3.51,0.68,3.95,0.33,0.16,663.5,3085.5,32.7,3,0.86,1,Syngenta Isabion,2.38,48.06,42.08,5.98,2300.0,13744.0,12085.0
IND_FIELD_0183,Karnataka & Tamil Nadu,Onion,9.03,5.83,179.4,17.0,316.9,44.6,18.5,29.3,9.3,1.11,6.58,0.38,7.25,0.28,0.78,769.3,3195.2,33.7,12,0.845,1,Syngenta CropBio+ (Biostimulant),2.05,247.95,215.85,32.1,2800.0,89884.0,87804.0
IND_FIELD_0184,Karnataka & Tamil Nadu,Cotton,8.44,7.78,211.0,53.7,214.7,24.6,22.9,17.9,7.8,0.77,6.26,0.47,6.68,0.4,0.53,662.5,3123.5,23.3,7,0.821,0,None,0.0,22.17,22.15,0.03,7121.0,193.0,193.0
IND_FIELD_0185,Maharashtra & Vidarbha (Deccan),Sugarcane,9.94,7.72,159.1,12.9,245.0,31.9,15.8,16.6,4.3,0.79,8.89,0.65,3.62,0.45,0.76,879.6,2821.2,23.4,2,0.92,1,Syngenta Quantis,2.63,651.39,587.87,63.52,340.0,21595.0,19592.0
IND_FIELD_0186,Andhra Pradesh & Telangana,Rice (Paddy),10.37,6.05,87.6,46.5,158.1,32.1,19.8,14.7,11.0,0.64,5.79,0.51,2.04,0.33,0.77,1290.8,2581.4,32.4,7,0.92,1,Syngenta CropBio+ (Biostimulant),2.66,46.12,40.63,5.49,2300.0,12619.0,10657.0
IND_FIELD_0187,Uttar Pradesh & Bihar,Groundnut (Peanut),4.29,7.18,191.1,45.9,102.7,44.2,7.6,10.8,10.9,0.97,10.37,0.38,3.63,0.3,0.46,777.9,2627.0,25.3,5,0.787,0,None,0.0,21.29,21.25,0.04,6783.0,291.0,291.0
IND_FIELD_0188,Andhra Pradesh & Telangana,Soybean,11.01,6.91,168.0,24.8,314.2,40.9,9.8,10.9,9.9,0.5,4.52,0.43,3.55,0.78,0.51,805.7,2554.6,22.8,3,0.864,1,Syngenta CropBio+ (Biostimulant),1.35,26.34,23.78,2.56,4892.0,12545.0,10886.0
IND_FIELD_0189,Andhra Pradesh & Telangana,Onion,6.16,6.08,191.6,17.8,148.7,33.4,15.0,29.1,8.9,0.99,7.51,0.44,6.89,0.36,0.44,1267.3,2789.9,27.2,11,0.92,1,Syngenta Quantis,1.82,231.16,199.75,31.41,2800.0,87953.0,85926.0
IND_FIELD_0190,Punjab & Haryana (Indo-Gangetic),Wheat,11.35,8.15,198.6,18.3,181.7,38.1,6.4,24.9,8.1,0.49,3.85,0.87,7.32,0.89,0.46,939.6,2386.4,32.7,6,0.92,1,Syngenta CropBio+ (Biostimulant),1.28,45.05,39.77,5.28,2275.0,12022.0,10082.0
IND_FIELD_0191,Punjab & Haryana (Indo-Gangetic),Cotton,12.55,6.32,235.6,42.0,236.0,43.4,10.6,24.5,9.7,0.37,8.56,0.76,2.39,0.51,0.78,958.7,2736.9,23.6,7,0.92,1,Syngenta Quantis,1.82,27.59,24.94,2.65,7121.0,18848.0,17102.0
IND_FIELD_0192,Karnataka & Tamil Nadu,Soybean,12.34,5.96,163.2,39.6,85.9,18.3,15.3,23.5,6.0,0.66,10.46,0.52,4.59,0.72,0.7,1267.8,1970.3,30.7,3,0.92,0,None,0.0,23.84,24.06,-0.22,4892.0,-1086.0,-1086.0
IND_FIELD_0193,Karnataka & Tamil Nadu,Cotton,9.58,7.23,121.5,45.7,274.5,30.1,6.3,28.7,13.4,0.55,9.18,0.34,5.02,0.41,0.24,916.0,2172.0,22.0,7,0.912,0,None,0.0,21.36,21.43,-0.08,7121.0,-559.0,-559.0
IND_FIELD_0194,Andhra Pradesh & Telangana,Wheat,9.22,7.57,176.7,52.3,208.8,45.2,10.8,20.6,9.7,1.28,7.26,0.77,2.51,0.42,0.58,1097.5,2970.4,23.4,6,0.92,1,Syngenta CropBio+ (Biostimulant),2.47,43.72,38.97,4.74,2275.0,10793.0,8991.0
IND_FIELD_0195,Maharashtra & Vidarbha (Deccan),Rice (Paddy),5.07,5.88,72.3,41.8,146.8,40.2,15.3,29.1,6.8,0.36,6.74,0.31,4.08,0.65,0.85,531.4,3065.2,26.6,3,0.651,1,Syngenta CropBio+ (Biostimulant),2.19,36.86,31.07,5.79,2300.0,13313.0,11625.0
IND_FIELD_0196,Maharashtra & Vidarbha (Deccan),Mustard / Rapeseed,12.03,7.38,221.5,18.7,94.8,34.3,16.3,17.9,8.2,0.49,9.3,0.35,3.74,0.64,0.57,619.7,2554.6,23.1,4,0.875,0,None,0.0,28.64,28.9,-0.27,5650.0,-1511.0,-1511.0
IND_FIELD_0197,Uttar Pradesh & Bihar,Rice (Paddy),6.49,7.08,81.5,22.5,119.0,33.9,22.7,30.4,12.0,0.9,10.03,0.46,4.95,0.79,0.7,834.2,1844.3,33.0,7,0.895,0,None,0.0,35.96,35.92,0.04,2300.0,97.0,97.0
IND_FIELD_0198,Karnataka & Tamil Nadu,Cotton,8.96,6.05,119.0,48.2,294.8,28.4,17.6,25.4,5.2,0.83,10.42,0.82,5.64,0.78,0.69,920.1,3097.8,33.2,5,0.92,1,Syngenta CropBio+ (Biostimulant),1.86,24.12,21.6,2.53,7121.0,17991.0,16159.0
IND_FIELD_0199,Karnataka & Tamil Nadu,Sugarcane,6.63,6.21,206.8,21.0,244.6,33.6,13.5,15.7,6.6,0.35,6.09,0.29,5.87,0.72,0.4,1367.4,2782.9,31.8,5,0.92,0,None,0.0,561.97,562.12,-0.16,340.0,-53.0,-53.0
IND_FIELD_0200,Uttar Pradesh & Bihar,Maize,4.97,7.16,167.5,15.1,140.0,37.7,22.7,22.4,10.6,0.31,10.43,0.29,2.75,0.56,0.41,1372.1,2379.6,25.2,6,0.92,0,None,0.0,46.07,46.18,-0.11,2225.0,-252.0,-252.0
IND_FIELD_0201,Andhra Pradesh & Telangana,Cotton,10.43,6.51,130.9,42.2,95.7,30.6,20.1,21.7,6.8,1.39,4.34,0.55,6.47,0.87,0.66,1258.6,2637.7,28.8,7,0.92,0,None,0.0,22.14,22.37,-0.23,7121.0,-1621.0,-1621.0
IND_FIELD_0202,Punjab & Haryana (Indo-Gangetic),Cotton,4.1,8.05,145.2,29.3,245.7,39.4,9.6,13.0,11.8,1.02,5.05,0.39,5.73,0.69,0.5,749.8,2401.7,24.4,9,0.774,0,None,0.0,17.85,17.89,-0.04,7121.0,-273.0,-273.0
IND_FIELD_0203,Punjab & Haryana (Indo-Gangetic),Soybean,11.74,7.76,213.8,51.6,217.4,43.8,8.4,23.0,4.9,0.7,3.85,0.6,6.89,0.94,0.55,1365.8,2451.5,25.7,2,0.92,0,None,0.0,25.01,25.43,-0.41,4892.0,-2027.0,-2027.0
IND_FIELD_0204,Karnataka & Tamil Nadu,Maize,6.99,8.16,121.2,40.0,177.1,22.6,18.2,16.9,11.5,0.82,5.18,0.52,4.47,0.82,0.65,1104.9,3041.5,28.7,3,0.911,1,Syngenta Quantis,2.25,53.5,46.05,7.44,2225.0,16565.0,14835.0
IND_FIELD_0205,Andhra Pradesh & Telangana,Sugarcane,3.5,6.42,216.5,15.9,167.3,31.5,16.1,11.2,4.2,0.59,8.81,0.5,6.92,0.28,0.69,823.3,2025.5,31.6,4,0.836,0,None,0.0,507.57,507.4,0.17,340.0,58.0,58.0
IND_FIELD_0206,Punjab & Haryana (Indo-Gangetic),Wheat,9.12,8.13,75.9,52.8,132.0,30.2,20.2,30.9,3.6,0.68,9.43,0.28,6.76,0.47,0.34,1116.6,1945.1,23.2,2,0.92,1,Syngenta Quantis,2.05,39.4,35.66,3.74,2275.0,8513.0,6484.0
IND_FIELD_0207,Punjab & Haryana (Indo-Gangetic),Mustard / Rapeseed,4.02,6.83,199.8,23.1,240.7,38.6,19.3,24.1,12.9,1.01,8.89,0.3,4.41,0.65,0.25,465.7,1803.8,25.9,10,0.645,1,Syngenta Isabion,1.62,26.94,23.21,3.74,5650.0,21117.0,19273.0
IND_FIELD_0208,Andhra Pradesh & Telangana,Groundnut (Peanut),6.54,6.63,212.6,26.5,313.0,25.5,17.3,29.3,9.6,1.27,7.81,0.77,4.1,0.76,0.35,588.8,2239.6,34.0,5,0.762,1,Syngenta CropBio+ (Biostimulant),1.89,27.72,24.59,3.13,6783.0,21222.0,19381.0
IND_FIELD_0209,Punjab & Haryana (Indo-Gangetic),Wheat,11.28,5.92,92.7,29.3,122.2,37.2,23.8,24.9,7.2,0.5,6.95,0.82,7.13,0.64,0.51,1238.2,2006.4,27.6,7,0.92,1,Syngenta Isabion,2.98,43.96,37.93,6.03,2275.0,13719.0,11809.0
IND_FIELD_0210,Punjab & Haryana (Indo-Gangetic),Mustard / Rapeseed,4.19,5.93,137.5,14.2,223.3,44.3,15.6,17.9,5.9,1.22,8.37,0.36,5.93,0.8,0.39,1063.3,2108.0,34.2,3,0.913,1,Syngenta Isabion,1.46,25.84,23.36,2.49,5650.0,14051.0,12067.0
IND_FIELD_0211,Andhra Pradesh & Telangana,Cotton,12.73,7.46,89.8,33.4,181.8,30.5,8.0,21.3,10.0,0.43,6.05,0.28,7.11,0.45,0.55,796.0,1815.7,34.9,11,0.92,0,None,0.0,21.99,21.53,0.46,7121.0,3242.0,3242.0
IND_FIELD_0212,Andhra Pradesh & Telangana,Soybean,3.54,6.9,187.2,17.3,187.2,45.3,20.9,24.9,8.8,0.54,9.34,0.24,6.38,0.38,0.19,925.6,2118.1,28.8,7,0.892,0,None,0.0,21.52,19.53,1.99,4892.0,9713.0,9713.0
IND_FIELD_0213,Andhra Pradesh & Telangana,Cotton,6.22,6.34,156.4,29.2,141.0,47.8,10.5,31.1,13.9,0.34,8.14,0.63,5.35,0.29,0.51,1309.9,2265.8,25.7,3,0.92,0,None,0.0,19.49,20.04,-0.56,7121.0,-3955.0,-3955.0
IND_FIELD_0214,Punjab & Haryana (Indo-Gangetic),Soybean,11.65,7.27,174.4,27.1,278.0,21.2,20.0,15.6,13.8,0.45,8.29,0.7,2.64,0.65,0.41,1050.0,1844.2,32.3,7,0.92,0,None,0.0,24.78,24.57,0.21,4892.0,1011.0,1011.0
IND_FIELD_0215,Uttar Pradesh & Bihar,Wheat,6.98,6.41,95.4,45.2,196.5,25.0,23.2,29.2,10.2,1.31,7.11,0.46,3.6,0.73,0.52,828.2,2651.1,24.1,10,0.873,1,Syngenta Quantis,2.69,40.8,35.15,5.65,2275.0,12860.0,11208.0
IND_FIELD_0216,Punjab & Haryana (Indo-Gangetic),Tur / Pigeon Pea (Arhar),4.62,7.19,98.1,46.5,210.4,46.5,18.5,30.3,8.2,0.81,9.66,0.68,7.33,0.48,0.45,564.3,2596.3,25.3,7,0.726,1,Syngenta CropBio+ (Biostimulant),2.19,16.89,14.62,2.27,7550.0,17171.0,15366.0
IND_FIELD_0217,Maharashtra & Vidarbha (Deccan),Soybean,7.46,6.66,67.5,18.6,153.1,46.7,16.7,24.7,8.7,0.39,5.04,0.7,3.76,0.68,0.35,729.1,1935.9,32.2,7,0.82,0,None,0.0,19.73,19.75,-0.02,4892.0,-108.0,-108.0
IND_FIELD_0218,Uttar Pradesh & Bihar,Soybean,6.47,7.78,118.0,27.8,123.6,20.9,14.3,30.5,10.7,1.36,5.98,0.85,2.51,0.29,0.78,1379.4,2633.0,27.6,4,0.92,1,Syngenta CropBio+ (Biostimulant),1.83,22.63,19.57,3.07,4892.0,15001.0,13132.0
IND_FIELD_0219,Andhra Pradesh & Telangana,Wheat,12.77,7.77,160.8,28.1,100.6,18.4,12.6,18.8,4.6,1.27,8.88,0.25,5.89,0.32,0.28,865.5,3198.1,24.6,3,0.92,1,Syngenta Isabion,2.52,44.57,39.7,4.87,2275.0,11084.0,9353.0
IND_FIELD_0220,Uttar Pradesh & Bihar,Tur / Pigeon Pea (Arhar),6.95,6.95,214.4,18.5,251.4,22.8,12.4,31.0,6.9,1.13,6.8,0.33,6.04,0.74,0.63,898.2,3122.3,30.5,3,0.856,0,None,0.0,16.44,17.08,-0.65,7550.0,-4878.0,-4878.0
IND_FIELD_0221,Andhra Pradesh & Telangana,Rice (Paddy),12.18,6.64,180.0,46.3,127.1,47.9,17.5,25.5,4.3,1.33,9.69,0.25,3.57,0.51,0.8,923.7,1803.7,31.5,5,0.92,1,Syngenta CropBio+ (Biostimulant),1.48,49.65,45.59,4.06,2300.0,9330.0,7341.0
IND_FIELD_0222,Andhra Pradesh & Telangana,Wheat,13.31,6.67,138.4,42.4,245.6,23.4,19.5,10.9,4.3,0.54,5.73,0.81,3.64,0.72,0.53,1289.9,2913.5,23.6,5,0.92,1,Syngenta Isabion,2.35,47.24,42.81,4.42,2275.0,10060.0,8243.0
IND_FIELD_0223,Punjab & Haryana (Indo-Gangetic),Soybean,8.27,7.73,231.6,20.2,173.7,33.1,18.2,30.0,5.6,1.22,5.9,0.75,4.58,0.83,0.76,1023.7,2295.0,25.6,4,0.92,0,None,0.0,23.1,23.22,-0.12,4892.0,-588.0,-588.0
IND_FIELD_0224,Maharashtra & Vidarbha (Deccan),Soybean,13.51,6.59,189.5,27.8,179.8,43.5,9.6,20.7,8.6,1.06,9.69,0.6,2.12,0.85,0.24,1109.0,1889.1,24.9,6,0.92,1,Syngenta CropBio+ (Biostimulant),2.69,28.04,25.57,2.47,4892.0,12082.0,10370.0
IND_FIELD_0225,Maharashtra & Vidarbha (Deccan),Tomato,7.65,6.3,227.4,16.5,192.6,18.6,14.9,20.1,11.7,1.26,6.59,0.26,6.34,0.37,0.5,819.9,2214.4,26.9,7,0.894,1,Syngenta Quantis,1.82,303.0,268.96,34.04,2400.0,81707.0,79654.0
IND_FIELD_0226,Punjab & Haryana (Indo-Gangetic),Onion,14.1,6.0,155.0,39.0,168.3,36.1,20.2,22.5,8.6,1.18,6.97,0.39,3.74,0.59,0.47,477.6,2250.4,31.9,6,0.832,1,Syngenta Quantis,2.58,267.93,234.81,33.12,2800.0,92735.0,90745.0
IND_FIELD_0227,Karnataka & Tamil Nadu,Soybean,4.48,6.92,106.6,17.2,104.1,26.3,14.6,13.3,7.0,0.68,5.63,0.41,6.7,0.76,0.16,1334.4,2532.5,31.3,6,0.92,1,Syngenta CropBio+ (Biostimulant),1.45,22.43,20.3,2.12,4892.0,10393.0,8775.0
IND_FIELD_0228,Maharashtra & Vidarbha (Deccan),Onion,11.06,6.96,69.5,54.4,154.3,43.9,15.7,20.3,4.4,1.15,5.22,0.59,6.41,0.79,0.46,1351.7,2725.5,30.6,1,0.92,1,Syngenta Isabion,2.87,240.1,216.69,23.4,2800.0,65526.0,63455.0
IND_FIELD_0229,Karnataka & Tamil Nadu,Sugarcane,8.93,7.82,190.7,45.6,239.3,26.5,19.9,28.3,9.3,0.59,7.99,0.38,5.64,0.8,0.41,1351.7,2848.7,22.1,2,0.92,0,None,0.0,594.83,595.55,-0.72,340.0,-244.0,-244.0
IND_FIELD_0230,Andhra Pradesh & Telangana,Mustard / Rapeseed,7.76,6.33,81.8,28.8,239.8,38.6,17.9,10.3,6.3,0.66,4.07,0.25,3.79,0.41,0.62,1346.5,2144.3,23.8,8,0.92,1,Syngenta Isabion,1.62,28.92,24.91,4.01,5650.0,22683.0,20757.0
IND_FIELD_0231,Uttar Pradesh & Bihar,Wheat,10.46,6.71,114.5,36.9,148.7,38.2,13.4,16.0,10.0,0.42,9.62,0.71,4.84,0.38,0.81,1224.5,2250.5,24.9,5,0.92,1,Syngenta Isabion,2.62,42.66,37.65,5.01,2275.0,11400.0,9524.0
IND_FIELD_0232,Andhra Pradesh & Telangana,Wheat,11.24,7.74,155.8,51.2,190.4,24.6,22.1,10.1,13.8,1.33,8.89,0.41,4.45,0.66,0.21,1100.4,2231.7,25.5,9,0.92,1,Syngenta Quantis,2.91,46.28,40.1,6.17,2275.0,14046.0,12422.0
IND_FIELD_0233,Andhra Pradesh & Telangana,Wheat,3.55,7.78,161.6,35.8,126.4,19.0,8.9,19.1,4.7,0.62,4.59,0.52,3.86,0.77,0.38,1252.3,2307.8,23.9,4,0.92,1,Syngenta Isabion,2.85,36.07,32.27,3.8,2275.0,8635.0,6888.0
IND_FIELD_0234,Maharashtra & Vidarbha (Deccan),Sugarcane,5.34,6.72,168.1,19.5,130.5,30.3,23.9,26.0,5.7,0.87,8.27,0.29,6.66,0.47,0.46,1020.5,3199.5,27.3,7,0.92,1,Syngenta Isabion,1.63,611.87,539.23,72.64,340.0,24698.0,22710.0
IND_FIELD_0235,Punjab & Haryana (Indo-Gangetic),Soybean,11.34,6.9,89.9,28.3,85.5,26.7,8.1,27.6,8.5,0.73,7.6,0.76,4.66,0.32,0.47,577.7,2889.1,23.0,4,0.777,0,None,0.0,21.68,21.11,0.57,4892.0,2790.0,2790.0
IND_FIELD_0236,Uttar Pradesh & Bihar,Soybean,10.83,6.53,128.4,48.3,295.2,42.3,6.3,30.8,13.7,1.36,4.55,0.6,6.58,0.75,0.69,821.7,3165.0,31.8,4,0.92,1,Syngenta Quantis,2.18,25.96,24.23,1.72,4892.0,8437.0,6597.0
IND_FIELD_0237,Maharashtra & Vidarbha (Deccan),Rice (Paddy),14.13,8.04,171.1,39.7,130.6,42.0,22.0,23.4,11.6,0.67,5.19,0.83,2.58,0.46,0.46,1372.7,2770.4,32.2,6,0.92,1,Syngenta Isabion,2.51,50.63,45.65,4.99,2300.0,11471.0,9522.0
IND_FIELD_0238,Punjab & Haryana (Indo-Gangetic),Maize,11.87,6.08,234.6,40.0,134.6,31.7,10.4,15.6,12.9,1.16,6.19,0.55,2.78,0.37,0.17,783.6,2368.8,29.5,7,0.851,0,None,0.0,56.05,56.15,-0.1,2225.0,-217.0,-217.0
IND_FIELD_0239,Andhra Pradesh & Telangana,Cotton,13.96,8.04,191.0,49.3,147.1,36.2,19.1,30.3,7.0,1.24,8.3,0.86,7.38,0.35,0.65,1274.4,2345.6,23.2,5,0.92,1,Syngenta Quantis,2.05,26.13,24.28,1.85,7121.0,13140.0,11124.0
IND_FIELD_0240,Punjab & Haryana (Indo-Gangetic),Sugarcane,11.23,7.44,226.1,50.4,110.6,36.1,20.6,27.1,13.9,0.78,7.86,0.82,5.23,0.47,0.77,538.6,2484.0,33.6,8,0.822,1,Syngenta Isabion,2.79,706.32,617.45,88.87,340.0,30217.0,28596.0
IND_FIELD_0241,Karnataka & Tamil Nadu,Onion,6.78,7.08,197.2,51.6,233.4,42.8,21.5,22.6,4.6,0.72,7.09,0.6,4.8,0.66,0.51,767.5,2383.6,34.6,3,0.819,0,None,0.0,211.74,210.86,0.88,2800.0,2460.0,2460.0
IND_FIELD_0242,Karnataka & Tamil Nadu,Soybean,4.66,5.88,166.5,16.1,98.0,30.8,23.8,25.3,4.1,1.12,8.81,0.85,4.88,0.5,0.56,783.4,2959.7,24.6,7,0.789,1,Syngenta CropBio+ (Biostimulant),2.62,22.08,19.99,2.09,4892.0,10211.0,8229.0
IND_FIELD_0243,Karnataka & Tamil Nadu,Sugarcane,12.1,6.94,94.6,35.4,112.2,26.3,11.3,30.3,12.5,1.3,8.73,0.43,3.18,0.26,0.26,499.0,2451.0,31.2,2,0.821,1,Syngenta CropBio+ (Biostimulant),2.47,646.84,575.17,71.67,340.0,24368.0,22312.0
IND_FIELD_0244,Maharashtra & Vidarbha (Deccan),Rice (Paddy),10.59,6.78,180.0,43.8,234.7,26.0,18.8,25.7,13.2,1.13,7.71,0.46,5.95,0.32,0.3,563.1,2213.9,32.9,4,0.786,1,Syngenta Isabion,2.42,48.74,43.27,5.47,2300.0,12573.0,10592.0
IND_FIELD_0245,Punjab & Haryana (Indo-Gangetic),Mustard / Rapeseed,4.03,6.19,172.2,44.5,161.5,34.1,8.1,18.1,4.5,0.55,8.95,0.23,2.47,0.45,0.31,633.5,2884.8,29.0,6,0.727,0,None,0.0,22.39,21.74,0.65,5650.0,3650.0,3650.0
IND_FIELD_0246,Karnataka & Tamil Nadu,Cotton,7.46,7.38,168.4,38.1,249.9,31.5,13.3,25.7,4.7,1.28,5.64,0.61,5.15,0.71,0.45,1245.9,2996.2,26.2,7,0.92,1,Syngenta Isabion,2.55,24.94,21.41,3.53,7121.0,25117.0,23024.0
IND_FIELD_0247,Maharashtra & Vidarbha (Deccan),Maize,14.02,8.13,148.2,19.2,213.8,31.2,21.3,10.9,3.8,0.73,9.63,0.71,5.14,0.32,0.8,510.2,2388.6,28.2,3,0.887,1,Syngenta Quantis,2.35,62.63,55.28,7.35,2225.0,16352.0,14545.0
IND_FIELD_0248,Karnataka & Tamil Nadu,Mustard / Rapeseed,9.0,7.15,155.2,46.3,141.4,20.7,12.6,18.5,4.6,0.93,7.69,0.74,7.03,0.64,0.52,733.8,2734.9,28.7,7,0.865,1,Syngenta Isabion,1.74,29.96,27.17,2.79,5650.0,15772.0,13984.0
IND_FIELD_0249,Karnataka & Tamil Nadu,Tur / Pigeon Pea (Arhar),8.26,7.52,120.2,43.0,236.2,39.6,16.6,18.9,5.7,1.21,9.2,0.3,4.89,0.33,0.28,459.7,1882.3,27.2,5,0.732,1,Syngenta Isabion,2.68,18.33,15.76,2.58,7550.0,19464.0,17431.0
IND_FIELD_0250,Karnataka & Tamil Nadu,Maize,8.53,5.96,153.5,15.7,107.9,24.4,15.1,13.7,13.7,0.51,7.19,0.51,2.75,0.4,0.34,1110.8,2541.3,34.1,3,0.92,1,Syngenta Quantis,2.7,55.43,48.85,6.59,2225.0,14652.0,13019.0
IND_FIELD_0251,Maharashtra & Vidarbha (Deccan),Wheat,5.8,6.8,95.6,31.9,208.7,23.9,17.6,10.5,10.5,1.16,4.79,0.32,5.15,0.37,0.42,1039.3,1863.0,31.7,7,0.892,0,None,0.0,34.21,34.32,-0.1,2275.0,-235.0,-235.0
IND_FIELD_0252,Maharashtra & Vidarbha (Deccan),Sugarcane,7.56,6.08,204.9,19.5,184.9,30.4,23.5,12.9,11.7,0.96,7.16,0.66,2.5,0.3,0.59,1062.7,1840.9,25.1,7,0.92,1,Syngenta Isabion,1.95,649.77,574.89,74.87,340.0,25457.0,23375.0
IND_FIELD_0253,Karnataka & Tamil Nadu,Mustard / Rapeseed,7.57,7.27,93.4,26.5,144.3,24.8,7.0,24.4,11.6,1.28,5.91,0.31,3.12,0.72,0.46,805.7,2658.1,29.6,5,0.851,0,None,0.0,23.98,23.78,0.2,5650.0,1136.0,1136.0
IND_FIELD_0254,Maharashtra & Vidarbha (Deccan),Wheat,4.08,8.05,75.3,12.8,225.0,35.5,16.3,27.7,9.1,0.49,8.29,0.83,2.17,0.57,0.42,647.9,2224.7,31.0,4,0.775,0,None,0.0,29.41,28.72,0.68,2275.0,1554.0,1554.0
IND_FIELD_0255,Punjab & Haryana (Indo-Gangetic),Soybean,11.94,7.39,138.5,29.2,289.1,29.1,21.5,31.7,11.9,0.76,6.67,0.36,4.82,0.83,0.55,1134.3,2839.6,23.8,7,0.92,0,None,0.0,24.77,24.86,-0.1,4892.0,-483.0,-483.0
IND_FIELD_0256,Andhra Pradesh & Telangana,Tur / Pigeon Pea (Arhar),8.08,5.98,178.5,35.6,319.7,31.5,14.7,17.6,9.8,1.22,9.3,0.4,2.46,0.32,0.32,1220.6,3054.5,26.7,7,0.92,1,Syngenta Quantis,2.63,19.31,17.68,1.63,7550.0,12308.0,10263.0
IND_FIELD_0257,Karnataka & Tamil Nadu,Maize,12.54,6.65,138.8,38.6,225.9,34.1,7.4,23.2,6.8,0.32,8.15,0.8,4.58,0.35,0.21,581.7,1995.1,33.8,5,0.853,0,None,0.0,54.28,54.81,-0.54,2225.0,-1191.0,-1191.0
IND_FIELD_0258,Andhra Pradesh & Telangana,Sugarcane,12.85,7.12,109.8,40.5,177.1,24.1,16.1,30.6,9.4,0.42,8.2,0.52,7.13,0.46,0.17,912.5,2814.3,29.4,4,0.92,0,None,0.0,617.25,616.7,0.55,340.0,186.0,186.0
IND_FIELD_0259,Andhra Pradesh & Telangana,Cotton,5.83,6.77,160.5,48.0,134.0,22.7,12.0,13.7,9.1,1.39,4.79,0.22,5.96,0.79,0.33,686.3,2520.3,24.8,5,0.746,0,None,0.0,19.38,18.71,0.66,7121.0,4730.0,4730.0
IND_FIELD_0260,Punjab & Haryana (Indo-Gangetic),Sugarcane,10.73,7.8,122.5,21.3,141.7,44.4,8.8,25.8,12.1,0.61,10.39,0.55,2.43,0.46,0.21,609.7,1957.0,23.6,5,0.879,1,Syngenta CropBio+ (Biostimulant),2.13,633.46,557.16,76.3,340.0,25942.0,24084.0
IND_FIELD_0261,Andhra Pradesh & Telangana,Rice (Paddy),8.7,7.76,227.9,17.2,195.1,31.0,21.3,26.6,13.8,1.37,9.34,0.26,3.23,0.54,0.39,1147.6,2712.2,28.7,4,0.92,1,Syngenta Isabion,1.48,47.66,43.23,4.43,2300.0,10190.0,8227.0
IND_FIELD_0262,Karnataka & Tamil Nadu,Sugarcane,13.18,7.27,226.1,48.6,168.1,30.4,15.4,12.0,7.8,0.5,8.96,0.89,5.71,0.46,0.69,961.2,2653.3,29.1,7,0.92,0,None,0.0,665.37,664.64,0.73,340.0,248.0,248.0
IND_FIELD_0263,Punjab & Haryana (Indo-Gangetic),Soybean,5.87,6.7,150.4,18.7,299.3,19.1,22.8,28.9,11.5,0.7,5.61,0.61,6.92,0.31,0.65,655.4,2521.9,26.3,6,0.796,1,Syngenta Quantis,2.52,24.2,20.58,3.62,4892.0,17710.0,16015.0
IND_FIELD_0264,Andhra Pradesh & Telangana,Sugarcane,10.96,6.41,119.0,53.9,168.4,32.9,20.5,27.9,4.5,1.13,7.11,0.38,2.18,0.91,0.58,744.5,3097.1,30.2,5,0.844,0,None,0.0,594.12,595.09,-0.97,340.0,-331.0,-331.0
IND_FIELD_0265,Karnataka & Tamil Nadu,Tomato,10.19,6.05,192.7,48.2,169.6,34.6,18.5,10.7,11.7,1.02,4.2,0.59,6.47,0.63,0.75,1368.3,2529.5,22.9,3,0.92,0,None,0.0,282.67,282.82,-0.15,2400.0,-364.0,-364.0
IND_FIELD_0266,Uttar Pradesh & Bihar,Soybean,6.75,6.65,66.6,33.5,172.0,34.8,6.1,12.0,7.4,0.94,7.13,0.25,5.09,0.8,0.35,1256.2,3186.7,23.9,6,0.92,0,None,0.0,19.98,20.49,-0.52,4892.0,-2534.0,-2534.0
IND_FIELD_0267,Andhra Pradesh & Telangana,Onion,5.0,6.79,145.5,54.2,280.8,39.2,13.7,11.1,3.9,0.88,4.26,0.76,5.0,0.71,0.77,1285.9,2512.9,29.1,4,0.92,0,None,0.0,201.11,201.9,-0.79,2800.0,-2211.0,-2211.0
IND_FIELD_0268,Uttar Pradesh & Bihar,Rice (Paddy),10.67,7.42,120.5,16.2,236.2,23.3,9.6,17.4,7.3,1.23,7.24,0.85,7.27,0.61,0.43,887.0,1962.2,22.8,4,0.92,1,Syngenta CropBio+ (Biostimulant),1.49,45.47,42.35,3.12,2300.0,7166.0,5239.0
IND_FIELD_0269,Maharashtra & Vidarbha (Deccan),Gram / Chickpea (Chana),11.62,7.38,225.7,25.0,227.4,25.6,22.4,21.2,9.9,0.56,7.94,0.81,6.11,0.31,0.43,1042.6,2458.7,33.5,6,0.92,0,None,0.0,22.43,21.56,0.87,5440.0,4731.0,4731.0
IND_FIELD_0270,Maharashtra & Vidarbha (Deccan),Groundnut (Peanut),6.97,5.97,62.2,39.4,160.2,42.3,9.1,21.7,4.8,0.79,6.05,0.44,6.68,0.7,0.43,807.9,2055.3,23.8,5,0.874,1,Syngenta Isabion,2.41,24.49,21.21,3.28,6783.0,22282.0,20347.0
IND_FIELD_0271,Uttar Pradesh & Bihar,Wheat,10.59,6.75,159.5,27.1,276.3,46.4,11.1,15.9,13.2,0.47,6.84,0.43,3.95,0.36,0.22,523.8,2636.0,30.8,7,0.804,1,Syngenta CropBio+ (Biostimulant),2.68,45.01,38.65,6.36,2275.0,14468.0,12424.0
IND_FIELD_0272,Uttar Pradesh & Bihar,Maize,7.85,6.24,193.3,51.9,89.2,22.1,15.3,30.1,4.3,0.96,9.59,0.22,5.05,0.54,0.83,831.0,2770.4,27.1,6,0.878,0,None,0.0,50.45,50.56,-0.11,2225.0,-244.0,-244.0
IND_FIELD_0273,Karnataka & Tamil Nadu,Gram / Chickpea (Chana),11.35,6.18,147.3,14.8,289.0,32.9,10.7,18.1,13.3,0.58,3.99,0.66,5.38,0.69,0.25,1014.3,2455.8,27.2,7,0.92,0,None,0.0,20.33,20.28,0.05,5440.0,266.0,266.0
IND_FIELD_0274,Karnataka & Tamil Nadu,Rice (Paddy),5.69,7.79,75.4,35.6,203.1,24.4,9.8,11.0,10.9,0.67,8.98,0.57,3.77,0.8,0.39,722.8,1936.8,31.9,6,0.832,1,Syngenta Quantis,2.06,39.76,34.4,5.36,2300.0,12335.0,10357.0
IND_FIELD_0275,Andhra Pradesh & Telangana,Rice (Paddy),13.29,5.9,235.0,37.4,175.6,19.8,16.8,16.6,7.0,0.82,4.45,0.52,5.14,0.73,0.37,1255.6,2456.1,28.5,5,0.92,0,None,0.0,46.92,46.75,0.17,2300.0,382.0,382.0
IND_FIELD_0276,Andhra Pradesh & Telangana,Sugarcane,6.66,6.81,153.2,40.1,199.3,27.8,7.6,21.7,7.6,0.33,3.47,0.84,3.3,0.72,0.2,593.5,1914.0,31.4,2,0.809,0,None,0.0,530.62,530.32,0.3,340.0,104.0,104.0
IND_FIELD_0277,Uttar Pradesh & Bihar,Groundnut (Peanut),7.55,6.2,170.6,23.0,240.2,22.3,7.0,19.0,11.3,0.4,4.55,0.32,2.79,0.35,0.26,798.8,2755.0,28.6,3,0.814,0,None,0.0,23.58,22.14,1.44,6783.0,9791.0,9791.0
IND_FIELD_0278,Andhra Pradesh & Telangana,Groundnut (Peanut),4.14,7.91,102.6,27.7,83.1,39.3,12.7,16.0,9.8,1.05,8.78,0.21,4.06,0.49,0.18,568.7,2906.5,29.7,7,0.733,1,Syngenta Quantis,2.11,22.81,18.42,4.39,6783.0,29772.0,27848.0
IND_FIELD_0279,Uttar Pradesh & Bihar,Groundnut (Peanut),4.73,7.14,147.0,48.3,289.2,34.0,19.0,12.9,10.6,0.77,6.16,0.25,6.07,0.28,0.35,834.6,3147.3,31.9,7,0.783,1,Syngenta CropBio+ (Biostimulant),2.52,25.4,22.24,3.16,6783.0,21421.0,19664.0
IND_FIELD_0280,Uttar Pradesh & Bihar,Rice (Paddy),9.17,6.36,137.2,20.4,187.2,22.3,16.0,28.0,7.6,1.25,9.57,0.36,7.04,0.75,0.76,487.7,2008.3,29.9,9,0.743,0,None,0.0,38.64,38.75,-0.11,2300.0,-254.0,-254.0
IND_FIELD_0281,Karnataka & Tamil Nadu,Groundnut (Peanut),6.44,7.01,73.5,47.6,162.3,18.3,13.6,31.9,8.6,1.06,7.03,0.22,4.52,0.92,0.39,708.9,2545.4,30.0,6,0.803,0,None,0.0,21.68,21.4,0.28,6783.0,1886.0,1886.0
IND_FIELD_0282,Maharashtra & Vidarbha (Deccan),Soybean,12.69,7.56,79.1,36.2,113.2,42.2,16.2,17.2,13.9,0.31,3.36,0.55,5.54,0.43,0.24,830.7,2594.6,32.3,3,0.92,0,None,0.0,22.9,22.79,0.1,4892.0,509.0,509.0
IND_FIELD_0283,Maharashtra & Vidarbha (Deccan),Wheat,3.66,8.1,210.7,44.8,185.5,23.3,12.6,18.4,5.7,0.98,8.43,0.42,2.57,0.31,0.6,904.3,3091.5,34.3,6,0.831,0,None,0.0,33.1,32.98,0.12,2275.0,278.0,278.0
IND_FIELD_0284,Punjab & Haryana (Indo-Gangetic),Soybean,7.67,6.33,103.2,42.7,199.1,36.2,22.9,23.6,7.9,0.4,4.0,0.33,6.97,0.58,0.85,966.5,2678.2,26.9,4,0.88,1,Syngenta Isabion,2.57,24.05,21.14,2.91,4892.0,14247.0,12253.0
IND_FIELD_0285,Andhra Pradesh & Telangana,Rice (Paddy),7.21,7.93,95.1,20.9,176.9,28.1,7.0,25.8,6.6,1.16,8.96,0.73,5.13,0.85,0.31,711.2,2003.7,29.5,7,0.783,1,Syngenta Quantis,1.54,40.51,35.7,4.81,2300.0,11066.0,9311.0
IND_FIELD_0286,Punjab & Haryana (Indo-Gangetic),Rice (Paddy),3.71,8.04,150.9,36.5,242.9,35.6,18.1,18.6,11.5,1.39,4.43,0.34,6.29,0.64,0.35,946.9,2410.9,23.1,5,0.869,0,None,0.0,36.23,35.18,1.06,2300.0,2434.0,2434.0
IND_FIELD_0287,Maharashtra & Vidarbha (Deccan),Rice (Paddy),4.87,8.0,198.4,49.3,181.0,27.5,22.0,29.9,11.5,0.88,5.72,0.68,6.37,0.28,0.83,933.6,2716.7,26.7,7,0.867,0,None,0.0,38.36,37.59,0.77,2300.0,1768.0,1768.0
IND_FIELD_0288,Andhra Pradesh & Telangana,Maize,8.05,7.32,71.2,30.6,310.7,20.6,20.5,22.3,6.6,1.05,8.76,0.44,3.41,0.93,0.28,750.4,2780.4,27.4,3,0.82,0,None,0.0,48.46,48.05,0.41,2225.0,905.0,905.0
IND_FIELD_0289,Maharashtra & Vidarbha (Deccan),Rice (Paddy),8.92,7.31,163.8,53.6,223.8,24.7,9.3,19.9,4.4,0.56,10.17,0.56,4.91,0.83,0.51,1238.7,3008.3,32.9,4,0.92,0,None,0.0,41.45,41.45,0.0,2300.0,1.0,1.0
IND_FIELD_0290,Andhra Pradesh & Telangana,Rice (Paddy),7.95,6.77,81.5,31.4,273.8,23.6,11.3,24.2,3.6,0.78,5.91,0.85,7.28,0.34,0.32,968.4,2052.7,28.7,10,0.89,1,Syngenta CropBio+ (Biostimulant),2.18,45.38,38.68,6.7,2300.0,15414.0,13378.0
IND_FIELD_0291,Punjab & Haryana (Indo-Gangetic),Cotton,9.34,7.61,66.6,18.1,106.2,30.8,18.9,31.0,8.0,1.24,9.25,0.23,2.49,0.9,0.8,765.7,3132.2,31.5,6,0.856,0,None,0.0,19.33,18.94,0.38,7121.0,2740.0,2740.0
IND_FIELD_0292,Punjab & Haryana (Indo-Gangetic),Rice (Paddy),10.05,7.08,69.5,28.7,175.3,37.7,7.5,27.5,7.8,0.48,4.59,0.55,5.76,0.57,0.84,1350.0,1882.8,22.2,4,0.92,0,None,0.0,38.35,39.11,-0.76,2300.0,-1753.0,-1753.0
IND_FIELD_0293,Uttar Pradesh & Bihar,Cotton,3.61,7.43,210.1,52.9,160.8,25.9,20.6,10.9,13.9,0.59,9.09,0.8,7.29,0.51,0.72,1252.9,3177.3,28.0,4,0.92,0,None,0.0,19.43,19.59,-0.16,7121.0,-1153.0,-1153.0
IND_FIELD_0294,Maharashtra & Vidarbha (Deccan),Soybean,8.61,6.83,81.2,25.7,216.7,18.4,18.9,17.3,8.4,0.79,8.0,0.61,3.65,0.57,0.37,1383.5,3000.9,33.7,4,0.92,1,Syngenta Quantis,1.7,24.08,21.39,2.69,4892.0,13144.0,11123.0
IND_FIELD_0295,Punjab & Haryana (Indo-Gangetic),Sugarcane,14.1,7.56,68.1,49.3,286.7,33.6,19.1,20.4,6.2,1.08,4.61,0.39,6.74,0.83,0.43,1107.6,2724.4,24.9,3,0.92,1,Syngenta Isabion,2.42,693.16,632.17,61.0,340.0,20739.0,18743.0
IND_FIELD_0296,Andhra Pradesh & Telangana,Sugarcane,9.21,7.78,138.8,49.9,98.8,36.2,7.8,16.9,12.9,0.71,5.41,0.48,7.14,0.71,0.32,809.3,2829.0,22.4,6,0.827,0,None,0.0,543.55,543.05,0.5,340.0,170.0,170.0
IND_FIELD_0297,Uttar Pradesh & Bihar,Sugarcane,10.95,6.15,211.9,27.1,97.4,46.9,18.9,25.4,8.7,1.32,4.16,0.68,6.11,0.29,0.77,716.8,1901.8,27.6,8,0.897,0,None,0.0,612.02,611.53,0.49,340.0,168.0,168.0
IND_FIELD_0298,Punjab & Haryana (Indo-Gangetic),Wheat,6.93,7.8,107.2,15.6,284.1,35.7,18.2,28.2,9.8,0.4,6.0,0.82,3.27,0.92,0.79,1080.2,1858.1,31.2,5,0.92,0,None,0.0,34.7,35.16,-0.46,2275.0,-1045.0,-1045.0
IND_FIELD_0299,Andhra Pradesh & Telangana,Rice (Paddy),12.01,7.1,135.9,43.2,131.1,32.1,21.0,26.1,4.5,0.71,4.69,0.23,3.84,0.35,0.44,1381.8,1942.5,27.9,6,0.92,1,Syngenta Quantis,2.16,48.13,44.22,3.91,2300.0,8995.0,7237.0
IND_FIELD_0300,Punjab & Haryana (Indo-Gangetic),Mustard / Rapeseed,12.0,7.83,67.2,25.4,240.5,35.2,6.7,31.8,7.5,1.08,7.9,0.25,2.2,0.77,0.61,1045.4,1922.3,28.0,6,0.92,1,Syngenta Quantis,1.55,30.2,25.55,4.65,5650.0,26251.0,24266.0
IND_FIELD_0301,Punjab & Haryana (Indo-Gangetic),Wheat,9.23,6.84,140.8,45.7,210.3,45.8,6.4,16.0,13.4,0.55,10.46,0.43,6.57,0.7,0.27,1287.5,2566.3,30.7,8,0.92,1,Syngenta CropBio+ (Biostimulant),2.35,43.43,37.95,5.48,2275.0,12463.0,10632.0
IND_FIELD_0302,Andhra Pradesh & Telangana,Wheat,14.24,6.71,164.0,31.0,279.9,42.9,12.7,29.2,9.7,1.02,3.29,0.36,6.67,0.38,0.45,762.6,2101.6,25.3,5,0.92,1,Syngenta Isabion,1.44,47.4,43.3,4.1,2275.0,9333.0,7342.0
IND_FIELD_0303,Andhra Pradesh & Telangana,Soybean,4.88,8.0,162.8,32.9,110.0,27.7,8.7,26.9,7.1,0.48,7.15,0.39,5.48,0.37,0.59,836.6,3004.3,31.8,8,0.775,1,Syngenta CropBio+ (Biostimulant),1.47,21.96,18.55,3.41,4892.0,16659.0,14818.0
IND_FIELD_0304,Andhra Pradesh & Telangana,Rice (Paddy),3.69,6.4,119.8,45.5,111.1,25.1,16.1,18.0,10.1,0.36,7.39,0.35,3.94,0.86,0.42,1311.0,2424.0,24.0,2,0.92,0,None,0.0,34.88,35.03,-0.15,2300.0,-346.0,-346.0
IND_FIELD_0305,Uttar Pradesh & Bihar,Rice (Paddy),11.97,7.83,116.8,28.4,213.6,25.9,22.5,26.2,13.1,0.43,9.87,0.34,2.42,0.54,0.4,1169.0,2773.7,27.1,9,0.92,1,Syngenta Isabion,1.92,49.43,43.79,5.64,2300.0,12975.0,10975.0
IND_FIELD_0306,Karnataka & Tamil Nadu,Rice (Paddy),12.38,6.96,79.2,31.1,307.1,33.1,13.0,12.3,6.4,1.32,6.89,0.29,6.14,0.71,0.15,1382.3,2714.0,30.5,9,0.92,1,Syngenta CropBio+ (Biostimulant),2.1,49.65,43.31,6.34,2300.0,14583.0,12853.0
IND_FIELD_0307,Andhra Pradesh & Telangana,Wheat,4.82,7.03,126.0,28.2,179.6,40.3,21.2,27.4,8.8,0.91,7.17,0.85,6.0,0.6,0.71,1186.0,2247.8,32.8,5,0.92,1,Syngenta Isabion,2.25,38.77,34.01,4.76,2275.0,10840.0,9024.0
IND_FIELD_0308,Maharashtra & Vidarbha (Deccan),Wheat,6.42,6.54,77.9,27.8,158.5,33.1,6.0,21.7,13.6,1.18,6.64,0.3,7.02,0.76,0.77,876.1,2140.4,32.3,7,0.904,0,None,0.0,32.65,32.79,-0.14,2275.0,-319.0,-319.0
IND_FIELD_0309,Uttar Pradesh & Bihar,Sugarcane,3.69,7.18,198.0,34.6,225.6,20.0,9.0,16.4,5.3,0.67,5.16,0.34,6.02,0.59,0.83,954.5,2279.4,31.4,5,0.871,0,None,0.0,516.53,516.96,-0.43,340.0,-146.0,-146.0
IND_FIELD_0310,Maharashtra & Vidarbha (Deccan),Groundnut (Peanut),6.73,6.58,233.9,46.8,303.3,39.7,6.5,24.4,11.1,0.95,3.61,0.37,6.56,0.45,0.65,1305.5,2915.3,26.7,1,0.92,0,None,0.0,25.58,24.99,0.59,6783.0,3998.0,3998.0
IND_FIELD_0311,Maharashtra & Vidarbha (Deccan),Groundnut (Peanut),12.0,5.89,234.6,27.6,280.9,42.2,11.9,24.1,10.0,0.84,6.18,0.85,6.1,0.5,0.53,974.1,2620.8,23.6,3,0.92,0,None,0.0,27.93,27.62,0.31,6783.0,2082.0,2082.0
IND_FIELD_0312,Punjab & Haryana (Indo-Gangetic),Maize,9.2,6.45,215.7,34.5,318.9,26.7,22.3,14.6,10.6,1.34,3.58,0.73,5.47,0.85,0.34,692.6,2155.0,24.8,6,0.849,1,Syngenta Isabion,1.41,61.6,55.19,6.41,2225.0,14272.0,12424.0
IND_FIELD_0313,Punjab & Haryana (Indo-Gangetic),Onion,7.33,5.82,168.1,40.8,85.4,37.9,7.7,10.7,7.2,1.12,7.22,0.75,4.35,0.58,0.85,863.8,2945.0,33.2,3,0.891,0,None,0.0,199.68,200.31,-0.63,2800.0,-1754.0,-1754.0
IND_FIELD_0314,Karnataka & Tamil Nadu,Soybean,7.59,8.15,186.2,23.6,107.1,30.8,16.9,19.5,6.8,1.1,5.44,0.27,6.96,0.4,0.56,940.5,1876.7,33.1,3,0.92,1,Syngenta Quantis,1.48,23.48,21.41,2.07,4892.0,10141.0,8429.0
IND_FIELD_0315,Uttar Pradesh & Bihar,Cotton,3.51,8.12,111.3,23.9,226.3,44.7,14.1,22.5,10.7,0.35,7.1,0.79,5.58,0.9,0.63,541.9,2778.9,34.4,6,0.684,1,Syngenta CropBio+ (Biostimulant),2.66,20.38,16.37,4.01,7121.0,28541.0,26656.0
IND_FIELD_0316,Andhra Pradesh & Telangana,Soybean,6.8,6.75,173.5,52.1,276.9,43.4,22.9,29.3,5.8,0.9,4.18,0.49,4.19,0.81,0.63,1156.6,2414.7,23.0,4,0.92,0,None,0.0,22.26,23.18,-0.92,4892.0,-4511.0,-4511.0
IND_FIELD_0317,Maharashtra & Vidarbha (Deccan),Sugarcane,10.61,7.55,142.0,43.1,148.5,33.8,8.2,30.4,7.9,0.81,10.01,0.38,2.46,0.29,0.74,553.9,2823.8,29.0,4,0.764,0,None,0.0,557.2,557.41,-0.21,340.0,-72.0,-72.0
IND_FIELD_0318,Punjab & Haryana (Indo-Gangetic),Gram / Chickpea (Chana),14.22,6.63,146.8,36.8,137.4,38.7,9.8,21.6,5.5,1.32,9.73,0.6,3.6,0.95,0.16,834.7,3098.4,30.4,5,0.92,1,Syngenta CropBio+ (Biostimulant),2.52,24.08,21.47,2.61,5440.0,14217.0,12389.0
IND_FIELD_0319,Punjab & Haryana (Indo-Gangetic),Cotton,12.82,7.41,196.4,39.9,268.9,44.5,6.5,26.6,3.6,0.58,4.59,0.78,4.99,0.74,0.3,1214.4,2850.0,31.2,4,0.92,1,Syngenta CropBio+ (Biostimulant),2.93,26.42,24.2,2.23,7121.0,15855.0,14183.0
IND_FIELD_0320,Maharashtra & Vidarbha (Deccan),Tur / Pigeon Pea (Arhar),3.76,7.73,110.7,13.3,93.5,32.9,13.8,19.7,13.7,0.6,5.71,0.75,3.52,0.36,0.62,894.2,2418.8,30.4,4,0.864,0,None,0.0,13.49,13.76,-0.27,7550.0,-2020.0,-2020.0
IND_FIELD_0321,Andhra Pradesh & Telangana,Soybean,13.38,8.07,117.2,38.6,168.7,27.4,11.0,26.4,8.0,0.75,7.68,0.82,3.22,0.42,0.78,1249.9,2011.4,32.0,11,0.92,0,None,0.0,23.22,23.58,-0.35,4892.0,-1726.0,-1726.0
IND_FIELD_0322,Uttar Pradesh & Bihar,Tur / Pigeon Pea (Arhar),12.12,6.76,226.4,33.9,201.4,40.6,21.7,14.5,13.7,0.57,3.9,0.85,4.9,0.73,0.63,774.8,2928.9,26.7,4,0.913,1,Syngenta CropBio+ (Biostimulant),2.96,21.95,20.34,1.61,7550.0,12120.0,10288.0
IND_FIELD_0323,Andhra Pradesh & Telangana,Rice (Paddy),12.08,7.68,70.1,35.5,214.5,24.6,16.9,18.2,5.0,0.44,5.79,0.37,2.93,0.8,0.44,1359.8,2445.0,24.3,4,0.92,1,Syngenta CropBio+ (Biostimulant),2.59,45.43,41.48,3.95,2300.0,9082.0,7221.0
IND_FIELD_0324,Maharashtra & Vidarbha (Deccan),Soybean,8.54,6.44,147.4,27.5,254.9,29.7,17.1,24.0,9.7,1.24,5.03,0.5,6.4,0.42,0.4,649.0,1905.4,24.7,3,0.779,1,Syngenta Quantis,2.6,23.89,22.19,1.7,4892.0,8327.0,6473.0
IND_FIELD_0325,Karnataka & Tamil Nadu,Wheat,7.88,8.18,224.3,15.5,165.2,44.0,15.6,10.4,5.6,0.91,9.88,0.21,4.66,0.43,0.67,486.4,2806.7,22.2,8,0.737,1,Syngenta CropBio+ (Biostimulant),2.28,40.23,35.31,4.93,2275.0,11205.0,9434.0
IND_FIELD_0326,Uttar Pradesh & Bihar,Cotton,6.83,5.86,169.9,20.3,227.0,39.7,7.7,25.9,11.8,1.25,9.42,0.82,5.16,0.46,0.67,1278.8,2208.6,26.6,7,0.92,1,Syngenta Isabion,2.11,22.35,20.15,2.2,7121.0,15660.0,13712.0
IND_FIELD_0327,Andhra Pradesh & Telangana,Cotton,4.22,7.25,158.4,52.9,220.5,30.1,14.0,28.4,11.7,1.21,7.43,0.31,2.81,0.67,0.57,1164.6,1868.4,23.2,2,0.918,0,None,0.0,19.23,19.68,-0.44,7121.0,-3167.0,-3167.0
IND_FIELD_0328,Andhra Pradesh & Telangana,Rice (Paddy),6.01,7.38,105.0,29.6,211.4,24.4,24.0,18.8,4.7,0.61,7.0,0.8,3.79,0.37,0.35,670.4,3063.9,26.2,7,0.793,1,Syngenta Quantis,2.37,41.81,35.95,5.86,2300.0,13489.0,11463.0
IND_FIELD_0329,Maharashtra & Vidarbha (Deccan),Groundnut (Peanut),6.21,7.45,121.8,32.1,233.7,28.7,21.0,19.9,13.1,0.9,9.99,0.43,4.26,0.32,0.8,1385.5,2476.3,30.2,2,0.92,1,Syngenta Quantis,1.88,25.03,23.36,1.66,6783.0,11281.0,9584.0
IND_FIELD_0330,Punjab & Haryana (Indo-Gangetic),Wheat,8.82,6.09,213.4,14.3,142.3,26.5,22.1,28.7,5.5,0.39,10.01,0.46,6.45,0.73,0.54,927.2,2193.3,33.6,5,0.876,0,None,0.0,37.91,38.69,-0.78,2275.0,-1770.0,-1770.0
IND_FIELD_0331,Maharashtra & Vidarbha (Deccan),Rice (Paddy),11.72,8.05,160.7,13.6,100.3,23.3,20.8,27.1,9.9,1.31,10.28,0.23,6.24,0.8,0.7,1353.5,2802.9,32.9,2,0.92,1,Syngenta Isabion,2.84,46.8,42.45,4.35,2300.0,9994.0,8289.0
IND_FIELD_0332,Uttar Pradesh & Bihar,Sugarcane,8.71,6.23,152.7,42.8,108.6,40.3,7.9,16.3,13.8,0.74,4.12,0.43,3.23,0.6,0.3,929.8,3040.3,25.3,4,0.905,0,None,0.0,560.67,561.02,-0.35,340.0,-118.0,-118.0
IND_FIELD_0333,Punjab & Haryana (Indo-Gangetic),Maize,4.14,7.29,77.9,35.1,133.9,25.6,10.1,17.1,12.8,0.73,4.37,0.82,5.39,0.5,0.39,898.3,1800.4,23.7,6,0.794,0,None,0.0,40.12,40.47,-0.34,2225.0,-759.0,-759.0
IND_FIELD_0334,Punjab & Haryana (Indo-Gangetic),Cotton,14.04,6.33,62.9,33.9,200.0,31.6,6.1,24.9,13.5,0.63,8.14,0.22,3.34,0.55,0.76,876.7,2763.0,24.5,4,0.92,1,Syngenta Isabion,2.45,24.78,22.83,1.95,7121.0,13906.0,12119.0
IND_FIELD_0335,Punjab & Haryana (Indo-Gangetic),Rice (Paddy),13.87,6.54,233.5,22.5,281.7,29.6,11.5,22.4,7.1,0.81,7.15,0.48,7.44,0.52,0.19,768.1,2873.8,34.6,3,0.92,0,None,0.0,48.58,49.54,-0.96,2300.0,-2201.0,-2201.0
IND_FIELD_0336,Punjab & Haryana (Indo-Gangetic),Soybean,12.14,7.11,127.9,44.0,248.3,47.5,8.0,13.6,4.6,0.58,3.33,0.22,7.24,0.92,0.51,957.0,2093.9,29.1,5,0.92,0,None,0.0,23.66,24.65,-0.99,4892.0,-4856.0,-4856.0
IND_FIELD_0337,Karnataka & Tamil Nadu,Cotton,14.4,6.8,168.6,19.2,269.4,29.7,14.5,16.8,5.5,0.71,3.65,0.46,5.1,0.79,0.49,879.9,2485.5,24.4,3,0.92,1,Syngenta CropBio+ (Biostimulant),2.38,27.18,24.84,2.34,7121.0,16636.0,14608.0
IND_FIELD_0338,Uttar Pradesh & Bihar,Maize,9.49,6.18,74.3,20.2,164.2,20.4,18.2,29.8,8.8,1.18,9.68,0.32,5.84,0.4,0.68,484.9,1925.0,32.9,7,0.751,0,None,0.0,46.44,45.78,0.66,2225.0,1471.0,1471.0
IND_FIELD_0339,Maharashtra & Vidarbha (Deccan),Cotton,14.09,6.21,183.0,31.8,177.1,20.7,21.7,25.1,11.8,1.22,9.54,0.38,6.41,0.52,0.35,697.4,2845.4,27.1,4,0.876,1,Syngenta Quantis,2.15,26.44,24.78,1.66,7121.0,11843.0,9847.0
IND_FIELD_0340,Punjab & Haryana (Indo-Gangetic),Wheat,4.33,6.8,227.9,24.3,174.5,35.7,19.5,31.7,5.1,0.63,5.81,0.81,5.97,0.63,0.3,652.5,2986.4,33.7,6,0.758,0,None,0.0,34.45,34.61,-0.16,2275.0,-363.0,-363.0
IND_FIELD_0341,Maharashtra & Vidarbha (Deccan),Maize,7.52,7.62,163.6,22.6,126.0,36.0,22.9,26.9,10.4,0.82,9.7,0.51,5.85,0.68,0.8,1274.1,1951.5,25.4,7,0.92,0,None,0.0,48.89,48.68,0.22,2225.0,480.0,480.0
IND_FIELD_0342,Maharashtra & Vidarbha (Deccan),Soybean,5.98,7.96,82.7,39.7,94.7,30.6,7.0,30.7,6.9,1.26,7.53,0.39,7.27,0.58,0.55,1018.9,2943.0,27.1,8,0.895,0,None,0.0,19.2,19.31,-0.11,4892.0,-535.0,-535.0
IND_FIELD_0343,Punjab & Haryana (Indo-Gangetic),Wheat,5.65,6.0,164.7,40.0,221.8,31.0,6.2,14.8,7.1,0.36,9.08,0.61,5.28,0.82,0.22,1175.5,2880.2,28.6,8,0.92,1,Syngenta CropBio+ (Biostimulant),2.08,40.14,35.41,4.73,2275.0,10753.0,9065.0
IND_FIELD_0344,Maharashtra & Vidarbha (Deccan),Cotton,5.05,6.74,197.9,47.5,317.4,19.6,17.9,27.0,10.5,1.28,6.32,0.3,5.5,0.79,0.29,1359.0,2285.7,33.6,8,0.92,1,Syngenta CropBio+ (Biostimulant),2.7,24.06,21.13,2.93,7121.0,20879.0,19124.0
IND_FIELD_0345,Maharashtra & Vidarbha (Deccan),Onion,10.35,6.04,133.2,30.0,120.0,33.5,11.2,10.4,8.4,0.54,4.03,0.38,6.67,0.6,0.85,1061.8,2766.4,33.3,2,0.92,1,Syngenta CropBio+ (Biostimulant),1.65,235.51,213.33,22.18,2800.0,62110.0,60323.0
IND_FIELD_0346,Andhra Pradesh & Telangana,Wheat,12.09,5.84,218.4,15.1,91.2,33.1,10.6,24.8,12.0,1.05,6.37,0.58,5.68,0.85,0.29,1383.5,1800.1,29.5,8,0.92,1,Syngenta CropBio+ (Biostimulant),2.49,45.64,40.56,5.08,2275.0,11563.0,9639.0
IND_FIELD_0347,Andhra Pradesh & Telangana,Groundnut (Peanut),9.86,7.39,176.8,23.8,267.1,22.5,12.0,20.3,5.1,0.94,6.54,0.37,6.03,0.78,0.58,746.2,3104.5,24.9,4,0.853,0,None,0.0,24.99,24.97,0.02,6783.0,155.0,155.0
IND_FIELD_0348,Punjab & Haryana (Indo-Gangetic),Wheat,5.12,7.25,221.9,54.1,140.6,21.1,10.9,17.6,11.8,0.91,7.22,0.68,3.29,0.8,0.44,627.0,2570.5,27.2,6,0.749,1,Syngenta Quantis,1.31,39.55,34.64,4.91,2275.0,11160.0,9263.0
IND_FIELD_0349,Maharashtra & Vidarbha (Deccan),Soybean,12.42,6.19,172.2,37.6,279.1,21.7,15.2,29.0,4.2,1.25,3.97,0.54,4.04,0.92,0.77,833.1,2668.5,34.7,5,0.92,0,None,0.0,25.19,24.7,0.5,4892.0,2423.0,2423.0
IND_FIELD_0350,Andhra Pradesh & Telangana,Sugarcane,10.5,6.36,83.6,42.5,248.9,21.0,13.9,28.8,5.5,0.41,10.44,0.74,2.81,0.44,0.68,897.3,2730.5,29.9,5,0.92,0,None,0.0,580.06,580.0,0.06,340.0,22.0,22.0
IND_FIELD_0351,Andhra Pradesh & Telangana,Onion,7.77,5.86,115.7,12.3,307.0,36.3,15.2,10.5,10.4,0.68,4.98,0.86,4.78,0.44,0.57,1300.6,2585.9,32.2,5,0.92,1,Syngenta Isabion,2.83,227.29,200.92,26.37,2800.0,73844.0,72011.0
IND_FIELD_0352,Karnataka & Tamil Nadu,Sugarcane,10.92,7.8,96.3,34.3,178.1,23.9,18.1,23.4,12.5,0.89,4.65,0.28,4.51,0.87,0.16,981.9,2999.5,27.8,7,0.92,0,None,0.0,579.03,578.6,0.42,340.0,144.0,144.0
IND_FIELD_0353,Andhra Pradesh & Telangana,Groundnut (Peanut),6.36,8.14,223.6,13.6,238.9,25.5,13.0,18.1,6.2,1.19,7.05,0.43,7.48,0.79,0.77,727.6,2653.6,28.9,5,0.835,1,Syngenta Quantis,1.58,25.52,23.58,1.93,6783.0,13114.0,11389.0
IND_FIELD_0354,Punjab & Haryana (Indo-Gangetic),Gram / Chickpea (Chana),7.3,6.13,196.9,36.5,191.6,23.2,10.5,19.1,6.9,0.54,7.12,0.42,5.36,0.9,0.46,1155.5,3070.9,27.6,3,0.92,0,None,0.0,19.71,19.25,0.45,5440.0,2462.0,2462.0
IND_FIELD_0355,Punjab & Haryana (Indo-Gangetic),Cotton,13.59,6.36,181.8,51.6,231.3,46.7,9.0,28.3,9.1,1.18,6.41,0.31,6.33,0.29,0.8,930.5,2615.3,31.1,6,0.92,1,Syngenta CropBio+ (Biostimulant),2.96,27.38,25.15,2.22,7121.0,15840.0,14180.0
IND_FIELD_0356,Andhra Pradesh & Telangana,Cotton,6.7,7.88,114.2,53.6,187.9,43.6,12.3,16.8,5.7,0.74,8.83,0.77,3.84,0.69,0.5,604.0,2039.6,33.1,7,0.782,0,None,0.0,18.85,18.3,0.55,7121.0,3938.0,3938.0
IND_FIELD_0357,Punjab & Haryana (Indo-Gangetic),Sugarcane,8.67,8.02,93.1,35.2,125.3,24.9,19.4,30.7,12.0,0.51,6.97,0.73,6.57,0.35,0.64,998.0,3079.0,28.6,9,0.92,1,Syngenta Isabion,1.83,624.93,533.46,91.47,340.0,31099.0,29053.0
IND_FIELD_0358,Andhra Pradesh & Telangana,Rice (Paddy),13.29,6.81,196.2,31.7,201.9,27.8,19.6,14.0,11.6,1.13,7.65,0.54,5.38,0.6,0.2,1315.8,2754.3,28.3,4,0.92,0,None,0.0,46.71,47.42,-0.71,2300.0,-1627.0,-1627.0
IND_FIELD_0359,Karnataka & Tamil Nadu,Mustard / Rapeseed,11.28,5.92,145.3,52.6,206.9,24.3,18.0,24.6,5.0,0.4,8.48,0.58,5.83,0.36,0.67,1250.5,2778.9,26.4,2,0.92,1,Syngenta Quantis,2.56,32.08,28.73,3.35,5650.0,18950.0,17025.0
IND_FIELD_0360,Andhra Pradesh & Telangana,Gram / Chickpea (Chana),4.18,5.89,100.6,41.0,274.5,32.8,10.2,24.8,8.4,0.87,3.38,0.24,3.62,0.34,0.39,1007.5,3179.7,24.3,5,0.857,1,Syngenta CropBio+ (Biostimulant),2.0,19.13,16.62,2.51,5440.0,13647.0,11628.0
IND_FIELD_0361,Maharashtra & Vidarbha (Deccan),Rice (Paddy),5.12,7.18,171.0,14.8,256.5,18.6,16.6,15.5,11.6,0.37,7.37,0.59,5.02,0.26,0.4,808.2,1905.3,34.2,9,0.835,1,Syngenta Isabion,2.35,44.4,36.79,7.61,2300.0,17497.0,15532.0
IND_FIELD_0362,Andhra Pradesh & Telangana,Cotton,3.59,6.74,67.3,32.0,239.3,38.1,16.3,17.1,7.0,0.69,9.65,0.75,5.49,0.69,0.23,532.6,2400.0,26.1,6,0.686,1,Syngenta CropBio+ (Biostimulant),2.12,20.39,15.84,4.55,7121.0,32381.0,30516.0
IND_FIELD_0363,Maharashtra & Vidarbha (Deccan),Groundnut (Peanut),10.44,5.87,118.7,22.3,107.2,33.7,14.7,28.4,10.1,0.96,3.33,0.6,5.24,0.5,0.25,896.2,2134.7,32.4,4,0.894,1,Syngenta Isabion,1.51,26.81,23.79,3.01,6783.0,20433.0,18573.0
IND_FIELD_0364,Andhra Pradesh & Telangana,Cotton,8.42,7.2,144.3,32.2,252.9,45.0,15.9,26.8,4.0,0.91,6.16,0.39,7.03,0.32,0.28,1164.5,2682.6,31.3,9,0.92,1,Syngenta Quantis,1.52,24.39,20.85,3.54,7121.0,25206.0,23553.0
IND_FIELD_0365,Karnataka & Tamil Nadu,Mustard / Rapeseed,4.98,5.83,86.6,31.6,200.1,22.9,14.9,17.2,9.9,0.75,9.96,0.67,6.94,0.48,0.38,792.3,2929.5,32.3,5,0.877,1,Syngenta Isabion,2.89,26.09,22.61,3.48,5650.0,19662.0,17844.0
IND_FIELD_0366,Maharashtra & Vidarbha (Deccan),Rice (Paddy),14.04,7.69,237.2,37.0,294.6,42.1,16.2,21.7,5.1,0.77,5.78,0.45,7.34,0.37,0.77,673.7,3152.8,34.2,6,0.906,0,None,0.0,48.0,49.04,-1.04,2300.0,-2401.0,-2401.0
IND_FIELD_0367,Karnataka & Tamil Nadu,Sugarcane,9.33,6.54,97.6,27.3,300.8,41.8,18.9,11.4,12.2,0.55,6.55,0.58,5.67,0.91,0.41,1334.8,2436.4,30.1,3,0.92,1,Syngenta Isabion,2.3,639.45,574.85,64.6,340.0,21964.0,20129.0
IND_FIELD_0368,Karnataka & Tamil Nadu,Soybean,6.16,5.9,83.5,19.1,93.2,21.8,8.0,14.6,7.2,0.8,10.37,0.54,7.35,0.47,0.66,1230.5,2900.7,33.7,7,0.92,1,Syngenta CropBio+ (Biostimulant),1.2,22.15,18.83,3.32,4892.0,16218.0,14230.0
IND_FIELD_0369,Punjab & Haryana (Indo-Gangetic),Sugarcane,9.01,7.21,96.6,33.7,277.0,30.0,19.5,20.7,6.5,1.35,4.66,0.47,6.58,0.48,0.21,1056.4,3083.9,24.2,4,0.92,1,Syngenta Isabion,1.98,638.31,575.36,62.95,340.0,21402.0,19722.0
IND_FIELD_0370,Punjab & Haryana (Indo-Gangetic),Wheat,10.98,6.75,198.4,47.7,89.0,23.1,8.4,11.9,12.3,1.24,3.68,0.7,3.49,0.84,0.56,579.9,2756.7,30.1,5,0.741,0,None,0.0,38.7,38.66,0.04,2275.0,101.0,101.0
IND_FIELD_0371,Punjab & Haryana (Indo-Gangetic),Wheat,4.34,8.14,136.6,40.6,168.1,25.6,7.2,28.6,4.0,0.46,9.47,0.82,4.35,0.7,0.49,587.7,2139.8,32.0,5,0.72,1,Syngenta Quantis,2.01,35.5,29.64,5.86,2275.0,13327.0,11356.0
IND_FIELD_0372,Punjab & Haryana (Indo-Gangetic),Cotton,6.52,7.11,161.8,26.5,210.2,25.9,23.6,25.8,7.7,0.33,9.54,0.2,3.31,0.75,0.83,548.1,2651.0,25.5,6,0.756,0,None,0.0,19.87,19.72,0.15,7121.0,1100.0,1100.0
IND_FIELD_0373,Punjab & Haryana (Indo-Gangetic),Maize,12.38,6.46,63.8,52.2,115.5,34.7,23.2,30.8,7.4,1.33,6.65,0.85,2.02,0.7,0.74,1035.5,3157.9,31.6,7,0.92,1,Syngenta Quantis,1.27,59.94,53.02,6.91,2225.0,15386.0,13599.0
IND_FIELD_0374,Andhra Pradesh & Telangana,Mustard / Rapeseed,8.56,7.5,66.2,51.2,259.1,30.3,7.1,25.3,6.5,0.88,6.95,0.56,3.03,0.91,0.47,559.8,3182.6,32.1,10,0.748,0,None,0.0,23.53,24.28,-0.75,5650.0,-4256.0,-4256.0
IND_FIELD_0375,Punjab & Haryana (Indo-Gangetic),Cotton,9.51,6.45,140.2,21.0,82.0,46.4,14.0,30.7,13.1,0.89,9.3,0.69,2.02,0.39,0.69,1250.5,2699.3,32.8,3,0.92,1,Syngenta Isabion,1.76,22.85,20.76,2.09,7121.0,14877.0,12898.0
IND_FIELD_0376,Maharashtra & Vidarbha (Deccan),Soybean,8.26,7.97,207.0,13.7,120.5,21.8,9.4,22.2,11.4,1.16,8.59,0.8,5.96,0.94,0.29,1393.3,3041.8,26.1,5,0.92,1,Syngenta Quantis,2.21,24.21,21.51,2.71,4892.0,13237.0,11342.0
IND_FIELD_0377,Uttar Pradesh & Bihar,Soybean,3.98,6.7,219.3,43.9,219.4,47.2,14.7,23.2,4.2,0.65,5.14,0.53,4.34,0.83,0.54,798.0,2080.5,30.9,6,0.794,0,None,0.0,20.17,20.99,-0.82,4892.0,-4011.0,-4011.0
IND_FIELD_0378,Punjab & Haryana (Indo-Gangetic),Sugarcane,5.32,7.12,75.6,47.6,251.5,24.9,20.9,31.5,11.0,0.83,3.32,0.78,3.72,0.66,0.2,881.0,2144.5,26.0,4,0.839,1,Syngenta Isabion,1.99,568.34,505.24,63.1,340.0,21454.0,19356.0
IND_FIELD_0379,Uttar Pradesh & Bihar,Sugarcane,8.4,5.92,156.9,53.6,300.0,41.2,23.1,24.1,9.0,1.37,6.7,0.32,6.19,0.71,0.39,1126.1,3134.0,31.6,8,0.92,0,None,0.0,595.79,594.56,1.24,340.0,421.0,421.0
IND_FIELD_0380,Maharashtra & Vidarbha (Deccan),Wheat,5.8,6.82,224.4,50.3,249.3,28.2,17.4,10.7,13.0,1.04,9.47,0.31,6.58,0.7,0.31,1340.3,1989.3,28.0,7,0.92,1,Syngenta Isabion,2.13,43.22,38.22,5.01,2275.0,11388.0,9582.0
IND_FIELD_0381,Punjab & Haryana (Indo-Gangetic),Cotton,4.05,7.8,129.8,37.8,241.2,22.3,12.4,25.9,6.8,0.47,9.74,0.66,7.36,0.29,0.65,1299.4,2067.5,29.8,5,0.92,1,Syngenta CropBio+ (Biostimulant),2.88,20.99,18.72,2.26,7121.0,16118.0,14422.0
IND_FIELD_0382,Andhra Pradesh & Telangana,Rice (Paddy),12.78,7.73,209.3,34.8,174.6,43.7,16.9,29.9,9.5,0.45,10.18,0.81,5.53,0.4,0.49,504.7,2388.8,27.4,4,0.846,0,None,0.0,45.03,44.71,0.31,2300.0,721.0,721.0
IND_FIELD_0383,Andhra Pradesh & Telangana,Wheat,14.29,6.34,84.1,13.2,80.3,27.3,11.6,27.5,8.8,0.52,9.62,0.82,4.54,0.92,0.68,610.6,2625.4,24.1,4,0.91,1,Syngenta Isabion,1.42,44.05,39.05,4.99,2275.0,11362.0,9753.0
IND_FIELD_0384,Karnataka & Tamil Nadu,Wheat,12.22,6.34,228.4,22.6,108.8,37.8,22.4,22.8,8.6,1.14,7.43,0.65,3.68,0.62,0.51,1166.9,2645.3,24.3,8,0.92,1,Syngenta Isabion,2.68,47.09,41.52,5.57,2275.0,12682.0,11015.0
IND_FIELD_0385,Uttar Pradesh & Bihar,Tomato,12.89,7.76,195.3,31.8,208.3,35.0,21.7,24.8,8.3,0.62,6.45,0.57,3.22,0.51,0.21,1104.4,2208.8,23.0,7,0.92,0,None,0.0,298.91,298.6,0.3,2400.0,730.0,730.0
IND_FIELD_0386,Uttar Pradesh & Bihar,Soybean,6.16,8.03,229.4,39.0,242.0,32.2,16.0,31.8,5.7,0.32,8.86,0.43,3.17,0.78,0.66,576.6,3088.9,30.0,8,0.758,1,Syngenta Isabion,1.87,24.45,20.97,3.48,4892.0,17021.0,15036.0
IND_FIELD_0387,Maharashtra & Vidarbha (Deccan),Maize,14.07,6.03,181.8,36.0,180.2,32.9,11.8,12.0,11.4,1.34,8.6,0.89,4.25,0.62,0.73,927.0,3081.1,33.0,8,0.92,1,Syngenta Quantis,1.97,64.68,57.91,6.77,2225.0,15070.0,13155.0
IND_FIELD_0388,Punjab & Haryana (Indo-Gangetic),Rice (Paddy),5.67,6.88,125.4,43.9,255.4,40.0,11.3,24.7,8.2,0.49,7.13,0.42,7.45,0.26,0.78,1191.8,2348.9,22.3,5,0.92,0,None,0.0,37.79,37.73,0.06,2300.0,137.0,137.0
IND_FIELD_0389,Uttar Pradesh & Bihar,Rice (Paddy),13.97,6.61,228.9,24.0,205.2,20.6,6.6,16.2,13.6,0.31,3.84,0.72,2.0,0.77,0.55,657.8,2408.0,22.9,3,0.862,0,None,0.0,47.38,47.96,-0.58,2300.0,-1325.0,-1325.0
IND_FIELD_0390,Uttar Pradesh & Bihar,Maize,14.44,7.89,109.6,36.3,97.8,38.0,20.7,24.1,6.2,0.56,9.96,0.57,3.08,0.76,0.68,1277.7,2783.5,27.9,7,0.92,1,Syngenta Isabion,2.63,62.8,55.64,7.16,2225.0,15931.0,14171.0
IND_FIELD_0391,Karnataka & Tamil Nadu,Maize,11.33,6.0,119.8,15.8,126.1,44.9,14.1,23.4,10.7,0.56,6.53,0.63,3.04,0.37,0.68,500.3,2728.2,31.6,3,0.814,0,None,0.0,49.89,49.45,0.44,2225.0,970.0,970.0
IND_FIELD_0392,Maharashtra & Vidarbha (Deccan),Tomato,14.29,6.31,186.1,29.8,281.6,19.7,11.9,13.4,13.4,0.76,5.85,0.48,5.94,0.92,0.26,1193.1,2335.2,24.1,5,0.92,0,None,0.0,311.1,310.49,0.61,2400.0,1470.0,1470.0
IND_FIELD_0393,Maharashtra & Vidarbha (Deccan),Soybean,9.76,7.61,197.8,44.3,254.0,22.2,14.5,14.5,10.5,1.31,7.8,0.88,3.94,0.41,0.26,1035.0,2379.9,25.5,5,0.92,0,None,0.0,23.87,23.65,0.21,4892.0,1034.0,1034.0
IND_FIELD_0394,Uttar Pradesh & Bihar,Soybean,6.35,5.92,227.3,41.8,294.7,39.5,20.7,23.7,12.6,1.27,8.12,0.6,4.51,0.57,0.2,749.4,2287.3,25.0,8,0.768,1,Syngenta CropBio+ (Biostimulant),2.11,25.33,22.68,2.65,4892.0,12956.0,11052.0
IND_FIELD_0395,Maharashtra & Vidarbha (Deccan),Maize,8.31,6.98,96.9,54.6,108.2,31.1,8.2,12.8,12.2,0.8,4.74,0.86,2.82,0.33,0.37,1134.9,2129.5,27.2,7,0.92,1,Syngenta CropBio+ (Biostimulant),1.4,54.58,48.33,6.25,2225.0,13901.0,11845.0
IND_FIELD_0396,Karnataka & Tamil Nadu,Wheat,10.03,6.86,203.6,23.9,317.7,30.1,21.4,15.8,7.3,0.75,9.31,0.21,4.23,0.67,0.48,1193.2,2441.4,24.9,5,0.92,0,None,0.0,42.23,42.08,0.15,2275.0,338.0,338.0
IND_FIELD_0397,Karnataka & Tamil Nadu,Cotton,4.3,6.6,192.9,33.4,130.3,22.1,22.2,28.4,9.8,0.91,5.32,0.6,2.57,0.51,0.85,1337.2,2761.0,26.6,8,0.92,1,Syngenta CropBio+ (Biostimulant),1.78,22.27,19.4,2.87,7121.0,20435.0,18611.0
IND_FIELD_0398,Maharashtra & Vidarbha (Deccan),Soybean,10.35,6.75,71.5,26.2,82.8,33.2,23.0,17.2,5.1,0.57,4.56,0.7,4.93,0.5,0.45,799.4,2838.8,31.5,5,0.863,1,Syngenta Quantis,1.35,24.78,22.42,2.36,4892.0,11568.0,9813.0
IND_FIELD_0399,Uttar Pradesh & Bihar,Soybean,14.29,7.07,129.7,30.9,319.4,21.8,13.2,20.7,9.1,0.36,6.17,0.72,2.54,0.83,0.66,1101.7,2890.4,29.9,7,0.92,1,Syngenta Quantis,1.85,29.01,25.56,3.44,4892.0,16850.0,15017.0
IND_FIELD_0400,Uttar Pradesh & Bihar,Gram / Chickpea (Chana),5.59,6.19,110.9,48.8,147.5,32.3,9.9,30.7,5.9,1.33,8.53,0.83,6.35,0.26,0.64,1022.5,2324.6,23.1,5,0.87,1,Syngenta CropBio+ (Biostimulant),2.1,20.03,16.53,3.5,5440.0,19040.0,17091.0
IND_FIELD_0401,Punjab & Haryana (Indo-Gangetic),Cotton,12.22,7.17,114.8,41.4,240.3,40.9,12.7,15.0,11.3,0.51,10.25,0.2,5.12,0.81,0.29,948.9,2870.5,30.3,6,0.92,1,Syngenta Isabion,1.98,25.72,22.81,2.91,7121.0,20721.0,18880.0
IND_FIELD_0402,Karnataka & Tamil Nadu,Rice (Paddy),13.49,7.73,236.9,49.9,122.4,25.7,12.0,18.6,9.0,0.52,9.11,0.2,5.98,0.65,0.19,1295.9,1809.1,28.2,9,0.92,0,None,0.0,46.59,46.41,0.18,2300.0,414.0,414.0
IND_FIELD_0403,Andhra Pradesh & Telangana,Cotton,13.88,7.62,175.7,20.8,219.3,32.4,9.2,23.3,7.8,0.82,10.06,0.53,4.3,0.94,0.53,453.0,2467.9,34.1,3,0.805,0,None,0.0,22.98,23.52,-0.54,7121.0,-3881.0,-3881.0
IND_FIELD_0404,Uttar Pradesh & Bihar,Rice (Paddy),14.06,6.17,189.2,49.6,297.0,47.8,16.9,26.6,6.3,0.84,4.23,0.22,4.1,0.66,0.64,718.0,2911.5,25.8,5,0.92,0,None,0.0,48.48,48.29,0.19,2300.0,430.0,430.0
IND_FIELD_0405,Maharashtra & Vidarbha (Deccan),Soybean,9.24,6.16,235.8,14.6,156.8,38.6,14.6,29.8,14.0,0.32,3.72,0.88,2.54,0.29,0.85,961.4,2682.1,31.4,6,0.92,1,Syngenta CropBio+ (Biostimulant),2.49,25.85,23.73,2.12,4892.0,10393.0,8402.0
IND_FIELD_0406,Karnataka & Tamil Nadu,Wheat,14.25,6.44,127.9,50.2,240.9,43.2,21.6,30.1,4.3,0.46,7.27,0.36,4.88,0.29,0.4,619.4,2463.7,31.5,5,0.888,1,Syngenta Quantis,2.24,47.91,42.41,5.5,2275.0,12513.0,10697.0
IND_FIELD_0407,Maharashtra & Vidarbha (Deccan),Soybean,11.83,6.67,204.3,26.2,125.1,30.4,6.6,27.1,4.0,0.72,5.32,0.53,4.83,0.87,0.78,1312.5,2702.5,24.9,1,0.92,0,None,0.0,24.3,24.19,0.11,4892.0,516.0,516.0
IND_FIELD_0408,Punjab & Haryana (Indo-Gangetic),Groundnut (Peanut),5.28,6.78,138.2,25.5,230.0,41.0,17.6,15.0,5.8,1.05,9.24,0.24,4.57,0.84,0.42,1065.2,3069.7,33.7,7,0.912,1,Syngenta Quantis,2.9,25.87,22.97,2.9,6783.0,19675.0,17578.0
IND_FIELD_0409,Karnataka & Tamil Nadu,Cotton,8.75,7.43,216.5,34.0,160.7,19.2,19.7,10.5,13.7,0.55,8.11,0.57,6.07,0.49,0.63,904.0,2592.9,28.4,7,0.908,1,Syngenta Quantis,1.38,24.82,22.34,2.48,7121.0,17696.0,15702.0
IND_FIELD_0410,Punjab & Haryana (Indo-Gangetic),Wheat,11.4,5.94,92.5,52.4,130.7,21.7,19.7,18.4,13.8,0.77,10.29,0.47,6.58,0.68,0.57,1224.0,2919.7,30.8,9,0.92,0,None,0.0,37.96,37.69,0.27,2275.0,603.0,603.0
IND_FIELD_0411,Maharashtra & Vidarbha (Deccan),Gram / Chickpea (Chana),6.22,5.88,230.6,14.1,155.2,24.1,21.9,13.1,10.4,0.91,5.06,0.23,6.13,0.59,0.19,878.3,3173.0,23.9,8,0.891,1,Syngenta Quantis,2.76,21.71,19.48,2.22,5440.0,12095.0,10199.0
IND_FIELD_0412,Karnataka & Tamil Nadu,Sugarcane,10.55,6.74,99.4,27.1,122.9,30.1,19.1,25.6,12.7,1.28,6.75,0.43,2.79,0.93,0.2,980.7,2787.8,25.4,5,0.92,0,None,0.0,584.17,584.29,-0.13,340.0,-43.0,-43.0
IND_FIELD_0413,Karnataka & Tamil Nadu,Wheat,10.83,7.47,118.7,48.8,296.5,43.4,22.7,24.5,5.7,0.66,6.86,0.47,5.42,0.91,0.16,452.6,2602.7,29.6,4,0.673,1,Syngenta Quantis,2.27,42.99,37.2,5.79,2275.0,13172.0,11076.0
IND_FIELD_0414,Andhra Pradesh & Telangana,Rice (Paddy),5.29,6.26,196.1,29.0,175.3,28.4,12.0,11.0,13.7,0.45,4.95,0.89,2.44,0.94,0.41,797.4,1852.5,26.1,4,0.839,1,Syngenta CropBio+ (Biostimulant),2.92,43.22,37.46,5.76,2300.0,13243.0,11521.0
IND_FIELD_0415,Andhra Pradesh & Telangana,Rice (Paddy),9.72,7.34,130.9,20.6,138.9,37.6,15.1,28.4,5.0,0.84,7.51,0.35,5.82,0.86,0.67,581.9,2324.3,28.5,9,0.826,1,Syngenta Isabion,2.42,45.87,38.41,7.46,2300.0,17156.0,15120.0
IND_FIELD_0416,Maharashtra & Vidarbha (Deccan),Sugarcane,11.99,6.42,169.5,30.3,187.6,39.3,6.3,15.5,4.6,1.12,6.44,0.58,4.1,0.89,0.27,1105.2,2591.6,26.9,2,0.92,0,None,0.0,621.1,622.43,-1.33,340.0,-452.0,-452.0
IND_FIELD_0417,Maharashtra & Vidarbha (Deccan),Tomato,8.99,7.93,140.0,28.6,156.9,35.6,6.1,19.5,4.7,0.42,6.46,0.89,2.73,0.4,0.57,905.1,2916.1,30.3,2,0.92,1,Syngenta Isabion,2.55,285.71,255.4,30.31,2400.0,72748.0,70740.0
IND_FIELD_0418,Maharashtra & Vidarbha (Deccan),Sugarcane,3.63,7.95,193.6,51.4,258.7,28.7,10.3,24.7,9.5,0.77,5.85,0.75,6.74,0.83,0.35,736.7,2413.3,28.3,1,0.752,0,None,0.0,495.9,496.59,-0.69,340.0,-234.0,-234.0
IND_FIELD_0419,Andhra Pradesh & Telangana,Wheat,3.6,6.51,101.1,44.8,313.1,35.3,7.8,19.4,11.7,0.32,3.32,0.9,5.38,0.75,0.71,894.4,3144.1,22.1,4,0.847,0,None,0.0,31.75,31.9,-0.15,2275.0,-343.0,-343.0
IND_FIELD_0420,Uttar Pradesh & Bihar,Maize,7.43,6.35,70.5,33.7,185.1,28.3,10.7,19.7,7.4,0.34,7.01,0.88,3.95,0.92,0.71,649.1,2180.5,30.4,2,0.817,0,None,0.0,45.44,45.01,0.43,2225.0,952.0,952.0
IND_FIELD_0421,Uttar Pradesh & Bihar,Wheat,13.69,6.79,114.0,54.5,286.6,20.5,9.2,11.4,13.8,0.83,5.65,0.54,2.17,0.65,0.69,1328.8,2842.4,27.5,7,0.92,0,None,0.0,42.47,42.5,-0.03,2275.0,-62.0,-62.0
IND_FIELD_0422,Uttar Pradesh & Bihar,Soybean,6.02,6.38,145.4,32.0,215.8,47.8,6.5,18.8,8.1,0.63,3.21,0.69,4.96,0.31,0.52,501.3,2386.6,26.4,7,0.785,1,Syngenta CropBio+ (Biostimulant),2.54,23.33,19.64,3.68,4892.0,18022.0,16029.0
IND_FIELD_0423,Punjab & Haryana (Indo-Gangetic),Wheat,10.48,7.41,90.2,14.5,117.7,21.8,22.4,26.8,5.1,1.23,5.45,0.28,7.08,0.67,0.35,1272.1,2480.4,23.2,9,0.92,0,None,0.0,36.34,36.31,0.03,2275.0,74.0,74.0
IND_FIELD_0424,Maharashtra & Vidarbha (Deccan),Onion,5.94,7.78,123.9,23.3,245.7,20.2,6.1,30.1,8.4,0.96,5.23,0.51,5.28,0.73,0.72,935.8,2923.5,24.9,8,0.888,1,Syngenta Isabion,1.53,218.05,189.65,28.4,2800.0,79520.0,77786.0
IND_FIELD_0425,Punjab & Haryana (Indo-Gangetic),Cotton,7.04,7.42,132.0,30.8,203.2,44.4,19.2,19.1,10.6,0.8,6.07,0.77,7.34,0.4,0.28,1038.0,2214.7,24.9,7,0.906,0,None,0.0,21.06,19.56,1.5,7121.0,10655.0,10655.0
IND_FIELD_0426,Andhra Pradesh & Telangana,Maize,12.83,7.78,70.3,18.7,236.1,27.1,8.7,19.3,12.2,0.75,4.16,0.55,2.75,0.53,0.35,737.5,1935.5,34.2,6,0.92,0,None,0.0,51.77,51.76,0.01,2225.0,23.0,23.0
IND_FIELD_0427,Maharashtra & Vidarbha (Deccan),Cotton,11.52,6.75,165.0,52.7,293.5,37.5,22.4,25.5,8.3,0.85,6.91,0.69,5.13,0.67,0.28,1368.4,2528.4,27.6,8,0.92,1,Syngenta CropBio+ (Biostimulant),2.87,26.86,23.65,3.21,7121.0,22878.0,20940.0
IND_FIELD_0428,Karnataka & Tamil Nadu,Wheat,4.55,6.18,219.2,45.0,185.7,27.9,22.1,30.7,9.7,0.34,8.25,0.72,6.39,0.51,0.62,717.8,2540.3,22.5,7,0.735,0,None,0.0,34.63,34.11,0.52,2275.0,1192.0,1192.0
IND_FIELD_0429,Maharashtra & Vidarbha (Deccan),Soybean,8.22,7.57,87.3,23.5,296.3,29.7,17.8,15.9,6.3,1.28,7.8,0.38,4.89,0.51,0.63,1009.4,2916.0,23.8,6,0.92,0,None,0.0,21.49,21.41,0.08,4892.0,400.0,400.0
IND_FIELD_0430,Punjab & Haryana (Indo-Gangetic),Wheat,3.82,6.67,167.6,37.4,260.2,25.9,18.1,19.7,10.3,1.4,9.07,0.81,2.5,0.34,0.61,1393.7,3155.6,23.0,4,0.92,0,None,0.0,34.63,34.33,0.3,2275.0,691.0,691.0
IND_FIELD_0431,Punjab & Haryana (Indo-Gangetic),Maize,8.79,7.41,179.7,43.0,197.3,28.3,6.1,27.5,13.9,0.5,6.5,0.52,5.21,0.91,0.44,1287.0,1877.4,29.7,6,0.92,1,Syngenta CropBio+ (Biostimulant),1.3,57.94,51.54,6.4,2225.0,14239.0,12618.0
IND_FIELD_0432,Uttar Pradesh & Bihar,Rice (Paddy),10.79,6.45,135.5,52.5,224.8,30.3,23.7,23.4,4.0,0.43,6.99,0.35,5.36,0.78,0.22,959.5,2628.4,24.4,4,0.92,1,Syngenta CropBio+ (Biostimulant),2.11,48.95,44.26,4.69,2300.0,10779.0,8873.0
IND_FIELD_0433,Andhra Pradesh & Telangana,Sugarcane,4.8,5.99,186.2,49.9,158.1,39.6,21.8,12.4,12.8,0.46,9.12,0.81,6.01,0.25,0.79,1390.9,2753.8,28.5,9,0.92,0,None,0.0,528.59,528.41,0.18,340.0,61.0,61.0
IND_FIELD_0434,Punjab & Haryana (Indo-Gangetic),Groundnut (Peanut),6.68,8.18,133.9,34.2,316.1,33.3,22.1,23.8,9.4,1.03,6.32,0.49,6.19,0.79,0.51,1116.3,3180.1,26.8,4,0.92,1,Syngenta Isabion,2.06,26.62,23.55,3.07,6783.0,20836.0,18986.0
IND_FIELD_0435,Punjab & Haryana (Indo-Gangetic),Tur / Pigeon Pea (Arhar),7.88,6.17,150.8,45.3,240.2,46.3,17.9,14.1,6.1,1.03,8.32,0.73,6.24,0.77,0.43,648.3,3119.6,32.5,2,0.842,1,Syngenta Quantis,1.49,18.53,17.2,1.32,7550.0,9999.0,8016.0
IND_FIELD_0436,Uttar Pradesh & Bihar,Cotton,13.61,8.17,61.3,36.2,90.5,19.3,12.2,21.2,13.5,1.23,6.37,0.58,5.65,0.26,0.56,835.3,2797.4,26.2,4,0.92,1,Syngenta CropBio+ (Biostimulant),1.36,23.88,21.59,2.28,7121.0,16253.0,14372.0
IND_FIELD_0437,Punjab & Haryana (Indo-Gangetic),Rice (Paddy),14.43,8.15,184.5,35.8,158.4,33.1,22.1,21.6,8.6,1.13,6.25,0.47,3.19,0.51,0.28,767.8,2530.5,28.0,4,0.92,0,None,0.0,46.67,46.36,0.32,2300.0,730.0,730.0
IND_FIELD_0438,Uttar Pradesh & Bihar,Cotton,3.99,7.71,179.0,16.9,229.6,35.5,11.2,29.3,7.0,0.79,8.75,0.77,4.22,0.67,0.24,776.8,2026.1,31.4,3,0.854,1,Syngenta Quantis,1.64,20.22,18.68,1.54,7121.0,10965.0,9221.0
IND_FIELD_0439,Uttar Pradesh & Bihar,Tomato,11.87,7.38,66.9,17.4,93.5,45.6,16.1,20.2,5.4,0.97,4.48,0.61,6.27,0.57,0.43,1172.4,2337.8,27.6,8,0.92,0,None,0.0,261.45,262.33,-0.88,2400.0,-2108.0,-2108.0
IND_FIELD_0440,Punjab & Haryana (Indo-Gangetic),Tur / Pigeon Pea (Arhar),7.59,7.19,126.3,34.8,85.7,19.5,7.8,16.1,6.1,1.06,5.67,0.47,7.24,0.79,0.31,1005.0,2619.2,32.3,4,0.907,0,None,0.0,16.12,16.09,0.03,7550.0,232.0,232.0
IND_FIELD_0441,Punjab & Haryana (Indo-Gangetic),Wheat,7.82,7.88,236.2,23.6,188.0,35.2,22.6,15.1,12.2,0.86,4.84,0.28,2.43,0.55,0.32,486.2,2815.3,30.6,5,0.739,0,None,0.0,35.9,36.65,-0.74,2275.0,-1687.0,-1687.0
IND_FIELD_0442,Karnataka & Tamil Nadu,Mustard / Rapeseed,11.8,6.49,135.7,12.9,159.8,43.6,8.5,29.2,10.0,0.82,5.82,0.83,4.95,0.36,0.77,1283.6,2689.6,27.3,5,0.92,1,Syngenta CropBio+ (Biostimulant),2.83,31.1,26.72,4.38,5650.0,24746.0,22695.0
IND_FIELD_0443,Maharashtra & Vidarbha (Deccan),Wheat,13.6,6.92,150.4,43.1,185.2,25.3,10.0,13.8,13.1,1.01,4.88,0.22,3.72,0.93,0.52,732.0,2799.8,28.6,7,0.896,1,Syngenta Quantis,1.49,47.14,42.19,4.95,2275.0,11265.0,9165.0
IND_FIELD_0444,Maharashtra & Vidarbha (Deccan),Sugarcane,13.96,7.29,223.8,13.4,143.0,44.3,16.0,19.4,5.9,0.91,7.43,0.8,3.24,0.42,0.49,1397.2,2400.8,34.6,7,0.92,1,Syngenta Isabion,2.63,733.5,655.86,77.65,340.0,26400.0,24391.0
IND_FIELD_0445,Uttar Pradesh & Bihar,Soybean,9.85,6.79,189.1,37.6,119.5,18.6,19.8,14.1,4.8,1.01,9.03,0.45,4.78,0.75,0.63,1356.5,2818.7,30.6,6,0.92,1,Syngenta Isabion,1.96,26.38,24.41,1.96,4892.0,9598.0,7792.0
IND_FIELD_0446,Karnataka & Tamil Nadu,Maize,7.43,6.83,164.8,35.2,245.4,40.0,17.1,27.0,3.6,0.97,8.94,0.65,5.33,0.35,0.82,1343.5,2001.2,33.8,4,0.92,1,Syngenta CropBio+ (Biostimulant),1.53,57.26,51.51,5.74,2225.0,12782.0,11005.0
IND_FIELD_0447,Karnataka & Tamil Nadu,Soybean,12.16,6.59,203.6,53.7,203.5,46.0,10.2,20.4,8.8,1.09,5.86,0.85,2.05,0.48,0.23,1220.6,2027.6,24.3,6,0.92,1,Syngenta CropBio+ (Biostimulant),2.89,28.23,25.43,2.8,4892.0,13685.0,11698.0
IND_FIELD_0448,Uttar Pradesh & Bihar,Mustard / Rapeseed,6.26,7.15,215.6,32.8,128.0,37.7,6.0,17.7,14.0,1.01,10.42,0.31,6.29,0.56,0.73,659.6,2028.0,28.3,4,0.8,0,None,0.0,25.15,25.06,0.09,5650.0,536.0,536.0
IND_FIELD_0449,Maharashtra & Vidarbha (Deccan),Groundnut (Peanut),9.7,7.84,142.2,14.7,156.7,31.2,19.6,17.9,10.8,0.87,7.54,0.6,6.51,0.38,0.56,956.0,3047.2,33.8,4,0.92,0,None,0.0,24.66,24.66,0.0,6783.0,7.0,7.0
IND_FIELD_0450,Punjab & Haryana (Indo-Gangetic),Maize,7.44,6.28,145.5,35.7,222.0,19.3,23.7,28.7,6.7,1.05,6.12,0.74,7.31,0.56,0.25,663.1,1906.4,26.2,4,0.81,0,None,0.0,48.16,48.8,-0.64,2225.0,-1426.0,-1426.0
IND_FIELD_0451,Uttar Pradesh & Bihar,Soybean,10.72,8.04,129.5,48.2,97.3,45.6,20.6,22.2,12.7,0.79,9.3,0.73,2.99,0.36,0.36,696.7,2922.1,34.6,11,0.898,0,None,0.0,23.86,23.04,0.82,4892.0,4000.0,4000.0
IND_FIELD_0452,Andhra Pradesh & Telangana,Rice (Paddy),6.14,7.45,234.0,54.9,115.4,32.1,14.3,25.8,11.7,0.57,8.53,0.57,5.27,0.64,0.49,1030.4,2127.0,23.3,6,0.883,1,Syngenta CropBio+ (Biostimulant),2.27,46.17,39.72,6.45,2300.0,14836.0,12737.0
IND_FIELD_0453,Maharashtra & Vidarbha (Deccan),Cotton,5.61,7.78,185.5,30.5,97.6,18.9,22.3,29.7,3.7,0.3,8.67,0.64,4.35,0.71,0.63,488.8,2455.8,33.7,3,0.669,1,Syngenta CropBio+ (Biostimulant),1.68,21.27,18.07,3.2,7121.0,22811.0,20722.0
IND_FIELD_0454,Karnataka & Tamil Nadu,Rice (Paddy),13.6,7.13,75.0,25.8,275.0,38.7,13.4,29.8,12.1,0.92,4.63,0.73,3.84,0.29,0.32,1371.0,3082.3,27.8,4,0.92,1,Syngenta Isabion,1.97,48.85,44.18,4.66,2300.0,10719.0,8676.0
IND_FIELD_0455,Punjab & Haryana (Indo-Gangetic),Soybean,4.62,7.67,215.3,51.0,260.6,32.5,15.4,17.2,6.7,0.95,6.62,0.79,5.11,0.86,0.52,1322.7,2620.3,23.0,6,0.92,0,None,0.0,21.74,21.26,0.48,4892.0,2330.0,2330.0
IND_FIELD_0456,Maharashtra & Vidarbha (Deccan),Tur / Pigeon Pea (Arhar),9.07,5.84,146.5,20.2,260.8,21.7,14.6,31.0,5.1,1.37,9.49,0.73,6.3,0.38,0.63,811.7,2094.2,33.4,4,0.879,1,Syngenta CropBio+ (Biostimulant),2.75,19.37,16.49,2.87,7550.0,21690.0,19672.0
IND_FIELD_0457,Punjab & Haryana (Indo-Gangetic),Wheat,5.93,7.76,72.4,38.5,251.9,24.4,14.1,10.5,5.9,0.7,6.88,0.45,2.13,0.41,0.46,939.7,2197.7,25.3,2,0.875,0,None,0.0,32.79,32.34,0.45,2275.0,1026.0,1026.0
IND_FIELD_0458,Maharashtra & Vidarbha (Deccan),Rice (Paddy),3.93,5.9,158.9,29.4,240.7,19.9,20.0,18.3,8.4,0.73,8.19,0.9,7.33,0.71,0.75,892.8,3088.6,22.3,1,0.826,1,Syngenta Isabion,1.72,39.67,36.07,3.6,2300.0,8283.0,6556.0
IND_FIELD_0459,Punjab & Haryana (Indo-Gangetic),Rice (Paddy),3.9,7.94,135.1,13.8,194.5,35.2,15.5,29.7,8.0,0.52,7.49,0.5,6.45,0.58,0.76,1288.1,2398.0,23.8,7,0.92,0,None,0.0,34.39,35.32,-0.93,2300.0,-2148.0,-2148.0
IND_FIELD_0460,Punjab & Haryana (Indo-Gangetic),Rice (Paddy),5.43,8.18,218.0,26.9,234.1,36.7,11.7,16.0,6.5,0.38,9.35,0.22,6.13,0.6,0.48,1104.2,2621.8,30.6,5,0.92,1,Syngenta Isabion,1.32,43.28,39.05,4.23,2300.0,9723.0,7692.0
IND_FIELD_0461,Punjab & Haryana (Indo-Gangetic),Sugarcane,13.03,6.51,96.7,23.4,89.2,33.2,10.6,16.0,5.3,1.15,5.28,0.45,6.18,0.34,0.83,714.2,2443.9,34.7,6,0.887,1,Syngenta Isabion,2.51,665.64,590.67,74.97,340.0,25491.0,23842.0
IND_FIELD_0462,Andhra Pradesh & Telangana,Wheat,6.61,6.3,208.8,41.5,229.2,42.5,6.7,16.7,11.5,0.57,7.4,0.29,4.14,0.81,0.2,874.5,2329.8,23.4,8,0.92,1,Syngenta Isabion,2.21,42.63,37.96,4.67,2275.0,10622.0,8739.0
IND_FIELD_0463,Uttar Pradesh & Bihar,Tur / Pigeon Pea (Arhar),13.96,7.64,160.4,52.8,266.7,43.8,16.5,23.5,13.9,0.97,4.1,0.29,6.13,0.68,0.15,857.5,2112.6,28.0,3,0.92,0,None,0.0,19.88,19.94,-0.06,7550.0,-428.0,-428.0
IND_FIELD_0464,Andhra Pradesh & Telangana,Wheat,9.9,6.41,69.8,23.5,200.1,36.5,10.1,19.6,11.7,1.06,8.24,0.4,4.13,0.34,0.42,1361.4,2760.7,24.3,6,0.92,0,None,0.0,35.51,35.82,-0.32,2275.0,-720.0,-720.0
IND_FIELD_0465,Karnataka & Tamil Nadu,Tomato,8.3,7.88,234.9,46.9,165.8,18.4,8.7,26.0,6.6,0.82,8.54,0.24,6.94,0.51,0.57,616.5,2805.5,31.7,7,0.81,0,None,0.0,264.8,264.47,0.33,2400.0,799.0,799.0
IND_FIELD_0466,Maharashtra & Vidarbha (Deccan),Mustard / Rapeseed,9.88,6.05,152.3,14.4,146.6,38.9,17.8,29.7,6.1,1.26,3.51,0.68,2.97,0.82,0.59,535.1,2184.8,23.5,4,0.842,0,None,0.0,25.78,26.16,-0.38,5650.0,-2150.0,-2150.0
IND_FIELD_0467,Maharashtra & Vidarbha (Deccan),Cotton,9.18,6.1,112.4,35.1,234.3,30.5,18.3,24.8,5.8,0.79,8.13,0.25,3.61,0.65,0.48,1286.6,2904.6,25.1,6,0.92,1,Syngenta CropBio+ (Biostimulant),1.92,23.95,20.71,3.24,7121.0,23075.0,21028.0
IND_FIELD_0468,Karnataka & Tamil Nadu,Tur / Pigeon Pea (Arhar),11.85,8.15,144.5,15.0,246.3,35.0,19.5,14.5,4.9,0.61,6.23,0.34,5.03,0.33,0.24,1301.9,2996.3,24.6,8,0.92,1,Syngenta Isabion,2.6,20.43,17.88,2.56,7550.0,19313.0,17425.0
IND_FIELD_0469,Punjab & Haryana (Indo-Gangetic),Soybean,6.61,7.42,214.4,52.2,289.0,37.5,15.1,30.5,9.3,1.29,4.11,0.27,3.76,0.51,0.27,1278.2,3088.9,29.2,3,0.92,0,None,0.0,23.46,22.42,1.04,4892.0,5093.0,5093.0
IND_FIELD_0470,Karnataka & Tamil Nadu,Groundnut (Peanut),7.38,7.83,114.9,45.0,162.2,28.5,22.1,15.8,9.9,1.25,6.27,0.24,4.33,0.42,0.75,935.4,2025.7,33.4,6,0.875,1,Syngenta Isabion,1.29,25.69,22.72,2.97,6783.0,20148.0,18366.0
IND_FIELD_0471,Punjab & Haryana (Indo-Gangetic),Rice (Paddy),13.34,6.58,94.7,40.3,264.7,45.5,22.9,13.3,10.9,0.48,4.62,0.39,4.71,0.61,0.76,1076.8,2225.5,28.6,5,0.92,1,Syngenta Isabion,1.53,50.54,45.2,5.34,2300.0,12284.0,10663.0
IND_FIELD_0472,Karnataka & Tamil Nadu,Gram / Chickpea (Chana),13.91,7.42,83.2,47.4,214.7,22.0,20.5,12.0,10.6,0.33,6.23,0.6,6.71,0.84,0.62,985.2,3004.5,22.8,7,0.92,0,None,0.0,21.57,21.44,0.13,5440.0,700.0,700.0
IND_FIELD_0473,Punjab & Haryana (Indo-Gangetic),Mustard / Rapeseed,13.32,7.23,113.6,39.8,291.9,38.1,17.4,22.4,6.6,0.4,6.01,0.88,4.88,0.56,0.61,516.0,2078.0,29.3,5,0.832,1,Syngenta CropBio+ (Biostimulant),1.23,32.91,29.4,3.51,5650.0,19839.0,18202.0
IND_FIELD_0474,Karnataka & Tamil Nadu,Groundnut (Peanut),8.11,7.25,200.4,53.7,206.7,18.1,11.5,12.5,7.0,0.62,8.59,0.81,3.99,0.55,0.57,1016.0,1804.9,32.4,3,0.92,1,Syngenta Isabion,2.63,27.25,25.36,1.88,6783.0,12778.0,11139.0
IND_FIELD_0475,Andhra Pradesh & Telangana,Groundnut (Peanut),12.08,7.44,144.9,42.7,204.2,45.7,23.7,13.1,10.7,1.37,8.85,0.81,3.36,0.88,0.29,462.9,3019.2,23.7,6,0.79,1,Syngenta CropBio+ (Biostimulant),2.82,29.61,26.74,2.87,6783.0,19499.0,17791.0
IND_FIELD_0476,Karnataka & Tamil Nadu,Rice (Paddy),8.74,7.18,100.9,51.8,218.7,21.4,10.9,16.6,7.2,0.91,7.63,0.32,4.25,0.65,0.45,758.7,2257.0,22.9,8,0.907,1,Syngenta CropBio+ (Biostimulant),2.09,45.59,39.48,6.11,2300.0,14056.0,12139.0
IND_FIELD_0477,Punjab & Haryana (Indo-Gangetic),Soybean,8.97,6.83,89.9,34.2,259.8,20.8,9.6,16.2,5.7,0.71,3.37,0.39,4.84,0.65,0.64,1335.7,2380.3,24.4,5,0.92,0,None,0.0,22.54,22.35,0.2,4892.0,967.0,967.0
IND_FIELD_0478,Andhra Pradesh & Telangana,Rice (Paddy),5.75,6.46,119.9,17.0,311.5,28.0,14.0,23.3,7.4,1.28,10.0,0.25,6.1,0.43,0.53,738.8,2424.9,31.7,6,0.829,0,None,0.0,37.13,37.08,0.05,2300.0,121.0,121.0
IND_FIELD_0479,Karnataka & Tamil Nadu,Cotton,10.0,7.64,229.2,34.7,97.7,29.2,7.0,28.0,6.4,0.8,8.21,0.74,2.67,0.68,0.16,1342.8,2987.6,29.7,6,0.92,1,Syngenta Quantis,1.76,24.06,22.13,1.94,7121.0,13810.0,11741.0
IND_FIELD_0480,Andhra Pradesh & Telangana,Maize,5.55,6.34,121.7,17.5,92.8,24.4,23.6,26.7,4.4,0.65,3.45,0.25,3.22,0.65,0.82,687.6,2273.0,29.0,7,0.73,0,None,0.0,42.9,42.19,0.71,2225.0,1569.0,1569.0
IND_FIELD_0481,Andhra Pradesh & Telangana,Rice (Paddy),7.15,7.46,237.9,37.5,305.0,35.6,16.6,15.8,12.2,1.34,9.18,0.59,4.09,0.53,0.74,748.8,3049.2,25.2,2,0.772,0,None,0.0,41.06,41.54,-0.49,2300.0,-1120.0,-1120.0
IND_FIELD_0482,Andhra Pradesh & Telangana,Onion,12.91,6.36,147.3,32.7,207.2,31.3,16.0,15.4,12.5,1.23,4.66,0.37,3.98,0.94,0.33,1047.0,2663.7,26.3,17,0.92,1,Syngenta Isabion,2.87,268.26,236.14,32.12,2800.0,89928.0,88140.0
IND_FIELD_0483,Maharashtra & Vidarbha (Deccan),Sugarcane,5.78,7.3,92.2,38.8,227.6,19.0,17.8,31.2,5.8,1.23,7.43,0.37,4.15,0.87,0.58,1173.5,2538.2,34.6,5,0.92,1,Syngenta Quantis,2.8,591.93,521.92,70.02,340.0,23806.0,22151.0
IND_FIELD_0484,Andhra Pradesh & Telangana,Mustard / Rapeseed,4.28,7.59,220.4,12.4,195.8,27.6,14.9,10.2,4.2,0.86,6.61,0.89,6.36,0.77,0.8,926.3,2255.9,25.1,10,0.836,1,Syngenta Quantis,2.86,28.26,23.96,4.29,5650.0,24258.0,22269.0
IND_FIELD_0485,Andhra Pradesh & Telangana,Soybean,4.26,6.32,142.9,20.4,102.5,42.3,6.6,29.4,11.3,1.17,6.26,0.73,3.78,0.63,0.22,1288.0,2141.2,33.7,5,0.92,0,None,0.0,18.85,19.22,-0.37,4892.0,-1813.0,-1813.0
IND_FIELD_0486,Karnataka & Tamil Nadu,Mustard / Rapeseed,13.85,5.94,187.7,33.1,264.3,38.7,17.0,14.4,5.7,0.5,9.69,0.79,4.76,0.57,0.5,488.2,2673.7,29.5,8,0.84,0,None,0.0,29.22,30.15,-0.93,5650.0,-5280.0,-5280.0
IND_FIELD_0487,Punjab & Haryana (Indo-Gangetic),Tur / Pigeon Pea (Arhar),9.08,6.11,237.1,52.9,259.3,39.7,18.9,30.8,7.6,0.93,6.39,0.6,5.43,0.38,0.47,1326.1,2425.7,23.6,8,0.92,1,Syngenta Quantis,1.46,20.87,19.28,1.59,7550.0,11993.0,10379.0
IND_FIELD_0488,Maharashtra & Vidarbha (Deccan),Wheat,8.0,7.25,69.0,28.5,154.8,38.9,13.5,17.5,4.2,1.38,3.75,0.81,3.28,0.46,0.44,636.5,3074.7,28.1,8,0.848,1,Syngenta Isabion,1.97,39.44,33.77,5.66,2275.0,12880.0,10802.0
IND_FIELD_0489,Karnataka & Tamil Nadu,Sugarcane,12.42,7.84,77.4,30.2,153.5,27.3,19.6,19.7,5.9,0.62,10.11,0.65,5.95,0.79,0.73,1290.0,2488.3,34.3,7,0.92,1,Syngenta Isabion,2.44,658.52,581.62,76.9,340.0,26146.0,24153.0
IND_FIELD_0490,Karnataka & Tamil Nadu,Groundnut (Peanut),12.69,5.91,189.7,42.7,281.1,21.0,10.1,25.6,11.8,1.17,9.92,0.86,5.01,0.57,0.42,830.8,2516.5,27.4,5,0.918,1,Syngenta Quantis,1.99,30.64,27.76,2.88,6783.0,19526.0,17759.0
IND_FIELD_0491,Maharashtra & Vidarbha (Deccan),Cotton,7.15,7.56,110.7,38.0,97.4,26.2,10.0,22.9,11.9,0.84,8.2,0.4,4.46,0.87,0.19,1241.1,2383.4,33.2,8,0.92,1,Syngenta Quantis,2.81,22.75,19.06,3.69,7121.0,26287.0,24499.0
IND_FIELD_0492,Andhra Pradesh & Telangana,Wheat,11.13,6.62,93.2,24.9,291.5,43.0,8.9,17.0,5.7,0.34,6.62,0.62,6.45,0.35,0.2,1088.1,2905.0,25.3,6,0.92,1,Syngenta Isabion,2.49,44.72,38.79,5.93,2275.0,13489.0,11859.0
IND_FIELD_0493,Maharashtra & Vidarbha (Deccan),Rice (Paddy),11.98,6.95,67.1,29.7,141.6,47.4,12.7,22.2,7.0,1.14,3.88,0.68,3.34,0.61,0.18,617.1,2394.8,29.4,3,0.842,0,None,0.0,40.29,41.35,-1.06,2300.0,-2427.0,-2427.0
IND_FIELD_0494,Punjab & Haryana (Indo-Gangetic),Soybean,10.7,8.03,63.9,21.4,222.3,32.8,21.2,26.1,4.9,0.49,8.97,0.48,6.86,0.7,0.44,1322.1,2177.1,33.0,5,0.92,1,Syngenta CropBio+ (Biostimulant),1.33,25.07,21.52,3.55,4892.0,17384.0,15628.0
IND_FIELD_0495,Maharashtra & Vidarbha (Deccan),Rice (Paddy),5.17,6.6,199.4,53.5,304.6,18.3,20.9,10.9,4.3,0.99,3.75,0.82,5.09,0.61,0.65,683.2,3006.8,34.0,3,0.72,1,Syngenta Quantis,1.52,43.57,38.97,4.6,2300.0,10578.0,8784.0
IND_FIELD_0496,Maharashtra & Vidarbha (Deccan),Soybean,13.13,6.92,84.2,17.6,242.7,22.2,12.9,10.2,13.9,0.39,3.7,0.89,5.35,0.87,0.29,681.9,2635.6,28.3,8,0.889,0,None,0.0,22.92,23.97,-1.05,4892.0,-5128.0,-5128.0
IND_FIELD_0497,Andhra Pradesh & Telangana,Soybean,9.43,5.83,144.2,28.0,179.5,27.7,16.6,20.1,10.4,1.34,7.12,0.55,6.81,0.94,0.6,1223.5,2628.1,30.3,1,0.92,1,Syngenta Quantis,2.96,25.03,22.59,2.44,4892.0,11940.0,10165.0
IND_FIELD_0498,Punjab & Haryana (Indo-Gangetic),Soybean,6.61,6.0,169.1,13.1,245.5,35.4,19.0,12.9,9.2,0.62,4.37,0.47,6.5,0.33,0.63,550.6,2655.2,22.0,4,0.767,0,None,0.0,20.8,20.69,0.11,4892.0,538.0,538.0
IND_FIELD_0499,Karnataka & Tamil Nadu,Onion,8.18,6.42,137.1,21.5,162.6,20.3,10.3,24.6,11.5,0.55,3.26,0.53,5.31,0.34,0.33,660.9,2806.4,25.3,2,0.799,1,Syngenta CropBio+ (Biostimulant),2.33,221.62,197.31,24.3,2800.0,68050.0,66279.0
IND_FIELD_0500,Karnataka & Tamil Nadu,Wheat,3.91,5.87,64.9,45.6,146.5,46.3,9.0,14.7,12.3,0.44,6.29,0.8,6.14,0.34,0.57,928.5,2238.3,25.6,6,0.859,0,None,0.0,30.22,29.19,1.03,2275.0,2340.0,2340.0
IND_FIELD_0501,Andhra Pradesh & Telangana,Onion,4.91,7.32,201.0,20.7,319.2,29.0,23.5,19.5,12.0,1.34,4.2,0.65,4.38,0.73,0.63,1239.0,1847.4,23.2,6,0.92,1,Syngenta Quantis,1.68,233.44,207.42,26.01,2800.0,72838.0,70873.0
IND_FIELD_0502,Andhra Pradesh & Telangana,Rice (Paddy),11.92,6.82,61.9,15.4,260.2,45.4,17.1,14.3,3.7,1.08,4.37,0.23,5.01,0.51,0.48,590.1,2934.8,25.6,4,0.79,1,Syngenta Quantis,1.5,45.39,40.91,4.49,2300.0,10322.0,8272.0
IND_FIELD_0503,Maharashtra & Vidarbha (Deccan),Rice (Paddy),3.5,7.12,197.1,32.4,234.7,41.4,23.7,22.1,5.5,1.12,3.76,0.58,2.34,0.76,0.39,970.3,1980.5,26.2,4,0.839,0,None,0.0,37.82,37.08,0.74,2300.0,1694.0,1694.0
IND_FIELD_0504,Uttar Pradesh & Bihar,Wheat,8.08,6.22,220.8,12.4,165.3,40.7,12.1,12.6,10.4,0.85,4.7,0.21,2.49,0.53,0.58,1125.7,2810.5,34.6,6,0.92,1,Syngenta Quantis,2.19,42.27,38.06,4.22,2275.0,9597.0,7713.0
IND_FIELD_0505,Andhra Pradesh & Telangana,Rice (Paddy),9.25,6.51,137.9,15.6,91.8,36.2,18.7,10.5,7.4,0.82,8.42,0.74,6.56,0.69,0.83,1267.6,1915.2,30.7,4,0.92,0,None,0.0,39.93,40.14,-0.21,2300.0,-483.0,-483.0
IND_FIELD_0506,Punjab & Haryana (Indo-Gangetic),Soybean,4.1,7.39,156.4,46.7,87.5,36.8,10.0,11.1,13.8,0.42,9.11,0.43,2.33,0.79,0.45,1338.8,2325.4,27.5,3,0.92,1,Syngenta Isabion,1.25,22.3,20.32,1.98,4892.0,9690.0,7945.0
IND_FIELD_0507,Karnataka & Tamil Nadu,Sugarcane,14.2,8.12,145.9,45.2,213.0,37.1,10.7,31.0,10.5,0.92,6.5,0.53,2.93,0.63,0.42,1195.4,1888.2,34.8,3,0.92,1,Syngenta CropBio+ (Biostimulant),1.93,694.05,633.68,60.36,340.0,20524.0,18775.0
IND_FIELD_0508,Uttar Pradesh & Bihar,Cotton,5.99,5.92,130.1,51.4,262.9,36.9,15.2,13.1,13.5,0.57,6.9,0.76,6.38,0.63,0.47,1070.2,2531.1,24.0,6,0.92,1,Syngenta Quantis,1.76,22.74,20.32,2.42,7121.0,17223.0,15511.0
IND_FIELD_0509,Karnataka & Tamil Nadu,Sugarcane,6.85,7.94,219.7,48.7,209.0,34.6,11.8,25.6,5.6,1.37,3.44,0.23,2.01,0.31,0.2,861.9,2714.4,28.2,4,0.877,1,Syngenta Quantis,2.23,629.33,565.85,63.48,340.0,21583.0,19790.0
IND_FIELD_0510,Uttar Pradesh & Bihar,Sugarcane,6.84,7.18,220.9,41.4,281.8,47.6,9.0,11.5,12.6,1.18,3.71,0.31,3.55,0.54,0.54,556.5,2040.0,30.4,9,0.755,1,Syngenta Quantis,1.22,639.37,557.05,82.32,340.0,27988.0,26324.0
IND_FIELD_0511,Andhra Pradesh & Telangana,Cotton,6.03,7.15,120.4,14.3,88.0,40.0,10.7,12.4,6.9,0.75,5.08,0.48,5.21,0.63,0.38,1124.3,2320.3,22.7,11,0.916,0,None,0.0,18.65,18.38,0.28,7121.0,1963.0,1963.0
IND_FIELD_0512,Maharashtra & Vidarbha (Deccan),Soybean,3.52,7.0,170.7,45.7,168.0,41.3,6.6,21.2,13.9,0.47,7.17,0.36,5.27,0.57,0.23,1393.1,3102.3,31.3,2,0.92,0,None,0.0,19.66,19.13,0.53,4892.0,2575.0,2575.0
IND_FIELD_0513,Karnataka & Tamil Nadu,Groundnut (Peanut),11.52,5.97,226.8,48.4,136.9,44.2,18.7,20.2,5.2,1.16,8.6,0.44,6.27,0.88,0.48,1149.9,2419.3,23.3,6,0.92,1,Syngenta Quantis,2.46,30.99,27.38,3.61,6783.0,24488.0,22453.0
IND_FIELD_0514,Karnataka & Tamil Nadu,Wheat,14.14,6.02,233.2,46.4,187.3,24.5,14.9,30.9,8.9,0.43,7.62,0.9,4.78,0.88,0.15,465.9,2923.6,23.8,6,0.832,1,Syngenta Quantis,2.01,49.62,43.8,5.82,2275.0,13235.0,11314.0
IND_FIELD_0515,Punjab & Haryana (Indo-Gangetic),Soybean,5.97,7.24,151.6,33.9,97.4,20.5,7.7,30.8,11.8,0.51,6.06,0.78,4.8,0.83,0.43,921.4,3098.1,24.1,6,0.85,1,Syngenta Quantis,2.05,23.01,19.97,3.04,4892.0,14858.0,13129.0
IND_FIELD_0516,Punjab & Haryana (Indo-Gangetic),Tomato,10.79,6.62,141.5,22.0,309.0,32.5,9.1,27.2,8.0,0.53,4.06,0.82,5.99,0.51,0.22,1033.9,3164.1,34.1,5,0.92,0,None,0.0,281.97,282.01,-0.03,2400.0,-83.0,-83.0
IND_FIELD_0517,Maharashtra & Vidarbha (Deccan),Soybean,11.66,8.0,110.2,48.3,133.6,33.4,7.8,23.2,8.4,0.91,8.9,0.86,4.74,0.75,0.17,1105.2,3057.7,30.9,6,0.92,0,None,0.0,23.1,23.61,-0.51,4892.0,-2501.0,-2501.0
IND_FIELD_0518,Uttar Pradesh & Bihar,Maize,12.83,6.78,232.6,43.3,301.4,42.9,17.0,20.0,13.9,1.17,5.86,0.44,5.35,0.53,0.73,1133.7,2244.4,30.5,7,0.92,1,Syngenta Isabion,1.59,67.82,60.92,6.9,2225.0,15343.0,13493.0
IND_FIELD_0519,Karnataka & Tamil Nadu,Tomato,8.15,6.14,85.7,54.2,182.2,31.3,7.7,17.8,8.0,0.65,8.57,0.41,6.94,0.41,0.79,980.2,3147.6,29.2,1,0.91,0,None,0.0,249.74,250.02,-0.28,2400.0,-679.0,-679.0
IND_FIELD_0520,Punjab & Haryana (Indo-Gangetic),Cotton,6.83,7.52,164.4,18.7,316.5,35.1,19.6,30.8,9.8,0.39,6.94,0.36,4.21,0.49,0.3,662.2,2937.4,25.8,3,0.823,1,Syngenta Quantis,2.39,22.53,19.9,2.63,7121.0,18737.0,17083.0
IND_FIELD_0521,Andhra Pradesh & Telangana,Soybean,7.08,6.5,110.9,21.7,213.0,33.8,6.4,23.3,4.1,0.81,8.59,0.78,4.12,0.3,0.53,1345.1,2972.0,30.1,9,0.92,1,Syngenta Quantis,1.84,23.92,21.08,2.84,4892.0,13886.0,12035.0
IND_FIELD_0522,Maharashtra & Vidarbha (Deccan),Soybean,11.34,7.06,110.2,21.1,303.4,19.1,10.5,22.7,12.3,1.12,9.82,0.68,2.02,0.48,0.34,1111.8,1821.2,27.3,2,0.92,1,Syngenta Isabion,2.14,26.3,23.59,2.7,4892.0,13221.0,11280.0
IND_FIELD_0523,Karnataka & Tamil Nadu,Rice (Paddy),12.48,7.47,132.9,46.1,81.3,36.5,22.0,15.1,10.3,0.54,9.92,0.37,5.37,0.57,0.5,675.0,3135.9,23.9,6,0.857,0,None,0.0,42.87,43.2,-0.33,2300.0,-766.0,-766.0
IND_FIELD_0524,Uttar Pradesh & Bihar,Soybean,5.5,7.96,239.8,20.0,259.6,42.8,18.9,11.0,7.7,0.54,7.11,0.46,2.16,0.92,0.46,756.2,2889.3,31.0,5,0.82,1,Syngenta Isabion,1.44,24.27,21.23,3.04,4892.0,14867.0,12783.0
IND_FIELD_0525,Uttar Pradesh & Bihar,Maize,7.58,7.7,69.9,14.9,296.7,22.7,7.3,30.8,3.7,1.34,6.93,0.55,4.77,0.47,0.34,1325.8,2875.2,23.7,7,0.92,0,None,0.0,46.62,46.29,0.33,2225.0,736.0,736.0
IND_FIELD_0526,Maharashtra & Vidarbha (Deccan),Soybean,13.42,7.42,164.1,54.9,113.5,35.8,20.8,16.9,9.7,1.35,5.14,0.57,6.42,0.88,0.64,1293.1,1914.1,24.5,7,0.92,0,None,0.0,24.93,25.32,-0.39,4892.0,-1898.0,-1898.0
IND_FIELD_0527,Maharashtra & Vidarbha (Deccan),Wheat,12.37,7.43,74.9,13.1,103.1,35.8,14.9,19.7,3.6,1.39,10.03,0.82,5.02,0.41,0.24,834.9,2125.6,32.6,3,0.92,1,Syngenta Quantis,2.64,41.7,37.33,4.37,2275.0,9932.0,8033.0
IND_FIELD_0528,Maharashtra & Vidarbha (Deccan),Tomato,14.33,8.07,87.8,47.9,181.9,22.9,21.2,12.5,3.5,1.19,6.54,0.47,3.48,0.38,0.19,486.4,3147.2,30.6,4,0.843,0,None,0.0,282.79,282.64,0.15,2400.0,358.0,358.0
IND_FIELD_0529,Punjab & Haryana (Indo-Gangetic),Groundnut (Peanut),11.8,6.51,139.1,27.7,304.1,21.7,16.8,28.4,10.0,0.51,4.13,0.84,6.32,0.61,0.69,496.1,2500.9,30.2,4,0.823,0,None,0.0,26.34,26.14,0.21,6783.0,1392.0,1392.0
IND_FIELD_0530,Karnataka & Tamil Nadu,Sugarcane,7.83,5.8,151.9,48.2,210.2,47.4,18.3,10.6,5.5,0.53,6.36,0.51,3.48,0.72,0.62,719.7,2357.0,27.4,6,0.816,0,None,0.0,545.08,545.97,-0.89,340.0,-303.0,-303.0
IND_FIELD_0531,Uttar Pradesh & Bihar,Rice (Paddy),10.0,6.45,106.6,35.8,206.6,29.8,23.9,28.3,5.5,0.67,4.13,0.72,6.03,0.28,0.5,1047.7,2975.9,27.2,6,0.92,1,Syngenta Isabion,1.73,46.67,41.85,4.82,2300.0,11086.0,9295.0
IND_FIELD_0532,Karnataka & Tamil Nadu,Sugarcane,10.77,6.32,117.0,50.8,113.9,24.8,10.2,13.1,10.4,0.65,6.87,0.85,5.36,0.4,0.48,1005.0,1922.3,31.0,7,0.92,1,Syngenta CropBio+ (Biostimulant),2.66,655.82,578.7,77.12,340.0,26219.0,24153.0
IND_FIELD_0533,Karnataka & Tamil Nadu,Wheat,4.36,7.39,75.7,51.8,80.2,23.1,17.2,29.5,4.1,1.35,7.3,0.84,2.93,0.57,0.5,1052.1,2383.7,31.6,7,0.901,1,Syngenta Isabion,1.78,36.43,31.69,4.74,2275.0,10791.0,8801.0
IND_FIELD_0534,Andhra Pradesh & Telangana,Rice (Paddy),9.49,7.32,114.6,12.4,274.4,38.0,14.3,26.1,6.8,1.17,5.67,0.24,6.98,0.48,0.46,1131.4,2326.0,28.6,4,0.92,1,Syngenta CropBio+ (Biostimulant),1.53,45.15,40.76,4.39,2300.0,10093.0,8183.0
IND_FIELD_0535,Uttar Pradesh & Bihar,Soybean,11.3,7.22,234.0,15.2,101.0,36.3,6.7,13.6,5.1,1.1,3.72,0.34,3.1,0.75,0.43,468.1,2289.8,34.6,6,0.754,0,None,0.0,23.66,24.16,-0.5,4892.0,-2423.0,-2423.0
IND_FIELD_0536,Karnataka & Tamil Nadu,Gram / Chickpea (Chana),5.34,5.84,230.0,22.8,232.1,37.3,6.3,22.4,9.6,0.5,10.09,0.53,7.44,0.61,0.5,549.8,2230.8,34.4,4,0.697,0,None,0.0,17.61,16.56,1.05,5440.0,5699.0,5699.0
IND_FIELD_0537,Uttar Pradesh & Bihar,Rice (Paddy),12.09,7.55,120.3,40.8,299.5,20.6,8.1,16.9,10.4,1.3,8.85,0.5,2.04,0.36,0.52,791.5,2094.1,27.4,6,0.92,0,None,0.0,43.69,43.47,0.23,2300.0,520.0,520.0
IND_FIELD_0538,Punjab & Haryana (Indo-Gangetic),Cotton,9.92,6.58,162.8,50.2,130.1,44.8,17.7,13.9,11.1,1.21,9.32,0.65,3.45,0.88,0.63,597.1,2042.1,32.7,1,0.802,1,Syngenta Isabion,2.42,23.58,21.93,1.65,7121.0,11729.0,10098.0
IND_FIELD_0539,Maharashtra & Vidarbha (Deccan),Rice (Paddy),13.97,7.4,223.7,31.8,239.7,29.7,16.2,28.9,6.2,0.48,5.88,0.86,3.1,0.46,0.65,521.6,2696.6,29.1,5,0.879,0,None,0.0,47.82,47.76,0.07,2300.0,151.0,151.0
IND_FIELD_0540,Punjab & Haryana (Indo-Gangetic),Rice (Paddy),3.97,7.14,61.1,38.1,98.9,27.4,16.0,18.9,4.4,1.26,8.75,0.28,2.08,0.76,0.41,1058.9,3087.2,28.7,4,0.92,1,Syngenta Quantis,1.51,38.08,34.02,4.06,2300.0,9337.0,7561.0
IND_FIELD_0541,Karnataka & Tamil Nadu,Mustard / Rapeseed,6.42,6.62,205.9,20.1,224.9,31.9,6.6,18.8,4.3,0.6,6.74,0.52,6.03,0.8,0.44,1224.6,2512.4,22.7,8,0.92,0,None,0.0,25.88,24.68,1.2,5650.0,6786.0,6786.0
IND_FIELD_0542,Andhra Pradesh & Telangana,Maize,10.12,6.12,230.7,46.6,119.3,29.7,14.4,13.7,8.0,0.39,4.67,0.33,5.81,0.92,0.41,1165.0,2217.2,29.5,9,0.92,1,Syngenta CropBio+ (Biostimulant),2.57,62.71,54.77,7.94,2225.0,17666.0,15964.0
IND_FIELD_0543,Punjab & Haryana (Indo-Gangetic),Groundnut (Peanut),6.76,6.03,76.4,53.6,256.6,43.9,22.6,18.4,13.4,1.02,4.11,0.83,6.36,0.6,0.53,1226.2,2022.8,33.7,5,0.92,1,Syngenta CropBio+ (Biostimulant),1.34,25.64,22.83,2.8,6783.0,19022.0,16935.0
IND_FIELD_0544,Andhra Pradesh & Telangana,Soybean,11.36,7.8,89.1,23.5,152.3,45.9,13.2,29.2,5.8,1.02,5.72,0.88,3.41,0.68,0.47,1082.6,2962.2,32.1,4,0.92,0,None,0.0,22.21,22.66,-0.45,4892.0,-2183.0,-2183.0
IND_FIELD_0545,Andhra Pradesh & Telangana,Rice (Paddy),11.85,8.0,232.9,33.3,191.2,27.1,17.2,18.0,6.2,0.4,4.2,0.54,4.44,0.48,0.77,1148.6,3160.1,32.2,4,0.92,1,Syngenta Isabion,1.77,50.07,45.67,4.4,2300.0,10124.0,8477.0
IND_FIELD_0546,Maharashtra & Vidarbha (Deccan),Wheat,4.63,7.36,156.8,15.7,223.9,43.9,20.0,30.9,4.6,0.65,10.49,0.27,5.63,0.72,0.64,708.2,2288.8,24.1,7,0.774,0,None,0.0,31.23,32.68,-1.45,2275.0,-3304.0,-3304.0
IND_FIELD_0547,Punjab & Haryana (Indo-Gangetic),Soybean,9.15,6.05,62.6,36.0,121.1,41.4,20.1,30.8,9.9,1.39,3.56,0.75,4.42,0.57,0.78,1393.4,2207.3,26.7,6,0.92,0,None,0.0,21.03,20.97,0.05,4892.0,265.0,265.0
IND_FIELD_0548,Andhra Pradesh & Telangana,Cotton,9.1,6.76,106.4,33.6,258.0,45.9,15.3,13.2,10.6,1.05,6.42,0.69,5.84,0.56,0.65,624.0,2642.1,25.0,8,0.863,0,None,0.0,20.69,20.57,0.12,7121.0,878.0,878.0
IND_FIELD_0549,Andhra Pradesh & Telangana,Groundnut (Peanut),7.56,7.55,141.0,18.2,152.6,25.4,21.4,13.9,10.3,1.1,6.5,0.45,5.49,0.85,0.83,653.8,2885.5,26.1,6,0.788,1,Syngenta Isabion,1.6,26.03,22.75,3.28,6783.0,22245.0,20380.0
IND_FIELD_0550,Uttar Pradesh & Bihar,Soybean,13.76,7.67,184.7,31.0,239.0,35.3,13.0,29.0,12.5,0.53,5.39,0.82,2.63,0.29,0.6,724.5,2437.6,29.5,3,0.92,0,None,0.0,25.57,25.5,0.08,4892.0,380.0,380.0
IND_FIELD_0551,Andhra Pradesh & Telangana,Wheat,12.6,6.08,192.0,26.4,118.0,26.2,22.0,18.6,8.6,0.39,7.37,0.88,6.3,0.87,0.82,1376.6,2682.1,26.7,5,0.92,0,None,0.0,40.76,41.17,-0.42,2275.0,-944.0,-944.0
IND_FIELD_0552,Karnataka & Tamil Nadu,Cotton,11.17,5.8,239.2,34.4,245.1,42.7,10.3,10.1,4.9,0.6,4.29,0.59,5.96,0.85,0.26,1388.9,2803.2,29.3,8,0.92,1,Syngenta Isabion,2.49,26.39,23.44,2.95,7121.0,21021.0,18931.0
IND_FIELD_0553,Andhra Pradesh & Telangana,Soybean,11.36,7.51,111.8,37.2,110.8,18.2,11.0,16.0,6.5,0.57,8.92,0.6,5.61,0.6,0.19,1205.1,3144.8,27.7,2,0.92,0,None,0.0,22.84,22.61,0.23,4892.0,1125.0,1125.0
IND_FIELD_0554,Andhra Pradesh & Telangana,Cotton,8.58,6.66,156.9,12.4,182.1,34.9,7.0,23.1,10.5,0.56,5.63,0.41,2.85,0.59,0.56,1047.6,2031.1,25.7,5,0.92,0,None,0.0,21.75,20.34,1.41,7121.0,10066.0,10066.0
IND_FIELD_0555,Karnataka & Tamil Nadu,Onion,13.63,6.41,156.0,44.7,139.3,28.2,20.3,27.6,9.9,0.51,7.52,0.61,3.47,0.5,0.84,944.1,3196.3,23.2,11,0.92,1,Syngenta Isabion,2.13,275.61,239.87,35.74,2800.0,100073.0,98435.0
IND_FIELD_0556,Maharashtra & Vidarbha (Deccan),Groundnut (Peanut),11.14,5.83,133.0,42.7,259.6,27.7,13.5,12.9,9.1,0.93,8.42,0.51,4.16,0.95,0.44,1372.1,2349.0,33.6,7,0.92,0,None,0.0,25.13,26.39,-1.27,6783.0,-8582.0,-8582.0
IND_FIELD_0557,Punjab & Haryana (Indo-Gangetic),Onion,11.52,7.1,90.4,27.8,142.9,37.3,10.1,12.4,10.7,0.66,9.69,0.41,3.54,0.33,0.3,1110.8,2812.5,22.1,2,0.92,0,None,0.0,215.68,215.02,0.67,2800.0,1866.0,1866.0
IND_FIELD_0558,Punjab & Haryana (Indo-Gangetic),Wheat,12.98,7.84,235.9,14.3,291.6,43.5,10.2,30.3,10.2,1.2,9.3,0.25,3.25,0.66,0.52,1347.5,2601.4,22.0,6,0.92,1,Syngenta CropBio+ (Biostimulant),2.6,47.72,43.14,4.58,2275.0,10424.0,8548.0
IND_FIELD_0559,Uttar Pradesh & Bihar,Soybean,6.51,8.1,213.6,44.5,294.0,36.3,22.2,26.5,12.8,0.5,7.64,0.38,6.43,0.73,0.6,750.7,2481.3,32.7,6,0.808,0,None,0.0,21.83,22.54,-0.71,4892.0,-3481.0,-3481.0
IND_FIELD_0560,Andhra Pradesh & Telangana,Wheat,12.38,7.16,149.7,53.1,127.1,43.6,21.0,23.0,9.7,0.81,6.04,0.34,5.51,0.9,0.37,767.1,2777.3,35.0,2,0.905,0,None,0.0,42.21,42.2,0.02,2275.0,35.0,35.0
IND_FIELD_0561,Uttar Pradesh & Bihar,Wheat,5.65,7.03,168.6,22.3,227.3,25.9,16.0,26.9,11.7,0.32,6.87,0.58,5.11,0.8,0.65,1262.0,2354.1,31.5,5,0.92,0,None,0.0,35.29,35.47,-0.18,2275.0,-412.0,-412.0
IND_FIELD_0562,Punjab & Haryana (Indo-Gangetic),Mustard / Rapeseed,7.3,6.0,100.9,25.9,101.1,33.6,17.1,19.4,6.1,0.83,8.81,0.62,3.24,0.7,0.83,592.4,1976.6,22.2,2,0.792,1,Syngenta Quantis,1.76,26.04,22.84,3.2,5650.0,18066.0,16172.0
IND_FIELD_0563,Punjab & Haryana (Indo-Gangetic),Soybean,7.19,7.12,157.9,19.9,174.0,31.5,14.5,26.7,10.6,0.36,9.61,0.63,7.05,0.33,0.78,1348.6,2484.5,24.9,4,0.92,0,None,0.0,20.75,21.58,-0.83,4892.0,-4046.0,-4046.0
IND_FIELD_0564,Punjab & Haryana (Indo-Gangetic),Wheat,14.26,6.71,185.1,36.8,251.2,18.3,13.0,18.2,13.0,1.38,3.96,0.47,3.05,0.51,0.35,932.1,2530.7,34.6,4,0.92,0,None,0.0,44.53,44.6,-0.08,2275.0,-179.0,-179.0
IND_FIELD_0565,Maharashtra & Vidarbha (Deccan),Cotton,12.92,7.26,152.7,18.7,238.3,34.7,22.5,15.4,7.6,1.17,6.01,0.49,6.37,0.35,0.38,1330.1,2082.7,32.5,5,0.92,0,None,0.0,23.49,23.94,-0.45,7121.0,-3182.0,-3182.0
IND_FIELD_0566,Andhra Pradesh & Telangana,Rice (Paddy),11.21,6.73,238.3,27.3,229.9,37.8,8.3,26.0,11.7,0.84,8.87,0.78,7.32,0.87,0.41,770.0,3109.9,29.4,3,0.909,0,None,0.0,46.08,46.24,-0.16,2300.0,-369.0,-369.0
IND_FIELD_0567,Maharashtra & Vidarbha (Deccan),Maize,11.5,6.38,170.0,42.0,147.8,35.8,13.5,19.2,11.1,0.4,6.35,0.53,6.0,0.77,0.43,1130.2,2118.5,25.1,5,0.92,1,Syngenta Isabion,1.43,61.1,54.88,6.22,2225.0,13832.0,12090.0
IND_FIELD_0568,Maharashtra & Vidarbha (Deccan),Wheat,9.68,6.03,126.8,36.1,170.7,40.1,12.2,31.6,4.1,0.95,5.63,0.89,7.46,0.78,0.22,908.7,2372.9,22.2,3,0.92,0,None,0.0,37.27,37.21,0.06,2275.0,129.0,129.0
IND_FIELD_0569,Karnataka & Tamil Nadu,Rice (Paddy),13.92,6.56,199.0,28.6,104.7,35.1,15.0,17.7,9.6,1.13,6.2,0.51,5.58,0.71,0.68,1045.5,2016.9,22.3,5,0.92,1,Syngenta Isabion,1.32,52.05,47.3,4.75,2300.0,10919.0,9064.0
IND_FIELD_0570,Maharashtra & Vidarbha (Deccan),Rice (Paddy),8.96,6.03,90.7,30.1,252.6,20.0,14.2,30.3,4.9,0.51,7.6,0.65,3.2,0.6,0.41,929.2,2550.1,30.0,3,0.92,1,Syngenta Isabion,2.1,44.15,39.36,4.79,2300.0,11022.0,9305.0
IND_FIELD_0571,Andhra Pradesh & Telangana,Wheat,7.69,6.22,129.2,36.2,200.9,21.5,15.3,30.5,13.7,0.93,10.5,0.24,3.12,0.35,0.77,1368.8,2230.7,22.3,6,0.92,0,None,0.0,35.6,35.43,0.17,2275.0,385.0,385.0
IND_FIELD_0572,Uttar Pradesh & Bihar,Groundnut (Peanut),5.29,8.17,122.5,12.3,250.1,35.9,8.5,15.3,12.0,1.2,6.8,0.66,3.79,0.48,0.8,1107.5,2485.0,34.9,4,0.92,0,None,0.0,20.79,20.29,0.5,6783.0,3419.0,3419.0
IND_FIELD_0573,Maharashtra & Vidarbha (Deccan),Gram / Chickpea (Chana),12.15,6.87,137.7,15.4,139.7,26.2,15.2,27.6,4.7,1.15,4.72,0.8,2.04,0.35,0.17,688.8,2114.5,24.4,4,0.84,0,None,0.0,20.48,20.42,0.06,5440.0,323.0,323.0
IND_FIELD_0574,Andhra Pradesh & Telangana,Onion,11.58,7.08,200.7,49.9,157.9,20.4,10.4,19.5,4.8,1.18,4.39,0.86,5.75,0.76,0.84,1314.2,1875.3,31.2,7,0.92,0,None,0.0,234.53,233.88,0.65,2800.0,1824.0,1824.0
IND_FIELD_0575,Karnataka & Tamil Nadu,Groundnut (Peanut),7.73,7.9,147.2,15.3,160.2,30.9,9.3,30.2,9.7,1.27,3.51,0.9,3.48,0.36,0.65,729.3,2890.9,24.0,4,0.855,1,Syngenta Isabion,1.84,25.46,22.5,2.96,6783.0,20085.0,18277.0
IND_FIELD_0576,Karnataka & Tamil Nadu,Rice (Paddy),3.78,8.19,202.9,42.4,86.2,34.6,7.2,19.9,7.1,1.33,7.28,0.4,6.48,0.74,0.51,803.0,2697.5,29.0,7,0.808,1,Syngenta Isabion,1.55,40.53,34.35,6.18,2300.0,14212.0,12349.0
IND_FIELD_0577,Punjab & Haryana (Indo-Gangetic),Maize,12.73,7.2,163.8,51.6,161.9,27.9,19.7,26.4,3.9,0.75,7.18,0.6,3.98,0.73,0.42,547.0,2277.0,23.0,5,0.846,0,None,0.0,56.86,55.91,0.95,2225.0,2112.0,2112.0
IND_FIELD_0578,Karnataka & Tamil Nadu,Rice (Paddy),3.63,7.75,121.6,23.6,272.8,39.6,13.7,20.3,9.2,0.93,4.7,0.52,4.64,0.57,0.51,1305.0,1866.5,32.0,4,0.92,1,Syngenta Quantis,1.3,38.61,34.5,4.11,2300.0,9449.0,7612.0
IND_FIELD_0579,Maharashtra & Vidarbha (Deccan),Cotton,11.24,6.58,205.8,27.9,295.4,37.3,17.3,15.0,7.6,1.17,8.28,0.59,7.31,0.34,0.38,721.8,3011.8,29.6,3,0.862,1,Syngenta Isabion,2.65,25.48,23.41,2.07,7121.0,14715.0,12953.0
IND_FIELD_0580,Maharashtra & Vidarbha (Deccan),Mustard / Rapeseed,14.17,6.53,102.9,36.5,204.4,28.0,19.1,14.4,4.6,1.07,8.61,0.31,3.33,0.47,0.59,696.0,2037.7,23.1,4,0.92,0,None,0.0,29.33,29.26,0.07,5650.0,405.0,405.0
IND_FIELD_0581,Maharashtra & Vidarbha (Deccan),Soybean,8.31,6.77,100.4,49.9,189.3,40.6,18.2,19.4,11.9,1.4,5.09,0.8,5.97,0.47,0.22,1324.2,3103.0,33.0,1,0.92,1,Syngenta Isabion,2.33,24.87,22.1,2.77,4892.0,13544.0,11793.0
IND_FIELD_0582,Karnataka & Tamil Nadu,Gram / Chickpea (Chana),6.08,7.41,150.8,52.5,87.4,37.5,14.5,26.6,13.1,0.32,5.71,0.84,6.15,0.74,0.58,1215.3,2470.0,29.1,4,0.92,1,Syngenta Isabion,2.06,20.56,17.64,2.91,5440.0,15855.0,13920.0
IND_FIELD_0583,Maharashtra & Vidarbha (Deccan),Wheat,11.25,7.44,107.0,43.8,291.0,37.1,13.0,23.3,11.4,0.69,10.43,0.51,3.22,0.33,0.34,584.0,2276.5,34.0,7,0.789,0,None,0.0,38.27,38.37,-0.1,2275.0,-225.0,-225.0
IND_FIELD_0584,Maharashtra & Vidarbha (Deccan),Sugarcane,12.49,6.56,61.6,15.7,83.1,34.6,12.8,25.1,12.1,0.61,5.93,0.4,4.76,0.83,0.16,1180.9,2838.5,33.9,4,0.92,1,Syngenta Quantis,1.9,635.79,573.63,62.16,340.0,21135.0,19344.0
IND_FIELD_0585,Andhra Pradesh & Telangana,Sugarcane,9.51,6.12,176.7,40.8,306.7,18.3,17.5,16.2,5.8,0.59,8.75,0.3,3.93,0.78,0.54,1317.4,3027.6,34.0,6,0.92,1,Syngenta CropBio+ (Biostimulant),2.92,686.24,605.98,80.26,340.0,27287.0,25666.0
IND_FIELD_0586,Punjab & Haryana (Indo-Gangetic),Gram / Chickpea (Chana),14.14,7.32,152.0,29.6,197.4,38.9,14.9,20.6,6.3,0.54,6.5,0.68,6.25,0.38,0.55,524.6,2319.0,23.0,1,0.812,0,None,0.0,21.2,21.52,-0.32,5440.0,-1765.0,-1765.0
IND_FIELD_0587,Punjab & Haryana (Indo-Gangetic),Sugarcane,4.07,6.11,140.2,32.2,162.1,29.3,21.3,11.0,5.7,1.08,8.99,0.42,5.42,0.75,0.45,1234.0,2370.3,23.6,4,0.92,1,Syngenta Isabion,2.43,570.74,505.36,65.39,340.0,22232.0,20588.0
IND_FIELD_0588,Punjab & Haryana (Indo-Gangetic),Sugarcane,9.05,7.19,234.1,14.1,301.8,46.3,21.7,28.0,11.5,0.39,8.81,0.84,4.62,0.72,0.2,970.0,2406.4,34.8,6,0.92,0,None,0.0,623.38,623.74,-0.35,340.0,-120.0,-120.0
IND_FIELD_0589,Punjab & Haryana (Indo-Gangetic),Soybean,11.4,7.46,162.8,20.2,85.9,42.5,9.1,31.8,13.5,1.12,8.07,0.67,6.29,0.77,0.78,1085.7,3091.3,28.3,0,0.92,0,None,0.0,23.89,23.15,0.74,4892.0,3637.0,3637.0
IND_FIELD_0590,Punjab & Haryana (Indo-Gangetic),Wheat,12.99,7.48,215.4,46.0,219.5,35.6,8.5,19.0,11.0,1.06,9.44,0.65,3.29,0.38,0.58,918.2,2769.6,25.1,5,0.92,1,Syngenta CropBio+ (Biostimulant),2.54,47.44,43.74,3.7,2275.0,8416.0,6509.0
IND_FIELD_0591,Punjab & Haryana (Indo-Gangetic),Cotton,5.47,7.61,85.1,31.5,211.7,25.6,17.3,10.2,12.8,0.58,10.06,0.59,6.14,0.36,0.23,1112.9,2146.7,32.0,4,0.92,0,None,0.0,18.97,18.98,-0.0,7121.0,-12.0,-12.0
IND_FIELD_0592,Andhra Pradesh & Telangana,Maize,12.3,7.89,162.5,25.0,132.6,24.1,11.4,13.7,10.2,0.58,7.43,0.23,6.76,0.42,0.51,482.4,2059.0,25.4,7,0.804,1,Syngenta CropBio+ (Biostimulant),1.9,60.06,53.25,6.81,2225.0,15153.0,13301.0
IND_FIELD_0593,Punjab & Haryana (Indo-Gangetic),Wheat,9.58,7.0,216.2,28.5,182.9,28.2,6.3,24.4,7.6,0.99,4.93,0.85,6.83,0.51,0.5,1174.6,2122.5,31.5,5,0.92,0,None,0.0,40.02,39.75,0.27,2275.0,620.0,620.0
IND_FIELD_0594,Maharashtra & Vidarbha (Deccan),Maize,7.86,7.55,165.0,48.7,236.5,32.3,22.0,23.5,8.0,1.14,6.11,0.64,6.31,0.81,0.19,481.7,2169.0,32.9,8,0.709,1,Syngenta Quantis,2.9,56.89,48.83,8.05,2225.0,17920.0,16049.0
IND_FIELD_0595,Karnataka & Tamil Nadu,Soybean,4.95,7.29,189.2,44.2,254.5,26.9,10.1,27.3,4.3,1.26,8.74,0.9,4.24,0.77,0.57,882.5,2122.3,32.2,4,0.881,1,Syngenta Quantis,2.21,24.43,21.29,3.13,4892.0,15334.0,13682.0
IND_FIELD_0596,Maharashtra & Vidarbha (Deccan),Soybean,13.02,6.25,127.0,23.7,80.2,33.4,22.7,15.6,3.8,1.24,7.95,0.58,7.4,0.9,0.72,593.4,2721.9,25.6,2,0.836,1,Syngenta Quantis,2.13,25.71,23.7,2.0,4892.0,9804.0,7737.0
IND_FIELD_0597,Andhra Pradesh & Telangana,Maize,5.23,5.86,76.6,17.1,304.8,23.0,18.9,26.8,10.8,1.36,4.5,0.7,4.09,0.29,0.67,1232.4,1962.3,27.2,6,0.92,0,None,0.0,45.11,45.05,0.06,2225.0,134.0,134.0
IND_FIELD_0598,Punjab & Haryana (Indo-Gangetic),Soybean,6.91,6.48,142.4,22.8,119.5,47.3,19.7,25.1,8.1,0.94,3.57,0.24,5.51,0.26,0.29,748.0,2342.3,27.4,9,0.841,0,None,0.0,20.86,21.0,-0.13,4892.0,-639.0,-639.0
IND_FIELD_0599,Punjab & Haryana (Indo-Gangetic),Soybean,6.69,6.86,131.0,51.6,136.1,21.2,9.6,17.1,9.3,1.3,8.19,0.64,2.89,0.74,0.75,881.4,2675.1,28.4,2,0.826,0,None,0.0,20.86,20.8,0.06,4892.0,298.0,298.0
IND_FIELD_0600,Punjab & Haryana (Indo-Gangetic),Soybean,13.09,7.28,216.1,37.0,143.2,46.0,10.2,22.0,9.4,1.19,5.03,0.74,7.39,0.45,0.39,857.3,2207.2,24.2,5,0.92,1,Syngenta Quantis,2.34,28.23,26.13,2.1,4892.0,10277.0,8640.0
IND_FIELD_0601,Punjab & Haryana (Indo-Gangetic),Onion,10.9,7.84,103.9,34.9,89.1,45.4,15.4,13.2,6.4,1.28,6.85,0.74,5.87,0.48,0.81,1183.9,1891.4,27.9,7,0.92,0,None,0.0,209.52,209.95,-0.43,2800.0,-1203.0,-1203.0
IND_FIELD_0602,Maharashtra & Vidarbha (Deccan),Maize,12.26,6.27,234.0,37.6,109.5,33.8,9.1,20.0,8.5,0.31,8.65,0.74,6.14,0.63,0.2,907.1,1914.6,28.6,2,0.92,1,Syngenta CropBio+ (Biostimulant),1.59,62.58,57.71,4.87,2225.0,10826.0,9180.0
IND_FIELD_0603,Punjab & Haryana (Indo-Gangetic),Rice (Paddy),6.26,6.1,232.5,27.7,316.7,39.7,11.5,29.4,8.4,1.36,7.31,0.36,2.36,0.32,0.49,1199.5,1976.4,28.9,11,0.92,0,None,0.0,40.48,41.62,-1.13,2300.0,-2603.0,-2603.0
IND_FIELD_0604,Punjab & Haryana (Indo-Gangetic),Cotton,10.37,8.11,104.6,46.7,155.7,31.1,11.8,19.3,7.6,0.82,3.81,0.88,6.2,0.7,0.57,519.8,2970.2,32.7,5,0.755,1,Syngenta CropBio+ (Biostimulant),2.74,23.12,19.75,3.36,7121.0,23957.0,22148.0
IND_FIELD_0605,Punjab & Haryana (Indo-Gangetic),Rice (Paddy),9.79,6.06,122.6,34.5,107.7,36.9,8.9,28.5,12.1,1.18,4.55,0.9,6.26,0.48,0.32,632.0,2721.0,28.7,5,0.86,1,Syngenta CropBio+ (Biostimulant),2.99,44.99,39.16,5.83,2300.0,13420.0,11482.0
IND_FIELD_0606,Maharashtra & Vidarbha (Deccan),Groundnut (Peanut),12.66,6.95,221.2,17.0,105.7,28.2,9.7,23.0,8.2,0.44,4.8,0.25,5.69,0.69,0.69,974.0,1890.3,25.0,8,0.92,0,None,0.0,27.08,27.17,-0.09,6783.0,-631.0,-631.0
IND_FIELD_0607,Punjab & Haryana (Indo-Gangetic),Sugarcane,13.47,7.21,234.0,17.5,252.7,27.0,20.2,14.2,9.8,0.74,5.08,0.86,3.61,0.83,0.59,1349.7,2347.5,30.6,5,0.92,1,Syngenta Quantis,2.92,744.74,674.32,70.42,340.0,23942.0,22030.0
IND_FIELD_0608,Maharashtra & Vidarbha (Deccan),Cotton,3.63,7.1,139.8,35.1,285.1,35.3,9.0,22.8,12.9,0.6,7.33,0.4,4.69,0.37,0.16,521.0,2190.0,32.4,5,0.697,0,None,0.0,17.86,17.95,-0.1,7121.0,-682.0,-682.0
IND_FIELD_0609,Andhra Pradesh & Telangana,Cotton,10.91,6.01,117.8,52.3,141.7,32.9,6.5,21.1,12.6,0.62,6.88,0.68,2.61,0.9,0.58,490.9,2609.3,26.2,3,0.758,1,Syngenta Quantis,2.33,23.1,20.92,2.17,7121.0,15466.0,13805.0
IND_FIELD_0610,Andhra Pradesh & Telangana,Soybean,4.07,5.94,154.7,25.3,85.0,35.4,17.3,18.8,12.8,0.44,4.68,0.44,4.59,0.62,0.49,598.7,2531.9,30.4,7,0.692,1,Syngenta Quantis,2.12,21.05,17.26,3.79,4892.0,18524.0,16600.0
IND_FIELD_0611,Punjab & Haryana (Indo-Gangetic),Sugarcane,9.54,6.05,183.8,49.4,133.5,26.6,23.6,12.6,6.3,1.19,3.69,0.88,3.34,0.9,0.29,1059.1,2473.6,23.9,3,0.92,1,Syngenta Quantis,2.07,663.7,603.5,60.2,340.0,20468.0,18389.0
IND_FIELD_0612,Uttar Pradesh & Bihar,Groundnut (Peanut),6.66,7.21,109.2,44.9,93.6,29.0,12.0,19.2,3.9,0.31,4.45,0.27,3.92,0.4,0.85,829.0,2240.3,26.4,10,0.832,1,Syngenta Quantis,2.34,24.88,21.83,3.06,6783.0,20725.0,18642.0
IND_FIELD_0613,Andhra Pradesh & Telangana,Cotton,6.87,7.11,192.6,22.7,104.8,20.5,8.1,11.6,6.2,0.64,10.39,0.55,2.89,0.67,0.78,1234.3,1992.9,33.8,7,0.92,1,Syngenta Isabion,1.76,23.71,20.75,2.96,7121.0,21050.0,19369.0
IND_FIELD_0614,Punjab & Haryana (Indo-Gangetic),Soybean,7.38,6.36,69.3,13.6,183.6,19.6,16.3,12.2,6.4,0.49,6.62,0.5,3.27,0.53,0.35,518.3,2839.3,33.8,6,0.762,1,Syngenta CropBio+ (Biostimulant),2.35,22.66,19.35,3.31,4892.0,16181.0,14201.0
IND_FIELD_0615,Karnataka & Tamil Nadu,Soybean,10.33,7.33,68.9,16.4,135.2,25.6,22.3,19.2,13.0,0.95,9.53,0.43,2.42,0.79,0.53,636.6,3031.8,29.5,5,0.826,0,None,0.0,21.88,21.99,-0.11,4892.0,-519.0,-519.0
IND_FIELD_0616,Karnataka & Tamil Nadu,Onion,7.17,7.77,129.5,43.3,203.8,20.2,20.1,16.7,10.3,0.58,9.4,0.65,7.06,0.67,0.37,735.0,3121.8,31.1,6,0.859,1,Syngenta Quantis,2.71,229.05,198.85,30.19,2800.0,84541.0,82496.0
IND_FIELD_0617,Punjab & Haryana (Indo-Gangetic),Cotton,11.56,5.9,123.6,20.6,140.8,21.1,17.2,30.4,4.4,0.58,6.93,0.29,4.92,0.6,0.69,1045.4,1882.1,33.1,3,0.92,0,None,0.0,21.5,21.66,-0.16,7121.0,-1166.0,-1166.0
IND_FIELD_0618,Maharashtra & Vidarbha (Deccan),Groundnut (Peanut),7.95,7.0,116.8,28.0,305.7,42.4,11.7,18.3,4.9,0.84,8.36,0.7,4.18,0.89,0.8,1100.9,2835.9,34.5,5,0.92,1,Syngenta Quantis,1.78,27.07,24.79,2.28,6783.0,15488.0,13753.0
IND_FIELD_0619,Uttar Pradesh & Bihar,Sugarcane,4.25,7.45,148.4,33.6,297.4,19.2,15.8,26.7,5.1,1.02,4.61,0.89,4.94,0.51,0.4,568.0,2817.1,28.4,4,0.715,1,Syngenta Isabion,2.01,563.98,489.6,74.38,340.0,25290.0,23666.0
IND_FIELD_0620,Uttar Pradesh & Bihar,Rice (Paddy),12.12,6.41,117.7,43.2,216.0,37.8,7.6,21.7,10.1,0.43,8.23,0.76,5.46,0.4,0.71,1346.6,3126.0,29.3,2,0.92,1,Syngenta CropBio+ (Biostimulant),1.42,47.4,42.78,4.62,2300.0,10624.0,8824.0
IND_FIELD_0621,Punjab & Haryana (Indo-Gangetic),Cotton,6.64,6.54,94.6,16.9,165.1,26.2,18.2,25.5,11.2,0.49,5.19,0.8,7.07,0.68,0.5,774.0,2154.1,27.4,11,0.845,1,Syngenta Quantis,1.66,21.72,19.15,2.57,7121.0,18310.0,16648.0
IND_FIELD_0622,Punjab & Haryana (Indo-Gangetic),Soybean,8.26,7.27,115.7,29.5,171.5,44.1,19.1,15.7,12.5,0.57,9.27,0.45,2.98,0.69,0.43,1127.5,2839.1,22.9,6,0.92,1,Syngenta CropBio+ (Biostimulant),2.14,24.75,21.8,2.95,4892.0,14431.0,12438.0
IND_FIELD_0623,Maharashtra & Vidarbha (Deccan),Sugarcane,11.04,7.96,235.5,32.9,178.8,32.5,23.4,30.7,13.4,1.37,3.81,0.43,3.63,0.56,0.81,948.0,1876.5,27.5,7,0.92,0,None,0.0,635.27,634.58,0.69,340.0,234.0,234.0
IND_FIELD_0624,Maharashtra & Vidarbha (Deccan),Groundnut (Peanut),7.16,7.74,134.0,35.3,254.6,27.2,10.7,21.7,5.6,0.74,8.84,0.56,7.37,0.59,0.51,661.6,2683.7,32.3,5,0.799,0,None,0.0,22.56,21.8,0.76,6783.0,5148.0,5148.0
IND_FIELD_0625,Andhra Pradesh & Telangana,Sugarcane,4.12,7.2,140.0,47.2,188.4,33.5,6.3,28.3,6.8,0.96,3.93,0.23,4.04,0.92,0.48,1253.9,2291.2,32.5,5,0.919,1,Syngenta Isabion,1.9,573.06,506.01,67.05,340.0,22796.0,21143.0
IND_FIELD_0626,Maharashtra & Vidarbha (Deccan),Wheat,7.61,7.55,163.8,19.4,285.6,29.5,15.8,18.0,6.0,0.57,9.63,0.86,2.12,0.76,0.62,1227.3,2876.5,33.6,5,0.92,0,None,0.0,37.21,36.71,0.5,2275.0,1145.0,1145.0
IND_FIELD_0627,Maharashtra & Vidarbha (Deccan),Soybean,13.89,6.68,237.0,46.7,306.6,34.9,18.7,12.2,7.3,0.84,5.42,0.3,2.81,0.33,0.33,826.3,3008.6,22.7,11,0.92,1,Syngenta Isabion,1.98,31.4,28.47,2.93,4892.0,14324.0,12531.0
IND_FIELD_0628,Uttar Pradesh & Bihar,Onion,10.56,7.34,103.5,41.8,160.6,21.4,20.2,24.8,13.1,0.38,7.98,0.83,2.14,0.4,0.38,1009.2,2310.7,28.9,9,0.92,0,None,0.0,215.41,214.49,0.92,2800.0,2585.0,2585.0
IND_FIELD_0629,Punjab & Haryana (Indo-Gangetic),Groundnut (Peanut),10.89,6.92,182.6,35.9,214.6,47.9,9.5,10.2,9.5,0.34,6.76,0.26,7.44,0.93,0.8,694.9,2535.8,23.4,2,0.857,0,None,0.0,25.92,26.19,-0.28,6783.0,-1867.0,-1867.0
IND_FIELD_0630,Maharashtra & Vidarbha (Deccan),Cotton,10.46,6.26,188.9,42.1,102.8,30.8,10.7,20.5,11.3,0.82,5.87,0.78,3.53,0.76,0.62,1105.4,1964.4,24.6,4,0.92,1,Syngenta Quantis,1.73,24.58,22.6,1.97,7121.0,14045.0,12145.0
IND_FIELD_0631,Uttar Pradesh & Bihar,Onion,5.69,7.48,169.3,29.7,128.1,28.4,15.2,14.2,8.6,0.74,7.91,0.31,7.08,0.89,0.73,743.6,2383.7,33.7,4,0.797,1,Syngenta CropBio+ (Biostimulant),1.73,213.27,189.3,23.98,2800.0,67135.0,65534.0
IND_FIELD_0632,Karnataka & Tamil Nadu,Sugarcane,8.1,7.14,75.9,18.0,179.2,39.3,12.0,23.8,3.8,0.45,10.12,0.23,7.48,0.46,0.34,1251.9,2305.1,28.5,4,0.92,0,None,0.0,524.75,524.61,0.15,340.0,49.0,49.0
IND_FIELD_0633,Andhra Pradesh & Telangana,Wheat,11.76,6.66,181.8,40.6,129.5,28.9,21.5,31.5,4.2,1.06,3.5,0.7,5.3,0.77,0.53,656.5,2056.4,31.9,7,0.848,0,None,0.0,41.05,41.23,-0.18,2275.0,-410.0,-410.0
IND_FIELD_0634,Andhra Pradesh & Telangana,Maize,4.62,7.99,71.5,34.6,290.4,43.0,14.5,20.2,9.1,1.39,9.91,0.4,2.18,0.75,0.83,464.1,3052.3,22.8,4,0.68,0,None,0.0,39.96,39.83,0.13,2225.0,293.0,293.0
IND_FIELD_0635,Punjab & Haryana (Indo-Gangetic),Groundnut (Peanut),6.56,5.85,167.3,39.5,118.0,31.6,20.4,28.0,11.0,0.74,7.65,0.7,2.45,0.46,0.37,705.1,2007.3,27.4,2,0.788,0,None,0.0,22.65,23.04,-0.4,6783.0,-2690.0,-2690.0
IND_FIELD_0636,Maharashtra & Vidarbha (Deccan),Sugarcane,6.54,6.56,193.1,26.5,189.4,39.6,16.5,21.2,5.8,0.99,9.09,0.59,4.65,0.64,0.26,631.5,2690.0,30.8,9,0.794,0,None,0.0,543.2,543.19,0.01,340.0,4.0,4.0
IND_FIELD_0637,Andhra Pradesh & Telangana,Soybean,8.25,5.94,98.0,51.0,225.4,21.2,19.9,20.9,11.1,1.36,6.0,0.28,4.23,0.69,0.51,932.9,3046.2,23.7,5,0.92,1,Syngenta CropBio+ (Biostimulant),2.52,25.06,21.83,3.23,4892.0,15784.0,13794.0
IND_FIELD_0638,Punjab & Haryana (Indo-Gangetic),Rice (Paddy),14.28,7.64,211.5,37.3,246.0,43.4,12.0,30.5,12.0,1.21,6.64,0.85,5.33,0.59,0.42,643.5,3076.8,26.2,7,0.883,1,Syngenta Isabion,1.81,53.98,48.4,5.58,2300.0,12845.0,10975.0
IND_FIELD_0639,Maharashtra & Vidarbha (Deccan),Tur / Pigeon Pea (Arhar),4.24,7.49,65.5,15.7,171.9,40.1,21.0,29.6,7.8,0.81,9.54,0.52,4.41,0.83,0.26,1175.0,2910.5,22.8,3,0.896,0,None,0.0,14.41,13.72,0.69,7550.0,5225.0,5225.0
IND_FIELD_0640,Maharashtra & Vidarbha (Deccan),Cotton,9.21,6.6,211.9,31.3,288.6,24.4,10.9,27.3,11.3,1.11,6.23,0.71,7.14,0.83,0.77,679.3,2046.6,30.5,5,0.837,0,None,0.0,22.36,23.12,-0.76,7121.0,-5442.0,-5442.0
IND_FIELD_0641,Punjab & Haryana (Indo-Gangetic),Rice (Paddy),5.47,7.42,142.9,44.5,216.4,22.4,15.8,16.5,7.7,0.44,7.1,0.55,4.94,0.85,0.84,1121.6,2944.4,34.6,6,0.92,1,Syngenta CropBio+ (Biostimulant),2.97,43.7,37.62,6.08,2300.0,13989.0,12210.0
IND_FIELD_0642,Maharashtra & Vidarbha (Deccan),Rice (Paddy),14.18,6.75,99.2,46.1,185.5,27.5,9.9,22.0,10.6,0.86,3.35,0.62,5.82,0.81,0.55,999.5,2187.2,32.8,3,0.92,1,Syngenta Quantis,1.77,48.73,45.87,2.86,2300.0,6588.0,4809.0
IND_FIELD_0643,Punjab & Haryana (Indo-Gangetic),Rice (Paddy),4.75,7.62,84.1,33.3,96.1,47.3,14.6,14.9,11.5,0.61,4.36,0.41,6.93,0.59,0.69,1386.9,3091.4,34.7,11,0.92,0,None,0.0,33.89,34.47,-0.57,2300.0,-1321.0,-1321.0
IND_FIELD_0644,Maharashtra & Vidarbha (Deccan),Sugarcane,7.94,6.89,231.6,50.5,191.5,25.7,11.7,19.8,13.9,0.48,7.88,0.34,2.81,0.52,0.75,1399.9,2792.7,33.0,2,0.92,0,None,0.0,599.08,598.62,0.46,340.0,157.0,157.0
IND_FIELD_0645,Punjab & Haryana (Indo-Gangetic),Tur / Pigeon Pea (Arhar),11.62,6.79,73.1,23.5,277.0,31.7,10.8,20.7,7.1,0.77,8.43,0.58,3.26,0.83,0.64,1276.0,2899.4,33.1,5,0.92,0,None,0.0,17.26,17.71,-0.45,7550.0,-3415.0,-3415.0
IND_FIELD_0646,Karnataka & Tamil Nadu,Cotton,11.25,8.04,95.8,29.7,227.5,18.9,23.4,28.3,7.8,0.44,7.45,0.51,2.59,0.59,0.18,1172.0,1919.0,29.5,5,0.92,0,None,0.0,21.5,21.45,0.05,7121.0,366.0,366.0
IND_FIELD_0647,Andhra Pradesh & Telangana,Soybean,8.15,6.4,122.6,50.6,279.7,29.9,8.9,29.7,5.2,1.07,4.25,0.47,2.77,0.42,0.26,817.1,2615.9,28.7,1,0.904,1,Syngenta Quantis,1.53,24.48,21.97,2.52,4892.0,12320.0,10402.0
IND_FIELD_0648,Andhra Pradesh & Telangana,Cotton,7.31,6.09,171.6,50.5,198.6,35.1,20.2,19.1,5.6,0.8,6.45,0.67,4.82,0.61,0.2,1165.6,2949.6,27.3,4,0.92,1,Syngenta CropBio+ (Biostimulant),1.42,23.64,21.24,2.4,7121.0,17101.0,15290.0
IND_FIELD_0649,Uttar Pradesh & Bihar,Gram / Chickpea (Chana),7.87,7.2,158.1,41.5,108.4,46.6,23.7,10.4,10.8,0.88,5.79,0.68,3.77,0.35,0.16,1358.8,3006.2,32.6,5,0.92,1,Syngenta CropBio+ (Biostimulant),2.95,21.8,19.68,2.13,5440.0,11561.0,9928.0
IND_FIELD_0650,Maharashtra & Vidarbha (Deccan),Sugarcane,6.41,8.13,82.6,48.9,83.3,33.5,6.4,29.0,13.1,0.46,6.82,0.23,4.33,0.73,0.36,472.2,1840.1,24.4,4,0.76,1,Syngenta CropBio+ (Biostimulant),2.81,549.43,458.4,91.03,340.0,30951.0,29115.0
IND_FIELD_0651,Punjab & Haryana (Indo-Gangetic),Cotton,5.76,6.71,112.2,15.8,152.8,42.6,18.6,13.8,7.6,0.45,9.55,0.44,7.4,0.49,0.42,961.0,3114.8,22.7,5,0.863,0,None,0.0,19.53,19.09,0.44,7121.0,3141.0,3141.0
IND_FIELD_0652,Andhra Pradesh & Telangana,Groundnut (Peanut),8.81,5.95,103.0,49.2,247.5,34.4,10.6,23.7,5.4,0.94,8.86,0.49,2.86,0.43,0.32,657.1,1860.7,34.3,6,0.807,1,Syngenta Quantis,2.75,25.81,22.77,3.04,6783.0,20595.0,18720.0
IND_FIELD_0653,Andhra Pradesh & Telangana,Mustard / Rapeseed,6.45,6.61,98.4,25.8,269.7,19.2,6.7,10.5,6.5,1.38,3.81,0.27,4.97,0.92,0.2,980.0,2660.3,22.0,7,0.92,0,None,0.0,24.45,24.26,0.19,5650.0,1066.0,1066.0
IND_FIELD_0654,Uttar Pradesh & Bihar,Mustard / Rapeseed,6.66,7.01,134.0,19.7,151.0,27.5,13.3,18.8,8.3,0.41,9.7,0.37,2.54,0.79,0.52,893.1,2770.7,34.7,1,0.9,0,None,0.0,24.16,25.4,-1.24,5650.0,-7005.0,-7005.0
IND_FIELD_0655,Maharashtra & Vidarbha (Deccan),Tur / Pigeon Pea (Arhar),10.72,6.19,186.7,22.3,199.0,35.3,22.8,31.7,6.6,0.61,6.64,0.24,3.75,0.8,0.34,997.0,1950.3,31.5,5,0.92,1,Syngenta Isabion,1.71,20.6,17.96,2.65,7550.0,19976.0,17982.0
IND_FIELD_0656,Punjab & Haryana (Indo-Gangetic),Cotton,14.15,7.38,99.1,30.0,181.1,46.5,6.2,12.2,6.0,1.26,8.63,0.9,4.9,0.69,0.71,973.4,1867.2,26.3,7,0.92,0,None,0.0,23.11,22.86,0.25,7121.0,1755.0,1755.0
IND_FIELD_0657,Maharashtra & Vidarbha (Deccan),Maize,10.14,8.19,126.0,22.8,178.5,43.8,16.6,19.3,11.2,0.38,4.22,0.72,7.21,0.84,0.16,1362.1,2898.9,31.1,8,0.92,0,None,0.0,49.99,50.34,-0.35,2225.0,-773.0,-773.0
IND_FIELD_0658,Maharashtra & Vidarbha (Deccan),Wheat,4.35,6.88,130.4,25.8,135.5,24.9,15.0,16.8,3.6,1.26,8.1,0.26,4.15,0.78,0.74,974.6,2338.5,32.6,4,0.92,1,Syngenta CropBio+ (Biostimulant),1.26,36.86,34.02,2.84,2275.0,6466.0,4555.0
IND_FIELD_0659,Andhra Pradesh & Telangana,Mustard / Rapeseed,4.33,6.65,235.8,17.8,112.7,24.6,21.7,29.9,9.2,0.88,4.93,0.21,2.36,0.67,0.82,1253.9,1950.0,25.2,4,0.92,0,None,0.0,24.82,25.2,-0.38,5650.0,-2156.0,-2156.0
IND_FIELD_0660,Andhra Pradesh & Telangana,Maize,13.97,6.76,231.8,24.7,127.2,24.0,7.5,29.1,11.8,0.75,6.4,0.7,4.13,0.92,0.65,753.8,2867.7,32.0,3,0.92,1,Syngenta CropBio+ (Biostimulant),1.98,65.57,59.97,5.59,2225.0,12439.0,10489.0
IND_FIELD_0661,Maharashtra & Vidarbha (Deccan),Groundnut (Peanut),6.77,6.08,204.0,36.6,93.3,45.7,18.3,15.2,6.3,0.64,3.32,0.51,2.8,0.38,0.66,866.2,2988.8,32.5,4,0.847,0,None,0.0,23.37,23.21,0.16,6783.0,1066.0,1066.0
IND_FIELD_0662,Karnataka & Tamil Nadu,Sugarcane,4.51,7.92,103.5,31.0,127.6,43.6,18.2,11.8,9.8,0.63,4.31,0.75,3.26,0.91,0.8,896.9,2622.3,25.2,6,0.854,1,Syngenta Isabion,2.83,548.49,475.16,73.32,340.0,24930.0,23132.0
IND_FIELD_0663,Andhra Pradesh & Telangana,Cotton,10.09,6.8,72.2,26.9,82.2,41.2,18.0,23.8,10.5,0.64,3.87,0.85,5.4,0.53,0.3,714.8,2025.7,22.5,5,0.863,0,None,0.0,20.02,20.84,-0.83,7121.0,-5893.0,-5893.0
IND_FIELD_0664,Punjab & Haryana (Indo-Gangetic),Wheat,10.36,6.73,117.0,44.1,230.5,29.8,23.0,17.4,10.4,1.27,4.95,0.62,2.37,0.62,0.85,810.8,1821.3,24.7,4,0.899,1,Syngenta Isabion,1.3,43.5,39.2,4.3,2275.0,9783.0,7865.0
IND_FIELD_0665,Punjab & Haryana (Indo-Gangetic),Tomato,10.63,7.38,108.0,50.4,155.9,33.1,20.8,24.8,8.2,1.1,3.93,0.33,4.56,0.34,0.69,1018.6,2781.1,24.6,6,0.92,0,None,0.0,273.65,273.68,-0.03,2400.0,-83.0,-83.0
IND_FIELD_0666,Punjab & Haryana (Indo-Gangetic),Tur / Pigeon Pea (Arhar),6.44,6.86,151.1,44.5,313.6,31.9,6.8,10.7,7.1,1.04,8.25,0.75,5.35,0.63,0.66,1001.2,2570.2,22.8,5,0.92,1,Syngenta Quantis,1.98,18.78,16.83,1.95,7550.0,14738.0,12776.0
IND_FIELD_0667,Punjab & Haryana (Indo-Gangetic),Soybean,3.67,7.36,200.0,26.3,126.5,25.6,14.5,12.9,12.3,1.18,3.41,0.87,4.32,0.68,0.4,1054.6,2711.1,31.4,3,0.879,1,Syngenta Quantis,1.41,22.49,20.18,2.31,4892.0,11277.0,9500.0
IND_FIELD_0668,Punjab & Haryana (Indo-Gangetic),Cotton,14.12,5.95,214.5,44.0,163.0,33.2,13.2,25.1,11.5,0.58,7.71,0.61,2.11,0.95,0.53,784.2,2938.5,26.9,4,0.92,0,None,0.0,24.17,24.47,-0.3,7121.0,-2169.0,-2169.0
IND_FIELD_0669,Punjab & Haryana (Indo-Gangetic),Soybean,6.26,7.75,212.1,18.5,165.9,18.9,11.6,14.7,6.9,0.98,4.23,0.68,7.42,0.93,0.61,750.0,2407.9,33.5,7,0.794,0,None,0.0,21.22,19.98,1.24,4892.0,6044.0,6044.0
IND_FIELD_0670,Maharashtra & Vidarbha (Deccan),Maize,10.94,8.06,124.7,17.6,82.0,22.0,14.1,28.9,4.6,0.81,10.1,0.44,4.02,0.93,0.58,1031.0,1974.3,25.3,5,0.92,0,None,0.0,50.36,49.93,0.43,2225.0,953.0,953.0
IND_FIELD_0671,Punjab & Haryana (Indo-Gangetic),Groundnut (Peanut),11.27,7.36,183.7,26.9,281.4,44.6,12.9,11.3,4.3,1.16,10.01,0.47,6.28,0.49,0.64,576.2,3116.0,27.9,5,0.803,1,Syngenta Isabion,1.56,28.93,25.85,3.07,6783.0,20849.0,19140.0
IND_FIELD_0672,Karnataka & Tamil Nadu,Cotton,10.21,8.09,116.3,46.7,87.7,40.6,13.8,14.7,4.5,0.64,4.85,0.71,3.79,0.94,0.21,690.4,2563.4,30.3,5,0.834,1,Syngenta Isabion,1.75,23.07,20.11,2.96,7121.0,21047.0,19253.0
IND_FIELD_0673,Punjab & Haryana (Indo-Gangetic),Wheat,6.94,6.16,71.0,22.6,305.6,30.7,23.6,32.0,9.6,1.01,7.69,0.85,4.61,0.57,0.4,490.0,2661.4,33.4,7,0.676,0,None,0.0,32.33,31.32,1.01,2275.0,2297.0,2297.0
IND_FIELD_0674,Andhra Pradesh & Telangana,Mustard / Rapeseed,6.48,6.95,186.3,14.7,294.1,33.5,7.6,19.5,4.0,1.27,3.4,0.64,4.14,0.85,0.45,519.0,3106.8,28.8,4,0.728,1,Syngenta Quantis,2.35,27.98,24.9,3.08,5650.0,17407.0,15455.0
IND_FIELD_0675,Maharashtra & Vidarbha (Deccan),Maize,10.07,7.24,61.8,17.7,208.5,29.1,22.6,25.5,7.0,0.74,10.0,0.75,3.88,0.4,0.33,681.2,3104.2,26.9,6,0.856,1,Syngenta CropBio+ (Biostimulant),1.99,55.8,48.59,7.2,2225.0,16022.0,14321.0
IND_FIELD_0676,Karnataka & Tamil Nadu,Wheat,13.03,7.2,133.7,48.9,210.5,40.2,14.6,14.0,11.4,0.37,7.02,0.32,2.12,0.6,0.27,468.6,2600.9,33.3,4,0.859,0,None,0.0,40.53,40.72,-0.19,2275.0,-436.0,-436.0
IND_FIELD_0677,Punjab & Haryana (Indo-Gangetic),Wheat,13.91,6.76,119.3,39.3,236.9,41.5,17.2,23.4,6.6,0.87,3.52,0.35,3.98,0.93,0.25,683.1,2216.7,26.0,9,0.916,0,None,0.0,42.05,42.09,-0.03,2275.0,-76.0,-76.0
IND_FIELD_0678,Maharashtra & Vidarbha (Deccan),Wheat,4.66,6.61,184.8,22.9,172.9,40.9,20.9,26.0,11.5,0.68,5.7,0.57,6.89,0.91,0.41,1072.2,3196.0,23.0,4,0.905,1,Syngenta CropBio+ (Biostimulant),1.99,39.27,34.59,4.68,2275.0,10656.0,8790.0
IND_FIELD_0679,Karnataka & Tamil Nadu,Cotton,5.2,6.1,197.9,35.9,235.3,39.7,12.5,16.9,11.3,1.04,3.76,0.32,5.8,0.73,0.5,508.1,2753.1,27.8,5,0.66,1,Syngenta CropBio+ (Biostimulant),1.9,21.28,18.66,2.62,7121.0,18679.0,16939.0
IND_FIELD_0680,Karnataka & Tamil Nadu,Wheat,13.89,6.74,114.7,34.7,90.7,24.1,13.7,28.2,6.1,1.35,6.07,0.64,2.8,0.81,0.19,864.9,2371.8,32.2,5,0.92,0,None,0.0,40.81,41.22,-0.41,2275.0,-931.0,-931.0
IND_FIELD_0681,Uttar Pradesh & Bihar,Maize,11.6,6.19,206.1,40.2,93.0,28.1,13.4,23.3,11.2,0.83,8.09,0.4,5.25,0.37,0.81,1317.5,2583.8,22.4,4,0.92,0,None,0.0,55.41,55.24,0.16,2225.0,358.0,358.0
IND_FIELD_0682,Maharashtra & Vidarbha (Deccan),Gram / Chickpea (Chana),13.21,7.56,112.9,22.0,189.7,32.1,12.7,18.6,11.4,0.81,6.63,0.75,6.91,0.76,0.69,1201.7,2382.2,29.6,3,0.92,0,None,0.0,21.0,21.52,-0.52,5440.0,-2808.0,-2808.0
IND_FIELD_0683,Punjab & Haryana (Indo-Gangetic),Sugarcane,5.73,6.3,140.3,49.2,211.9,27.9,22.7,22.3,7.7,1.02,6.0,0.77,5.85,0.68,0.66,740.2,3043.6,29.7,6,0.811,1,Syngenta Isabion,1.67,598.11,528.58,69.53,340.0,23640.0,21579.0
IND_FIELD_0684,Andhra Pradesh & Telangana,Groundnut (Peanut),9.96,5.94,190.9,25.3,293.1,40.6,20.9,22.7,5.7,0.41,4.07,0.52,2.82,0.31,0.27,1328.6,2475.5,34.1,5,0.92,1,Syngenta CropBio+ (Biostimulant),2.4,28.27,26.81,1.46,6783.0,9892.0,8106.0
IND_FIELD_0685,Karnataka & Tamil Nadu,Cotton,11.21,7.13,184.7,41.8,105.1,27.9,8.0,13.6,9.0,0.58,4.99,0.33,6.77,0.33,0.57,763.2,2952.9,25.7,2,0.865,0,None,0.0,22.32,22.22,0.09,7121.0,671.0,671.0
IND_FIELD_0686,Andhra Pradesh & Telangana,Wheat,10.98,7.23,237.7,12.7,277.4,22.1,7.9,18.9,13.2,1.31,3.93,0.65,3.66,0.33,0.52,518.9,2976.2,25.6,4,0.767,0,None,0.0,40.48,39.88,0.59,2275.0,1349.0,1349.0
IND_FIELD_0687,Andhra Pradesh & Telangana,Soybean,7.99,7.89,100.5,28.0,130.4,30.0,13.7,17.6,10.2,1.04,9.09,0.89,4.5,0.76,0.84,1394.4,2954.1,27.7,4,0.92,0,None,0.0,21.04,20.74,0.3,4892.0,1472.0,1472.0
IND_FIELD_0688,Maharashtra & Vidarbha (Deccan),Cotton,3.67,7.18,179.2,27.1,174.6,47.4,7.8,18.8,5.3,0.31,4.19,0.64,4.89,0.35,0.67,1276.5,2811.1,26.6,10,0.92,1,Syngenta CropBio+ (Biostimulant),2.93,22.75,19.39,3.36,7121.0,23961.0,22014.0
IND_FIELD_0689,Uttar Pradesh & Bihar,Maize,9.91,6.63,169.7,35.4,156.0,24.8,17.1,26.7,10.7,0.53,7.55,0.23,6.68,0.58,0.55,892.6,2996.8,31.6,4,0.92,0,None,0.0,53.27,53.29,-0.03,2225.0,-63.0,-63.0
IND_FIELD_0690,Punjab & Haryana (Indo-Gangetic),Tomato,6.28,7.73,224.7,15.1,176.0,36.4,8.6,20.6,8.0,1.05,5.7,0.21,7.12,0.5,0.75,1083.1,2342.1,30.3,2,0.904,1,Syngenta Quantis,2.85,283.78,255.18,28.61,2400.0,68655.0,66615.0
IND_FIELD_0691,Maharashtra & Vidarbha (Deccan),Soybean,8.45,7.1,88.1,46.0,116.1,31.0,15.4,30.7,9.7,1.14,4.85,0.42,7.11,0.64,0.26,1087.7,1960.5,31.9,4,0.92,1,Syngenta CropBio+ (Biostimulant),2.68,23.96,21.63,2.33,4892.0,11398.0,9330.0
IND_FIELD_0692,Maharashtra & Vidarbha (Deccan),Rice (Paddy),14.03,5.99,195.3,21.4,200.9,20.1,6.1,16.5,11.2,1.22,7.87,0.34,2.04,0.74,0.16,634.8,2979.4,32.7,4,0.85,1,Syngenta Isabion,2.26,50.74,45.51,5.23,2300.0,12031.0,9973.0
IND_FIELD_0693,Andhra Pradesh & Telangana,Groundnut (Peanut),7.89,7.16,162.3,41.1,272.4,32.6,11.7,19.1,8.9,0.62,6.54,0.77,7.07,0.73,0.63,640.0,2497.4,34.0,4,0.777,1,Syngenta Isabion,2.75,26.9,24.36,2.54,6783.0,17202.0,15588.0
IND_FIELD_0694,Punjab & Haryana (Indo-Gangetic),Cotton,12.74,7.98,109.4,46.5,186.0,39.1,18.2,27.3,12.0,1.32,6.12,0.79,2.3,0.61,0.22,896.1,1978.3,27.6,7,0.92,0,None,0.0,23.08,22.15,0.93,7121.0,6606.0,6606.0
IND_FIELD_0695,Punjab & Haryana (Indo-Gangetic),Wheat,5.57,6.75,145.4,36.2,197.7,33.4,14.7,22.0,11.1,0.91,7.53,0.38,3.46,0.58,0.23,1316.0,1961.4,34.8,5,0.92,1,Syngenta Quantis,1.84,39.49,35.33,4.16,2275.0,9466.0,7677.0
IND_FIELD_0696,Andhra Pradesh & Telangana,Maize,10.9,6.51,120.1,43.9,283.7,44.2,23.6,22.0,10.0,1.07,6.79,0.43,4.83,0.53,0.67,459.5,2022.9,24.8,7,0.753,1,Syngenta Isabion,1.87,60.32,52.12,8.2,2225.0,18242.0,16199.0
IND_FIELD_0697,Maharashtra & Vidarbha (Deccan),Sugarcane,14.25,6.14,164.3,40.5,249.5,26.7,21.7,11.2,5.1,0.96,5.42,0.37,4.64,0.85,0.34,1193.4,2851.4,31.3,6,0.92,1,Syngenta Isabion,2.22,737.84,666.98,70.86,340.0,24092.0,22271.0
IND_FIELD_0698,Andhra Pradesh & Telangana,Cotton,4.62,6.16,220.0,27.3,197.7,20.6,12.5,18.8,12.3,0.44,7.28,0.84,5.33,0.48,0.59,504.7,2795.2,28.9,12,0.662,0,None,0.0,18.12,18.41,-0.29,7121.0,-2063.0,-2063.0
IND_FIELD_0699,Punjab & Haryana (Indo-Gangetic),Rice (Paddy),3.59,6.84,162.5,46.8,141.8,46.1,6.8,16.0,13.3,1.36,8.09,0.55,4.64,0.43,0.79,904.3,2085.3,32.6,5,0.808,0,None,0.0,34.96,35.57,-0.61,2300.0,-1400.0,-1400.0
IND_FIELD_0700,Maharashtra & Vidarbha (Deccan),Groundnut (Peanut),8.27,7.23,173.7,24.7,292.4,29.3,21.2,32.0,4.9,0.44,3.39,0.66,7.14,0.77,0.37,1056.0,2985.7,28.2,3,0.92,1,Syngenta Isabion,1.27,27.93,25.41,2.53,6783.0,17140.0,15514.0
IND_FIELD_0701,Andhra Pradesh & Telangana,Wheat,4.52,5.99,153.4,36.6,218.5,35.3,22.4,16.8,8.6,0.58,6.6,0.49,3.32,0.5,0.3,1102.4,2193.8,32.2,2,0.92,1,Syngenta Quantis,2.62,38.09,34.14,3.94,2275.0,8970.0,7034.0
IND_FIELD_0702,Punjab & Haryana (Indo-Gangetic),Soybean,11.73,8.05,69.2,44.1,133.1,41.8,20.8,29.5,6.2,1.19,3.62,0.64,3.51,0.84,0.22,505.6,2910.2,34.1,6,0.794,1,Syngenta Isabion,2.37,25.94,21.71,4.23,4892.0,20695.0,18626.0
IND_FIELD_0703,Maharashtra & Vidarbha (Deccan),Groundnut (Peanut),13.56,7.61,101.9,28.3,144.6,27.7,8.3,24.9,11.4,0.98,4.56,0.47,7.06,0.48,0.24,847.7,2484.3,31.5,8,0.92,1,Syngenta CropBio+ (Biostimulant),2.68,29.35,25.9,3.45,6783.0,23384.0,21672.0
IND_FIELD_0704,Punjab & Haryana (Indo-Gangetic),Soybean,8.27,7.21,148.6,25.0,272.8,39.5,24.0,17.5,11.1,1.22,7.29,0.44,2.42,0.74,0.19,1004.6,2824.2,32.1,3,0.914,1,Syngenta CropBio+ (Biostimulant),2.96,25.06,23.15,1.91,4892.0,9362.0,7715.0
IND_FIELD_0705,Punjab & Haryana (Indo-Gangetic),Maize,6.35,7.79,115.8,31.8,90.6,22.1,10.7,22.0,5.0,0.87,9.52,0.64,5.35,0.28,0.21,512.7,2333.9,22.9,7,0.729,0,None,0.0,41.49,42.19,-0.71,2225.0,-1575.0,-1575.0
IND_FIELD_0706,Karnataka & Tamil Nadu,Cotton,8.28,5.99,92.7,47.2,318.1,26.7,19.0,28.5,12.7,0.71,9.64,0.61,5.75,0.52,0.45,578.3,2286.0,24.7,5,0.814,1,Syngenta Isabion,1.55,23.0,20.17,2.83,7121.0,20160.0,18454.0
IND_FIELD_0707,Maharashtra & Vidarbha (Deccan),Onion,11.46,6.94,150.7,52.0,111.3,22.3,22.3,29.4,5.4,1.31,3.71,0.41,4.78,0.49,0.37,1080.5,2977.9,34.7,4,0.92,1,Syngenta Quantis,1.81,254.59,231.51,23.07,2800.0,64609.0,62862.0
IND_FIELD_0708,Uttar Pradesh & Bihar,Rice (Paddy),3.6,7.31,118.1,35.4,271.1,42.3,10.2,13.5,11.9,0.34,6.26,0.3,5.82,0.82,0.64,945.6,1849.4,31.0,4,0.847,1,Syngenta Isabion,2.78,39.96,35.47,4.5,2300.0,10344.0,8697.0
IND_FIELD_0709,Maharashtra & Vidarbha (Deccan),Rice (Paddy),9.98,7.79,106.5,40.4,174.7,24.7,22.3,17.5,8.3,1.24,7.46,0.46,2.95,0.93,0.76,603.7,3164.6,29.3,6,0.814,1,Syngenta CropBio+ (Biostimulant),1.23,45.42,39.65,5.77,2300.0,13270.0,11552.0
IND_FIELD_0710,Andhra Pradesh & Telangana,Soybean,10.25,7.68,143.5,50.8,198.1,39.5,11.6,17.4,6.9,0.55,4.27,0.49,6.69,0.57,0.7,958.5,2707.5,26.8,5,0.92,0,None,0.0,23.39,23.55,-0.16,4892.0,-772.0,-772.0
IND_FIELD_0711,Uttar Pradesh & Bihar,Rice (Paddy),10.51,6.46,84.0,16.2,291.4,46.3,23.6,10.9,5.2,1.23,8.79,0.64,2.77,0.83,0.52,1317.1,2405.5,22.6,5,0.92,0,None,0.0,42.02,41.61,0.41,2300.0,939.0,939.0
IND_FIELD_0712,Andhra Pradesh & Telangana,Gram / Chickpea (Chana),6.16,8.06,227.0,22.0,179.1,33.8,11.1,23.2,5.3,0.45,8.63,0.84,4.2,0.74,0.22,464.8,2679.3,26.8,4,0.742,1,Syngenta CropBio+ (Biostimulant),1.88,20.7,17.34,3.36,5440.0,18292.0,16534.0
IND_FIELD_0713,Maharashtra & Vidarbha (Deccan),Tomato,11.35,6.1,216.2,42.5,209.0,34.2,23.2,28.8,10.4,0.94,9.79,0.23,2.41,0.93,0.65,1060.5,1971.8,28.5,7,0.92,0,None,0.0,299.04,299.75,-0.71,2400.0,-1705.0,-1705.0
IND_FIELD_0714,Maharashtra & Vidarbha (Deccan),Rice (Paddy),4.51,7.9,187.4,47.4,91.8,31.8,7.0,18.4,9.3,1.28,3.26,0.37,5.0,0.82,0.4,520.0,2519.7,24.7,4,0.696,1,Syngenta Isabion,2.68,39.56,33.47,6.09,2300.0,14004.0,12255.0
IND_FIELD_0715,Maharashtra & Vidarbha (Deccan),Rice (Paddy),5.69,8.13,79.1,48.9,80.6,27.8,18.8,26.3,4.8,0.82,4.78,0.34,5.68,0.3,0.21,456.1,3179.1,24.3,8,0.724,1,Syngenta Quantis,2.44,38.53,32.29,6.25,2300.0,14366.0,12405.0
IND_FIELD_0716,Karnataka & Tamil Nadu,Maize,13.15,6.23,199.7,29.8,138.8,32.3,15.6,23.8,4.7,1.12,9.24,0.55,7.18,0.75,0.74,593.1,2129.4,28.6,5,0.819,0,None,0.0,56.15,55.83,0.32,2225.0,707.0,707.0
IND_FIELD_0717,Uttar Pradesh & Bihar,Gram / Chickpea (Chana),11.63,7.53,205.4,15.8,243.3,36.1,14.6,18.3,4.3,1.19,8.1,0.5,6.07,0.62,0.39,851.8,2811.2,29.6,3,0.92,1,Syngenta Isabion,1.89,23.97,22.71,1.25,5440.0,6806.0,5174.0
IND_FIELD_0718,Karnataka & Tamil Nadu,Wheat,3.65,5.9,198.2,30.8,109.1,47.6,10.0,13.1,11.3,1.11,9.73,0.71,4.98,0.26,0.3,1212.2,2409.0,25.1,7,0.92,0,None,0.0,33.57,32.91,0.66,2275.0,1500.0,1500.0
IND_FIELD_0719,Punjab & Haryana (Indo-Gangetic),Rice (Paddy),6.23,6.77,80.5,21.9,107.3,46.1,18.7,25.6,11.0,1.32,3.62,0.37,7.13,0.43,0.76,717.7,2713.4,29.6,7,0.772,1,Syngenta CropBio+ (Biostimulant),2.13,39.92,34.37,5.54,2300.0,12751.0,10675.0
IND_FIELD_0720,Uttar Pradesh & Bihar,Rice (Paddy),5.86,7.04,175.9,24.5,178.6,43.9,9.4,28.8,4.1,0.79,7.56,0.62,4.63,0.9,0.78,1044.4,2086.8,33.7,4,0.92,0,None,0.0,38.7,38.32,0.39,2300.0,886.0,886.0
IND_FIELD_0721,Karnataka & Tamil Nadu,Maize,6.48,7.19,210.2,45.2,235.5,44.7,16.0,25.1,9.4,0.49,7.35,0.82,5.09,0.9,0.39,840.6,2458.7,28.2,9,0.862,1,Syngenta CropBio+ (Biostimulant),1.72,58.93,51.62,7.3,2225.0,16251.0,14563.0
IND_FIELD_0722,Punjab & Haryana (Indo-Gangetic),Soybean,6.22,8.05,163.9,15.2,250.9,32.0,10.6,10.4,4.4,0.35,3.46,0.84,5.28,0.81,0.4,672.6,3172.1,33.1,6,0.777,1,Syngenta Quantis,2.48,23.09,19.84,3.25,4892.0,15920.0,13834.0
IND_FIELD_0723,Punjab & Haryana (Indo-Gangetic),Sugarcane,4.19,7.41,176.4,47.6,122.8,37.7,23.2,14.8,13.0,0.57,6.95,0.87,4.25,0.94,0.56,938.5,2073.4,34.1,6,0.884,1,Syngenta CropBio+ (Biostimulant),2.14,597.03,519.49,77.54,340.0,26364.0,24744.0
IND_FIELD_0724,Uttar Pradesh & Bihar,Rice (Paddy),8.55,6.96,142.5,30.4,99.1,44.9,6.5,11.5,13.0,0.46,7.65,0.74,6.61,0.81,0.66,1207.6,2691.0,23.2,3,0.92,1,Syngenta CropBio+ (Biostimulant),1.34,43.68,40.17,3.51,2300.0,8083.0,6260.0
IND_FIELD_0725,Andhra Pradesh & Telangana,Groundnut (Peanut),11.56,7.74,155.2,37.6,305.7,29.8,9.6,22.5,10.8,0.91,4.6,0.83,3.02,0.26,0.19,1240.9,2605.8,23.2,3,0.92,1,Syngenta Isabion,1.2,29.0,26.82,2.18,6783.0,14818.0,12759.0
IND_FIELD_0726,Uttar Pradesh & Bihar,Soybean,10.17,8.08,66.2,15.9,142.6,46.9,10.4,26.6,13.2,0.5,5.2,0.36,5.05,0.45,0.57,1254.2,2591.1,28.2,8,0.92,1,Syngenta Quantis,1.24,24.49,20.38,4.11,4892.0,20114.0,18042.0
IND_FIELD_0727,Punjab & Haryana (Indo-Gangetic),Wheat,10.9,5.85,175.0,26.5,284.8,30.5,13.5,12.4,12.0,0.34,7.87,0.34,5.97,0.27,0.82,771.6,2661.2,29.6,7,0.874,1,Syngenta Quantis,1.34,44.86,39.23,5.64,2275.0,12822.0,10732.0
IND_FIELD_0728,Uttar Pradesh & Bihar,Wheat,4.39,8.16,74.7,15.9,287.2,36.0,10.2,28.4,12.2,0.34,6.62,0.2,6.97,0.32,0.33,1203.8,2503.1,27.5,5,0.92,0,None,0.0,30.69,30.54,0.15,2275.0,343.0,343.0
IND_FIELD_0729,Punjab & Haryana (Indo-Gangetic),Sugarcane,13.97,6.01,138.3,53.3,265.4,39.3,14.8,22.2,9.5,1.21,9.46,0.69,6.86,0.4,0.79,651.6,1823.7,26.2,9,0.884,1,Syngenta Quantis,1.75,727.55,642.18,85.37,340.0,29027.0,27384.0
IND_FIELD_0730,Punjab & Haryana (Indo-Gangetic),Soybean,12.72,7.75,112.7,46.7,120.5,46.5,21.7,25.2,6.7,0.95,5.7,0.86,4.8,0.6,0.82,1151.5,3060.1,30.3,8,0.92,0,None,0.0,23.73,24.22,-0.49,4892.0,-2406.0,-2406.0
IND_FIELD_0731,Punjab & Haryana (Indo-Gangetic),Wheat,12.36,6.47,158.2,31.8,277.2,25.3,18.8,31.4,5.8,0.69,5.15,0.33,5.54,0.84,0.34,1351.0,2957.8,22.0,7,0.92,1,Syngenta CropBio+ (Biostimulant),2.13,46.55,41.86,4.69,2275.0,10660.0,8705.0
IND_FIELD_0732,Uttar Pradesh & Bihar,Wheat,12.55,6.12,84.0,21.6,264.6,40.4,16.4,11.8,6.9,1.28,10.39,0.65,4.17,0.85,0.68,463.1,2043.8,34.6,4,0.817,0,None,0.0,38.6,38.33,0.27,2275.0,612.0,612.0
IND_FIELD_0733,Andhra Pradesh & Telangana,Wheat,13.76,6.86,184.5,52.1,223.2,33.6,7.6,29.8,10.1,0.38,9.85,0.72,4.57,0.68,0.32,868.3,2378.6,25.0,5,0.92,0,None,0.0,43.98,43.68,0.3,2275.0,678.0,678.0
IND_FIELD_0734,Andhra Pradesh & Telangana,Sugarcane,9.49,7.35,203.1,26.8,160.9,26.1,18.5,12.8,5.3,1.38,3.41,0.85,6.98,0.9,0.67,1065.4,2878.8,33.9,7,0.92,0,None,0.0,605.75,605.48,0.26,340.0,90.0,90.0
IND_FIELD_0735,Maharashtra & Vidarbha (Deccan),Sugarcane,5.7,6.71,89.4,18.9,143.0,41.3,9.0,18.6,6.2,0.98,8.83,0.65,7.12,0.6,0.71,1116.7,3172.1,23.4,5,0.92,0,None,0.0,502.38,502.78,-0.4,340.0,-136.0,-136.0
IND_FIELD_0736,Karnataka & Tamil Nadu,Groundnut (Peanut),10.28,5.93,78.8,36.2,109.3,34.6,20.2,28.7,8.4,0.5,4.01,0.88,6.92,0.87,0.32,617.3,3131.6,25.1,3,0.81,1,Syngenta CropBio+ (Biostimulant),2.35,27.24,22.87,4.36,6783.0,29585.0,27929.0
IND_FIELD_0737,Maharashtra & Vidarbha (Deccan),Cotton,11.67,7.24,86.2,52.6,202.3,37.8,10.5,29.9,5.9,1.05,3.4,0.44,2.76,0.57,0.65,1373.6,3059.1,25.1,5,0.92,0,None,0.0,22.42,21.94,0.48,7121.0,3399.0,3399.0
IND_FIELD_0738,Uttar Pradesh & Bihar,Mustard / Rapeseed,11.62,7.97,217.9,12.2,220.5,27.7,13.5,21.1,9.7,1.14,5.2,0.44,6.68,0.44,0.72,1034.5,2021.7,34.9,4,0.92,1,Syngenta Isabion,2.14,31.69,29.21,2.48,5650.0,14007.0,12202.0
IND_FIELD_0739,Maharashtra & Vidarbha (Deccan),Wheat,9.24,6.72,155.1,22.2,166.2,32.4,12.3,23.1,13.2,0.77,5.17,0.58,7.22,0.89,0.4,606.1,3080.3,22.1,8,0.824,0,None,0.0,37.24,37.44,-0.2,2275.0,-446.0,-446.0
IND_FIELD_0740,Maharashtra & Vidarbha (Deccan),Soybean,4.25,6.32,144.1,52.4,194.1,36.5,21.5,25.6,11.4,1.25,9.18,0.47,3.99,0.52,0.27,469.5,3029.8,30.3,3,0.68,1,Syngenta CropBio+ (Biostimulant),2.72,22.28,18.88,3.4,4892.0,16624.0,14958.0
IND_FIELD_0741,Maharashtra & Vidarbha (Deccan),Soybean,7.58,6.86,79.2,19.4,167.2,30.1,8.3,28.3,10.5,0.47,8.39,0.2,4.85,0.6,0.21,1194.1,2327.7,33.3,5,0.92,1,Syngenta Isabion,3.0,23.11,20.91,2.21,4892.0,10788.0,8882.0
IND_FIELD_0742,Maharashtra & Vidarbha (Deccan),Rice (Paddy),13.63,5.92,176.9,16.9,233.8,24.0,16.2,12.7,9.6,0.61,10.37,0.71,6.29,0.48,0.55,525.7,2352.3,30.7,5,0.834,0,None,0.0,45.02,45.63,-0.61,2300.0,-1405.0,-1405.0
IND_FIELD_0743,Uttar Pradesh & Bihar,Groundnut (Peanut),9.93,7.77,216.2,36.5,296.3,46.8,8.6,27.8,8.6,0.4,8.39,0.73,5.09,0.71,0.83,584.0,2443.9,26.7,3,0.846,0,None,0.0,25.5,26.53,-1.02,6783.0,-6940.0,-6940.0
IND_FIELD_0744,Andhra Pradesh & Telangana,Maize,9.42,7.78,209.1,49.1,119.3,33.3,18.7,20.6,5.5,0.53,6.25,0.72,7.46,0.95,0.73,996.1,2718.6,34.5,8,0.92,0,None,0.0,53.81,52.55,1.26,2225.0,2806.0,2806.0
IND_FIELD_0745,Punjab & Haryana (Indo-Gangetic),Groundnut (Peanut),6.46,7.21,172.7,32.5,171.5,40.0,22.3,19.9,12.9,0.56,8.3,0.44,4.51,0.27,0.46,1023.3,2165.2,33.6,3,0.92,0,None,0.0,24.54,23.73,0.81,6783.0,5471.0,5471.0
IND_FIELD_0746,Karnataka & Tamil Nadu,Wheat,7.55,6.65,73.6,54.8,113.8,30.3,13.8,19.3,6.1,1.31,10.5,0.57,5.93,0.88,0.53,1102.5,1832.1,27.6,5,0.92,0,None,0.0,34.96,34.75,0.21,2275.0,488.0,488.0
IND_FIELD_0747,Maharashtra & Vidarbha (Deccan),Rice (Paddy),13.35,7.72,80.2,41.2,230.0,28.7,14.8,21.2,4.5,0.39,8.38,0.45,6.36,0.25,0.35,823.8,1997.7,29.5,6,0.92,0,None,0.0,43.37,43.42,-0.05,2300.0,-109.0,-109.0
IND_FIELD_0748,Andhra Pradesh & Telangana,Soybean,10.83,7.13,68.9,15.2,254.9,30.2,22.7,30.8,11.4,0.77,8.76,0.21,4.72,0.5,0.26,1185.2,2416.2,34.6,5,0.92,0,None,0.0,22.83,23.13,-0.3,4892.0,-1488.0,-1488.0
IND_FIELD_0749,Karnataka & Tamil Nadu,Rice (Paddy),12.16,7.78,106.3,54.7,303.7,30.3,15.4,22.1,5.3,0.89,10.05,0.59,6.71,0.37,0.49,1375.6,2194.8,34.8,3,0.92,1,Syngenta Quantis,1.52,47.3,43.07,4.22,2300.0,9712.0,7860.0
IND_FIELD_0750,Andhra Pradesh & Telangana,Rice (Paddy),8.5,7.32,84.4,29.5,146.9,34.3,14.8,31.0,7.4,1.29,4.03,0.29,5.0,0.78,0.47,707.5,2870.3,27.8,4,0.853,0,None,0.0,37.68,38.33,-0.64,2300.0,-1476.0,-1476.0
IND_FIELD_0751,Punjab & Haryana (Indo-Gangetic),Soybean,10.43,7.68,106.8,24.4,308.1,34.3,16.4,14.0,3.8,1.4,8.34,0.26,4.26,0.29,0.52,1117.9,1949.4,33.0,8,0.92,1,Syngenta Isabion,2.89,26.3,22.91,3.38,4892.0,16544.0,14826.0
IND_FIELD_0752,Karnataka & Tamil Nadu,Cotton,6.23,7.24,129.3,36.0,95.2,32.9,18.4,25.9,4.9,1.13,9.41,0.73,2.59,0.64,0.82,1332.0,3084.5,25.9,10,0.92,1,Syngenta CropBio+ (Biostimulant),1.89,22.69,19.35,3.34,7121.0,23770.0,21725.0
IND_FIELD_0753,Andhra Pradesh & Telangana,Wheat,11.26,6.79,229.7,25.1,224.7,22.0,7.9,27.9,5.3,1.37,10.17,0.21,4.16,0.46,0.57,1102.0,3053.5,26.8,4,0.92,0,None,0.0,42.31,42.57,-0.26,2275.0,-602.0,-602.0
IND_FIELD_0754,Maharashtra & Vidarbha (Deccan),Maize,8.2,8.1,169.9,15.7,93.7,32.9,20.8,24.9,4.1,1.17,4.74,0.87,6.04,0.34,0.57,1097.1,3072.3,24.1,10,0.92,1,Syngenta Isabion,1.38,56.93,49.04,7.89,2225.0,17550.0,15622.0
IND_FIELD_0755,Punjab & Haryana (Indo-Gangetic),Tomato,8.37,7.1,210.3,12.1,294.5,23.1,13.8,23.4,10.4,1.36,6.88,0.56,7.07,0.79,0.24,662.6,2835.5,24.7,9,0.793,0,None,0.0,270.02,270.28,-0.27,2400.0,-640.0,-640.0
IND_FIELD_0756,Uttar Pradesh & Bihar,Tur / Pigeon Pea (Arhar),10.64,7.25,187.9,31.3,207.2,21.8,7.3,22.4,12.3,1.08,8.17,0.89,3.38,0.4,0.85,958.4,1949.8,30.5,6,0.92,0,None,0.0,19.16,18.12,1.04,7550.0,7845.0,7845.0
IND_FIELD_0757,Andhra Pradesh & Telangana,Sugarcane,13.8,6.33,80.3,48.0,240.6,46.0,20.2,28.9,7.4,0.39,5.01,0.24,3.95,0.41,0.69,984.4,2413.4,28.6,5,0.92,1,Syngenta CropBio+ (Biostimulant),1.55,696.72,627.85,68.88,340.0,23418.0,21673.0
IND_FIELD_0758,Andhra Pradesh & Telangana,Rice (Paddy),4.2,7.3,192.5,36.6,279.6,36.1,12.8,28.1,12.7,0.74,7.58,0.61,2.85,0.44,0.76,1115.1,1984.0,25.0,4,0.92,0,None,0.0,38.14,38.29,-0.15,2300.0,-349.0,-349.0
IND_FIELD_0759,Karnataka & Tamil Nadu,Sugarcane,12.57,7.17,109.5,55.0,116.1,37.8,7.8,12.7,5.7,1.01,5.08,0.44,5.8,0.66,0.44,1397.0,3182.8,27.2,7,0.92,0,None,0.0,601.74,600.2,1.53,340.0,521.0,521.0
IND_FIELD_0760,Uttar Pradesh & Bihar,Groundnut (Peanut),6.72,6.24,175.0,24.3,89.3,30.1,17.4,28.7,6.9,0.69,5.63,0.79,7.28,0.71,0.5,482.0,2266.3,26.9,6,0.674,0,None,0.0,22.07,21.07,1.0,6783.0,6759.0,6759.0
IND_FIELD_0761,Punjab & Haryana (Indo-Gangetic),Soybean,8.38,5.94,121.4,24.1,290.9,45.3,21.8,19.1,5.1,0.6,6.42,0.45,5.53,0.26,0.52,512.0,2619.5,34.8,5,0.802,1,Syngenta CropBio+ (Biostimulant),1.42,24.07,21.27,2.8,4892.0,13720.0,11712.0
IND_FIELD_0762,Maharashtra & Vidarbha (Deccan),Rice (Paddy),3.74,7.25,239.6,18.9,155.6,37.1,22.0,15.6,10.0,0.94,7.06,0.38,5.39,0.42,0.29,524.1,2891.2,33.1,10,0.713,1,Syngenta Quantis,2.7,42.12,36.06,6.06,2300.0,13932.0,11993.0
IND_FIELD_0763,Punjab & Haryana (Indo-Gangetic),Mustard / Rapeseed,6.81,7.63,107.4,19.1,111.0,41.1,23.2,29.1,7.9,1.33,6.48,0.8,5.04,0.55,0.63,1155.8,3088.9,27.0,7,0.92,1,Syngenta Isabion,2.85,27.74,24.15,3.59,5650.0,20311.0,18505.0
IND_FIELD_0764,Uttar Pradesh & Bihar,Rice (Paddy),9.03,7.06,110.2,24.3,192.4,29.1,21.6,19.5,9.9,0.34,6.8,0.46,2.49,0.48,0.78,579.5,2857.8,33.9,6,0.798,1,Syngenta CropBio+ (Biostimulant),1.59,45.8,38.68,7.12,2300.0,16372.0,14320.0
IND_FIELD_0765,Punjab & Haryana (Indo-Gangetic),Wheat,4.12,6.34,227.5,46.1,223.6,46.8,6.0,27.8,11.5,1.15,5.38,0.21,6.01,0.87,0.26,1041.3,2744.3,26.5,8,0.916,0,None,0.0,35.79,36.55,-0.77,2275.0,-1744.0,-1744.0
IND_FIELD_0766,Andhra Pradesh & Telangana,Wheat,8.9,7.4,64.4,50.9,87.4,42.6,12.8,15.8,9.2,1.1,4.36,0.47,5.31,0.8,0.21,758.4,2452.4,30.7,3,0.82,0,None,0.0,34.11,34.74,-0.63,2275.0,-1432.0,-1432.0
IND_FIELD_0767,Uttar Pradesh & Bihar,Cotton,13.7,5.99,185.4,53.9,146.0,43.6,20.7,10.1,10.1,1.36,3.55,0.66,5.64,0.69,0.67,884.5,2647.6,34.6,9,0.92,0,None,0.0,24.39,24.01,0.38,7121.0,2685.0,2685.0
IND_FIELD_0768,Karnataka & Tamil Nadu,Rice (Paddy),4.66,6.86,190.6,22.0,87.9,23.2,12.6,20.9,13.3,1.32,4.63,0.38,6.94,0.49,0.34,654.9,1931.8,27.1,3,0.724,1,Syngenta CropBio+ (Biostimulant),2.68,40.08,34.86,5.23,2300.0,12026.0,10310.0
IND_FIELD_0769,Maharashtra & Vidarbha (Deccan),Rice (Paddy),11.91,6.19,210.5,49.9,180.9,26.1,16.8,12.2,6.6,1.14,7.45,0.5,6.31,0.74,0.59,1272.8,3037.5,30.8,3,0.92,1,Syngenta Isabion,2.05,50.54,46.23,4.3,2300.0,9899.0,8162.0
IND_FIELD_0770,Uttar Pradesh & Bihar,Soybean,8.01,6.24,235.4,26.1,294.8,26.6,16.9,26.6,7.3,0.87,8.94,0.24,6.3,0.84,0.64,1006.8,2561.3,25.8,10,0.92,0,None,0.0,24.64,23.83,0.81,4892.0,3974.0,3974.0
IND_FIELD_0771,Punjab & Haryana (Indo-Gangetic),Soybean,10.71,6.29,235.6,16.9,315.8,26.1,12.6,16.1,11.0,0.52,4.44,0.61,7.1,0.67,0.38,1347.3,1856.2,25.5,3,0.92,0,None,0.0,25.49,23.81,1.68,4892.0,8221.0,8221.0
IND_FIELD_0772,Uttar Pradesh & Bihar,Mustard / Rapeseed,6.36,6.73,71.7,49.4,232.9,43.7,22.3,19.8,9.9,0.9,3.99,0.73,7.44,0.8,0.72,995.9,3087.9,29.5,6,0.902,0,None,0.0,24.36,24.51,-0.15,5650.0,-820.0,-820.0
IND_FIELD_0773,Punjab & Haryana (Indo-Gangetic),Cotton,5.25,5.92,207.9,39.4,118.8,19.0,15.1,11.9,5.4,1.14,8.67,0.49,5.2,0.77,0.53,567.7,2485.0,34.7,7,0.72,1,Syngenta Isabion,1.68,21.83,19.06,2.77,7121.0,19706.0,17897.0
IND_FIELD_0774,Maharashtra & Vidarbha (Deccan),Wheat,5.27,6.75,176.3,19.1,297.4,20.3,14.4,16.3,7.4,1.29,5.43,0.49,2.6,0.65,0.76,612.3,3016.0,27.9,7,0.71,1,Syngenta CropBio+ (Biostimulant),1.86,39.51,34.13,5.38,2275.0,12240.0,10236.0
IND_FIELD_0775,Uttar Pradesh & Bihar,Cotton,4.28,7.03,176.5,30.5,203.9,26.2,24.0,27.2,8.4,1.17,10.15,0.26,4.53,0.47,0.68,1389.6,2999.6,34.2,2,0.92,0,None,0.0,19.66,19.47,0.19,7121.0,1388.0,1388.0
IND_FIELD_0776,Punjab & Haryana (Indo-Gangetic),Tur / Pigeon Pea (Arhar),5.54,6.96,83.1,24.4,116.9,24.0,14.9,13.3,7.9,0.51,8.41,0.34,6.33,0.77,0.76,1139.3,2942.1,33.9,10,0.92,0,None,0.0,15.31,14.69,0.62,7550.0,4716.0,4716.0
IND_FIELD_0777,Punjab & Haryana (Indo-Gangetic),Cotton,10.81,6.72,177.0,43.7,301.2,25.0,9.2,24.2,5.4,0.96,5.59,0.31,2.15,0.39,0.16,496.8,1886.0,25.3,4,0.805,0,None,0.0,23.1,22.47,0.63,7121.0,4477.0,4477.0
IND_FIELD_0778,Uttar Pradesh & Bihar,Rice (Paddy),13.2,7.81,236.8,31.5,261.8,41.9,15.2,30.2,13.2,0.67,5.31,0.54,2.31,0.8,0.32,1118.6,2145.9,27.2,5,0.92,1,Syngenta CropBio+ (Biostimulant),1.4,52.0,48.62,3.38,2300.0,7774.0,6058.0
IND_FIELD_0779,Uttar Pradesh & Bihar,Gram / Chickpea (Chana),12.46,6.15,224.1,54.5,255.6,34.9,20.7,25.0,11.5,0.31,7.02,0.57,2.37,0.81,0.21,841.6,3025.8,30.4,1,0.92,1,Syngenta Isabion,2.21,25.22,23.04,2.18,5440.0,11865.0,10164.0
IND_FIELD_0780,Andhra Pradesh & Telangana,Mustard / Rapeseed,11.04,7.01,139.0,14.4,250.2,18.2,20.0,27.8,8.6,0.52,3.78,0.86,6.02,0.83,0.46,741.8,3058.6,28.7,5,0.863,0,None,0.0,28.28,27.64,0.65,5650.0,3662.0,3662.0
IND_FIELD_0781,Andhra Pradesh & Telangana,Cotton,4.71,5.95,67.2,27.3,128.1,30.9,20.2,12.4,10.6,0.42,4.06,0.25,4.76,0.58,0.77,596.4,2441.3,23.2,5,0.753,0,None,0.0,17.02,17.31,-0.29,7121.0,-2093.0,-2093.0
IND_FIELD_0782,Andhra Pradesh & Telangana,Groundnut (Peanut),6.68,5.97,125.2,32.7,130.6,30.2,18.7,15.5,12.9,1.23,4.48,0.62,4.03,0.38,0.48,1247.9,2416.1,34.9,5,0.92,0,None,0.0,22.33,22.76,-0.43,6783.0,-2940.0,-2940.0
IND_FIELD_0783,Maharashtra & Vidarbha (Deccan),Wheat,6.91,7.18,208.8,33.6,245.2,21.4,10.6,29.7,4.9,0.58,8.86,0.57,2.58,0.32,0.74,510.6,2045.2,31.8,6,0.723,1,Syngenta Quantis,2.61,41.98,35.06,6.92,2275.0,15737.0,13879.0
IND_FIELD_0784,Maharashtra & Vidarbha (Deccan),Wheat,6.25,7.16,186.3,25.6,132.7,38.3,21.5,25.7,6.1,0.61,6.95,0.56,6.03,0.77,0.38,725.3,3155.8,27.7,3,0.791,1,Syngenta Isabion,2.1,38.83,35.1,3.73,2275.0,8484.0,6470.0
IND_FIELD_0785,Punjab & Haryana (Indo-Gangetic),Soybean,9.17,7.91,142.7,43.4,185.3,39.1,22.1,24.1,9.2,1.36,3.28,0.81,3.77,0.87,0.39,741.1,2098.4,30.0,5,0.889,1,Syngenta Quantis,1.49,25.55,22.49,3.06,4892.0,14987.0,13024.0
IND_FIELD_0786,Karnataka & Tamil Nadu,Soybean,9.39,7.14,69.9,49.6,267.7,39.6,9.5,24.6,11.9,0.72,8.12,0.34,3.46,0.71,0.78,602.9,2067.3,23.1,6,0.791,1,Syngenta Quantis,1.77,24.03,21.44,2.59,4892.0,12647.0,10997.0
IND_FIELD_0787,Andhra Pradesh & Telangana,Maize,7.43,8.1,136.8,52.4,268.1,39.9,8.3,19.1,3.9,0.31,6.29,0.23,5.59,0.35,0.45,932.8,2725.0,28.4,8,0.92,0,None,0.0,48.7,48.15,0.55,2225.0,1219.0,1219.0
IND_FIELD_0788,Maharashtra & Vidarbha (Deccan),Wheat,7.39,5.92,144.4,46.6,188.8,18.0,23.6,11.0,13.8,0.61,6.93,0.67,5.07,0.9,0.7,461.1,2140.0,34.1,7,0.711,1,Syngenta Quantis,2.39,39.81,33.76,6.05,2275.0,13766.0,12041.0
IND_FIELD_0789,Maharashtra & Vidarbha (Deccan),Rice (Paddy),12.61,6.04,227.1,48.6,270.1,46.6,21.6,27.3,8.3,0.43,4.76,0.44,3.99,0.94,0.32,735.9,3114.3,33.7,4,0.872,0,None,0.0,47.16,47.45,-0.29,2300.0,-668.0,-668.0
IND_FIELD_0790,Karnataka & Tamil Nadu,Maize,12.18,5.91,175.4,35.7,281.3,42.4,22.1,24.9,7.3,0.41,7.23,0.21,5.53,0.55,0.81,1336.9,1815.3,26.4,3,0.92,0,None,0.0,56.36,56.23,0.12,2225.0,276.0,276.0
IND_FIELD_0791,Punjab & Haryana (Indo-Gangetic),Groundnut (Peanut),6.89,6.24,116.1,47.5,237.1,45.1,22.0,20.4,6.6,0.39,10.35,0.38,3.49,0.67,0.55,745.0,1808.1,28.9,5,0.825,1,Syngenta Quantis,2.27,25.81,23.22,2.59,6783.0,17574.0,15950.0
IND_FIELD_0792,Andhra Pradesh & Telangana,Cotton,13.55,7.1,154.6,25.1,134.8,18.5,15.8,29.8,5.3,0.95,3.74,0.42,6.37,0.79,0.68,792.4,2506.8,31.1,5,0.919,1,Syngenta Quantis,1.8,26.62,23.26,3.36,7121.0,23943.0,21893.0
IND_FIELD_0793,Andhra Pradesh & Telangana,Sugarcane,13.98,7.35,71.9,29.1,145.8,46.0,17.6,17.4,11.8,0.51,5.27,0.63,3.26,0.77,0.21,899.5,2483.3,26.4,9,0.92,1,Syngenta Quantis,1.6,697.05,608.95,88.1,340.0,29954.0,27891.0
IND_FIELD_0794,Andhra Pradesh & Telangana,Soybean,7.09,5.91,235.1,25.6,155.6,42.3,15.8,16.5,13.5,0.7,4.97,0.32,2.87,0.93,0.49,983.6,2028.7,22.8,6,0.881,1,Syngenta Quantis,2.9,25.23,22.22,3.02,4892.0,14754.0,12987.0
IND_FIELD_0795,Punjab & Haryana (Indo-Gangetic),Maize,7.4,8.07,124.8,32.1,108.0,43.1,6.9,29.2,7.8,1.25,5.01,0.49,6.3,0.33,0.78,1218.3,2492.3,28.6,6,0.92,1,Syngenta Quantis,1.77,52.01,46.11,5.9,2225.0,13135.0,11214.0
IND_FIELD_0796,Karnataka & Tamil Nadu,Sugarcane,9.06,7.82,146.0,24.3,145.6,20.8,19.4,27.5,13.5,0.77,5.96,0.54,5.89,0.66,0.76,630.8,2376.3,29.8,7,0.866,0,None,0.0,554.61,554.38,0.23,340.0,77.0,77.0
IND_FIELD_0797,Karnataka & Tamil Nadu,Onion,13.85,6.51,124.0,53.3,130.3,40.2,15.1,21.3,12.1,1.31,9.17,0.52,3.0,0.73,0.18,1278.2,3046.5,22.1,10,0.92,1,Syngenta CropBio+ (Biostimulant),2.81,269.75,236.05,33.7,2800.0,94365.0,92400.0
IND_FIELD_0798,Andhra Pradesh & Telangana,Soybean,13.14,5.99,182.9,25.5,189.3,46.8,17.7,12.9,8.6,0.85,9.86,0.88,2.64,0.87,0.36,1169.7,1813.0,23.2,5,0.92,1,Syngenta Quantis,1.46,27.96,25.58,2.38,4892.0,11635.0,9688.0
IND_FIELD_0799,Andhra Pradesh & Telangana,Soybean,4.63,6.21,179.2,16.2,298.0,38.4,15.0,14.7,10.6,0.74,4.68,0.23,6.61,0.86,0.46,1136.5,3166.8,24.7,2,0.92,1,Syngenta CropBio+ (Biostimulant),2.25,23.36,21.17,2.2,4892.0,10741.0,8861.0
IND_FIELD_0800,Karnataka & Tamil Nadu,Cotton,7.82,6.1,188.8,34.7,105.1,35.1,14.9,24.4,8.1,1.13,7.16,0.87,6.27,0.93,0.27,532.5,2674.1,26.5,5,0.715,1,Syngenta Isabion,2.61,22.58,19.56,3.02,7121.0,21496.0,19419.0
IND_FIELD_0801,Uttar Pradesh & Bihar,Cotton,9.59,6.1,108.3,14.5,252.9,46.4,9.1,18.5,9.4,0.38,7.85,0.61,3.8,0.61,0.66,470.6,2012.6,29.0,6,0.738,1,Syngenta Isabion,1.69,22.66,18.97,3.68,7121.0,26240.0,24384.0
IND_FIELD_0802,Punjab & Haryana (Indo-Gangetic),Cotton,9.03,7.04,116.8,16.8,244.9,31.3,11.0,28.4,4.1,0.4,7.01,0.76,5.62,0.83,0.28,1014.3,1865.5,25.8,9,0.92,1,Syngenta Quantis,2.72,24.72,21.08,3.64,7121.0,25920.0,24265.0
IND_FIELD_0803,Andhra Pradesh & Telangana,Gram / Chickpea (Chana),5.63,6.39,82.5,21.4,103.0,36.0,8.9,30.9,10.8,1.02,6.37,0.5,2.68,0.55,0.39,1270.0,2553.3,25.6,12,0.92,0,None,0.0,16.42,16.97,-0.55,5440.0,-2990.0,-2990.0
IND_FIELD_0804,Andhra Pradesh & Telangana,Cotton,12.95,6.66,178.0,32.0,301.4,32.3,9.5,27.7,4.1,0.84,4.6,0.52,4.79,0.55,0.61,1005.2,2128.8,33.3,3,0.92,1,Syngenta Isabion,2.07,26.88,23.8,3.08,7121.0,21966.0,20357.0
IND_FIELD_0805,Maharashtra & Vidarbha (Deccan),Cotton,10.95,8.17,67.2,30.6,216.4,46.0,23.5,18.3,12.1,1.17,6.76,0.82,2.1,0.43,0.49,652.6,2221.6,23.9,7,0.788,1,Syngenta Quantis,1.41,22.77,20.06,2.71,7121.0,19305.0,17491.0
IND_FIELD_0806,Uttar Pradesh & Bihar,Maize,12.72,7.44,167.6,46.4,167.3,20.3,8.8,27.4,12.2,1.31,6.13,0.83,4.15,0.82,0.67,536.0,2143.2,28.4,4,0.871,0,None,0.0,55.44,55.91,-0.47,2225.0,-1045.0,-1045.0
IND_FIELD_0807,Karnataka & Tamil Nadu,Rice (Paddy),12.95,8.08,216.5,43.8,261.6,33.0,10.8,17.7,6.0,0.73,9.01,0.37,2.41,0.94,0.82,1114.6,2710.2,34.4,7,0.92,1,Syngenta Isabion,2.32,51.88,46.3,5.58,2300.0,12835.0,10787.0
IND_FIELD_0808,Karnataka & Tamil Nadu,Groundnut (Peanut),11.73,6.14,220.3,30.3,141.8,38.6,16.6,13.7,6.9,0.96,8.77,0.34,4.61,0.43,0.23,1135.7,2574.9,30.1,3,0.92,0,None,0.0,26.87,26.82,0.06,6783.0,396.0,396.0
IND_FIELD_0809,Maharashtra & Vidarbha (Deccan),Soybean,8.33,6.72,140.8,26.3,246.4,41.8,17.0,10.7,8.6,0.85,4.18,0.55,4.32,0.29,0.65,613.9,1909.2,31.3,3,0.797,0,None,0.0,21.06,21.7,-0.64,4892.0,-3118.0,-3118.0
IND_FIELD_0810,Punjab & Haryana (Indo-Gangetic),Wheat,10.22,7.13,142.7,25.6,89.5,35.5,8.8,18.5,9.8,1.38,3.85,0.83,4.44,0.82,0.31,476.8,2537.1,27.6,4,0.739,1,Syngenta Quantis,1.96,40.58,36.4,4.18,2275.0,9507.0,7473.0
IND_FIELD_0811,Karnataka & Tamil Nadu,Soybean,5.26,5.98,73.9,45.3,281.5,45.3,20.3,29.9,6.5,1.21,9.83,0.43,2.25,0.68,0.44,837.9,2907.7,22.3,6,0.754,1,Syngenta CropBio+ (Biostimulant),2.21,22.39,19.49,2.9,4892.0,14171.0,12422.0
IND_FIELD_0812,Uttar Pradesh & Bihar,Soybean,10.91,5.81,180.7,14.2,187.6,46.3,20.1,15.3,9.7,1.3,7.11,0.66,3.99,0.92,0.17,1003.6,1913.7,30.4,6,0.92,0,None,0.0,23.54,24.4,-0.86,4892.0,-4212.0,-4212.0
IND_FIELD_0813,Punjab & Haryana (Indo-Gangetic),Gram / Chickpea (Chana),5.47,7.41,207.8,12.6,232.8,19.9,10.3,14.5,6.6,0.58,9.46,0.7,6.16,0.43,0.25,1120.7,3045.6,30.2,4,0.92,1,Syngenta Isabion,1.91,21.18,18.24,2.94,5440.0,16016.0,14260.0
IND_FIELD_0814,Karnataka & Tamil Nadu,Soybean,11.13,7.34,104.0,46.2,133.1,30.1,11.2,31.3,4.1,1.15,3.62,0.75,4.03,0.3,0.37,1219.4,2609.6,23.4,6,0.92,1,Syngenta Quantis,2.59,25.67,22.53,3.14,4892.0,15384.0,13741.0
IND_FIELD_0815,Karnataka & Tamil Nadu,Wheat,6.03,6.79,135.8,32.5,242.5,18.7,22.9,10.6,3.5,0.59,7.04,0.59,5.93,0.59,0.39,1030.0,3130.9,28.0,4,0.864,1,Syngenta CropBio+ (Biostimulant),1.66,39.85,35.62,4.23,2275.0,9630.0,7568.0
IND_FIELD_0816,Andhra Pradesh & Telangana,Rice (Paddy),4.79,6.98,211.0,17.6,265.3,27.9,20.9,27.3,4.6,0.53,7.14,0.48,4.03,0.31,0.78,555.3,2007.4,33.9,3,0.669,1,Syngenta Isabion,2.46,42.01,36.42,5.59,2300.0,12867.0,10959.0
IND_FIELD_0817,Andhra Pradesh & Telangana,Rice (Paddy),5.32,6.8,217.9,22.1,193.6,34.1,18.6,17.1,11.8,1.34,9.48,0.88,4.33,0.43,0.67,1098.5,3191.0,24.7,5,0.92,1,Syngenta CropBio+ (Biostimulant),2.12,45.09,40.01,5.09,2300.0,11704.0,10037.0
IND_FIELD_0818,Maharashtra & Vidarbha (Deccan),Gram / Chickpea (Chana),3.52,5.86,103.8,52.1,228.3,45.3,7.5,10.8,13.6,0.32,3.91,0.63,5.1,0.34,0.83,1385.0,2702.0,28.0,7,0.92,1,Syngenta Isabion,1.5,19.24,16.45,2.79,5440.0,15171.0,13467.0
IND_FIELD_0819,Punjab & Haryana (Indo-Gangetic),Soybean,11.41,6.6,159.1,49.0,189.5,43.4,13.5,30.2,8.0,1.36,4.96,0.71,7.23,0.41,0.57,1310.3,2594.5,28.0,5,0.92,1,Syngenta Quantis,1.44,26.4,23.71,2.7,4892.0,13186.0,11361.0
IND_FIELD_0820,Maharashtra & Vidarbha (Deccan),Sugarcane,11.56,6.22,94.6,42.5,294.6,21.8,16.1,13.1,8.9,0.46,6.17,0.44,2.6,0.32,0.32,1278.1,2521.4,32.5,5,0.92,0,None,0.0,598.62,598.7,-0.09,340.0,-29.0,-29.0
IND_FIELD_0821,Uttar Pradesh & Bihar,Onion,9.16,6.04,78.3,32.7,199.5,20.8,9.4,22.1,5.0,1.2,9.52,0.67,2.18,0.92,0.38,737.1,1833.1,32.7,2,0.898,0,None,0.0,201.84,202.35,-0.51,2800.0,-1430.0,-1430.0
IND_FIELD_0822,Punjab & Haryana (Indo-Gangetic),Wheat,5.27,8.1,224.0,34.4,282.0,35.7,14.1,16.0,9.3,0.6,10.05,0.38,5.34,0.44,0.37,1163.2,3115.5,31.9,4,0.92,0,None,0.0,36.59,36.33,0.27,2275.0,606.0,606.0
IND_FIELD_0823,Maharashtra & Vidarbha (Deccan),Tur / Pigeon Pea (Arhar),4.42,7.24,207.7,53.9,272.3,34.0,16.8,11.4,5.0,0.69,10.45,0.37,7.22,0.56,0.38,1258.5,2701.6,26.8,4,0.92,1,Syngenta Quantis,2.74,19.02,16.3,2.72,7550.0,20536.0,18476.0
IND_FIELD_0824,Maharashtra & Vidarbha (Deccan),Soybean,3.71,7.55,196.8,53.5,178.5,26.0,11.9,11.1,9.9,0.54,10.2,0.7,7.44,0.88,0.62,1094.4,1928.3,22.9,1,0.92,0,None,0.0,20.48,20.04,0.44,4892.0,2147.0,2147.0
IND_FIELD_0825,Andhra Pradesh & Telangana,Rice (Paddy),5.32,6.56,68.8,21.3,135.2,45.0,20.1,12.5,13.3,0.94,3.24,0.56,4.66,0.72,0.52,688.0,1829.3,26.5,6,0.73,0,None,0.0,32.45,33.15,-0.7,2300.0,-1621.0,-1621.0
IND_FIELD_0826,Karnataka & Tamil Nadu,Cotton,13.3,6.74,211.9,46.9,177.5,45.8,21.1,11.6,5.6,0.68,3.55,0.68,4.57,0.68,0.42,1356.1,1871.1,30.8,6,0.92,1,Syngenta CropBio+ (Biostimulant),1.27,27.5,25.52,1.98,7121.0,14096.0,12340.0
IND_FIELD_0827,Maharashtra & Vidarbha (Deccan),Maize,6.16,6.37,138.8,20.5,278.3,30.1,11.8,26.7,11.5,1.02,4.28,0.39,5.55,0.74,0.25,878.3,2653.2,31.1,3,0.848,1,Syngenta Isabion,1.86,52.58,47.41,5.16,2225.0,11490.0,9429.0
IND_FIELD_0828,Maharashtra & Vidarbha (Deccan),Tomato,7.4,6.03,121.6,21.2,134.6,44.7,21.1,20.7,3.7,0.32,5.75,0.62,5.06,0.83,0.17,573.3,2659.6,34.5,6,0.78,1,Syngenta Isabion,1.33,277.8,236.66,41.13,2400.0,98724.0,96730.0
IND_FIELD_0829,Uttar Pradesh & Bihar,Cotton,4.66,6.23,158.4,41.1,205.9,29.5,7.9,17.5,7.4,0.37,9.26,0.51,5.49,0.86,0.3,554.3,2499.5,27.9,5,0.67,0,None,0.0,17.76,17.37,0.39,7121.0,2743.0,2743.0
IND_FIELD_0830,Maharashtra & Vidarbha (Deccan),Sugarcane,5.95,7.71,76.4,29.4,273.5,40.1,21.1,19.2,4.7,0.41,9.72,0.62,6.81,0.7,0.23,1065.1,2229.5,30.2,2,0.92,0,None,0.0,513.38,512.3,1.08,340.0,366.0,366.0
IND_FIELD_0831,Punjab & Haryana (Indo-Gangetic),Cotton,9.21,7.43,196.2,52.1,164.8,32.3,8.7,30.4,7.2,0.76,4.56,0.4,6.1,0.87,0.7,865.8,2544.4,29.0,5,0.899,0,None,0.0,21.82,22.14,-0.32,7121.0,-2273.0,-2273.0
IND_FIELD_0832,Maharashtra & Vidarbha (Deccan),Wheat,10.19,7.11,164.8,15.8,234.1,21.7,7.5,30.0,5.3,1.2,7.72,0.7,4.73,0.62,0.23,539.8,2522.8,24.0,7,0.812,0,None,0.0,38.4,37.27,1.13,2275.0,2563.0,2563.0
IND_FIELD_0833,Punjab & Haryana (Indo-Gangetic),Wheat,6.2,6.94,93.6,34.0,139.0,45.8,17.6,25.7,7.4,1.28,9.9,0.76,4.54,0.44,0.66,1153.3,1827.2,28.0,3,0.92,0,None,0.0,34.18,34.48,-0.3,2275.0,-690.0,-690.0
IND_FIELD_0834,Punjab & Haryana (Indo-Gangetic),Onion,4.14,8.01,93.9,51.5,106.2,31.6,14.5,29.5,7.9,0.57,6.59,0.38,5.52,0.87,0.42,1209.4,2195.5,29.1,4,0.92,0,None,0.0,175.88,175.97,-0.08,2800.0,-235.0,-235.0
IND_FIELD_0835,Maharashtra & Vidarbha (Deccan),Sugarcane,7.8,5.97,93.2,50.9,270.7,40.0,22.3,17.0,6.7,0.93,3.96,0.41,4.51,0.63,0.2,1139.1,1874.5,34.4,8,0.92,0,None,0.0,551.99,552.59,-0.6,340.0,-204.0,-204.0
IND_FIELD_0836,Maharashtra & Vidarbha (Deccan),Rice (Paddy),6.08,6.47,70.3,18.7,103.8,29.0,12.5,18.4,10.4,1.15,6.54,0.66,4.52,0.88,0.72,642.1,3060.2,26.8,5,0.733,1,Syngenta Quantis,1.98,38.94,33.51,5.43,2300.0,12483.0,10687.0
IND_FIELD_0837,Karnataka & Tamil Nadu,Soybean,5.92,6.64,165.8,27.8,145.1,18.6,11.2,23.5,13.1,0.62,5.94,0.69,2.09,0.28,0.56,1105.3,2815.3,34.7,5,0.92,0,None,0.0,20.94,21.09,-0.14,4892.0,-698.0,-698.0
IND_FIELD_0838,Maharashtra & Vidarbha (Deccan),Cotton,14.06,7.68,211.3,38.6,285.2,21.0,15.0,23.7,7.7,0.75,7.42,0.69,2.96,0.53,0.32,460.2,3194.6,29.0,2,0.798,0,None,0.0,24.52,24.57,-0.06,7121.0,-409.0,-409.0
IND_FIELD_0839,Andhra Pradesh & Telangana,Cotton,10.28,8.18,63.1,18.9,163.2,32.9,14.2,20.6,5.5,0.88,6.4,0.68,4.69,0.91,0.78,739.9,2223.0,25.2,9,0.875,1,Syngenta CropBio+ (Biostimulant),1.27,22.57,20.1,2.48,7121.0,17625.0,16003.0
IND_FIELD_0840,Andhra Pradesh & Telangana,Cotton,9.63,6.38,68.8,53.6,313.5,38.7,12.2,18.8,6.3,0.45,3.33,0.47,6.52,0.42,0.18,828.9,3029.9,24.5,5,0.903,1,Syngenta Isabion,2.47,24.37,21.07,3.3,7121.0,23488.0,21844.0
IND_FIELD_0841,Punjab & Haryana (Indo-Gangetic),Mustard / Rapeseed,8.07,7.9,163.1,51.3,315.1,28.0,18.5,31.7,12.5,0.33,10.46,0.48,3.53,0.91,0.29,1243.5,2644.3,23.8,3,0.92,1,Syngenta CropBio+ (Biostimulant),1.87,29.99,26.48,3.51,5650.0,19824.0,18122.0
IND_FIELD_0842,Andhra Pradesh & Telangana,Wheat,8.22,7.79,207.5,19.2,144.4,38.9,19.7,28.1,9.5,0.47,7.17,0.38,4.87,0.92,0.68,820.9,2434.4,27.9,6,0.892,1,Syngenta Quantis,2.42,42.75,38.46,4.3,2275.0,9773.0,7892.0
IND_FIELD_0843,Punjab & Haryana (Indo-Gangetic),Wheat,9.45,6.34,118.8,17.2,89.8,39.0,21.4,19.6,8.3,0.99,6.66,0.31,3.9,0.87,0.65,460.7,2111.6,22.3,4,0.758,1,Syngenta CropBio+ (Biostimulant),2.35,41.16,34.91,6.25,2275.0,14217.0,12121.0
IND_FIELD_0844,Karnataka & Tamil Nadu,Soybean,11.16,6.76,122.9,15.7,249.2,39.1,23.5,26.0,5.1,0.38,10.17,0.68,2.58,0.64,0.35,784.7,2833.7,27.8,11,0.92,1,Syngenta CropBio+ (Biostimulant),1.79,26.66,23.76,2.9,4892.0,14192.0,12170.0
IND_FIELD_0845,Punjab & Haryana (Indo-Gangetic),Mustard / Rapeseed,11.22,6.78,167.3,51.1,188.2,32.8,10.8,15.9,8.2,0.51,4.34,0.27,7.27,0.7,0.19,924.0,3065.8,34.8,4,0.92,1,Syngenta CropBio+ (Biostimulant),2.98,32.16,29.2,2.95,5650.0,16682.0,15039.0
IND_FIELD_0846,Maharashtra & Vidarbha (Deccan),Maize,5.39,8.15,109.4,20.3,104.2,45.4,18.9,12.2,6.4,0.67,4.58,0.86,6.7,0.86,0.75,1351.6,2129.4,30.7,4,0.92,0,None,0.0,43.21,43.19,0.01,2225.0,33.0,33.0
IND_FIELD_0847,Punjab & Haryana (Indo-Gangetic),Soybean,9.0,6.23,64.8,29.9,249.8,32.7,13.1,17.8,13.4,0.39,9.1,0.78,2.43,0.79,0.37,1344.0,2045.5,31.9,9,0.92,0,None,0.0,20.87,20.7,0.17,4892.0,841.0,841.0
IND_FIELD_0848,Karnataka & Tamil Nadu,Maize,8.03,7.72,192.3,31.3,87.5,31.5,18.2,18.9,12.8,0.51,5.1,0.8,5.96,0.69,0.29,621.8,2774.7,23.5,5,0.772,1,Syngenta Isabion,2.66,55.83,47.7,8.14,2225.0,18107.0,16177.0
IND_FIELD_0849,Andhra Pradesh & Telangana,Wheat,13.08,6.6,172.6,37.8,288.8,24.0,14.6,10.4,4.4,1.3,9.03,0.83,3.91,0.94,0.51,625.9,3167.8,28.2,1,0.833,1,Syngenta Quantis,1.46,45.93,42.32,3.61,2275.0,8212.0,6547.0
IND_FIELD_0850,Andhra Pradesh & Telangana,Soybean,10.45,7.55,164.5,15.1,113.3,27.2,23.9,27.9,8.9,0.32,5.18,0.49,7.47,0.73,0.79,605.2,2849.9,25.7,7,0.81,1,Syngenta Isabion,1.74,25.5,22.58,2.93,4892.0,14317.0,12519.0
IND_FIELD_0851,Punjab & Haryana (Indo-Gangetic),Wheat,9.36,6.81,193.5,21.8,110.6,19.3,19.1,17.9,5.9,1.02,3.44,0.79,3.66,0.93,0.18,1199.5,2198.4,33.6,2,0.92,1,Syngenta Isabion,1.56,43.33,39.06,4.27,2275.0,9711.0,7669.0
IND_FIELD_0852,Uttar Pradesh & Bihar,Wheat,4.77,7.19,181.5,52.1,122.2,37.0,23.1,22.8,7.8,0.72,6.97,0.31,3.31,0.29,0.69,455.7,2387.9,24.4,6,0.681,1,Syngenta Quantis,2.61,38.0,32.92,5.09,2275.0,11570.0,9757.0
IND_FIELD_0853,Punjab & Haryana (Indo-Gangetic),Cotton,10.16,7.8,97.1,51.1,310.5,25.5,21.0,11.6,12.7,1.04,4.64,0.22,5.12,0.35,0.55,570.8,2338.0,28.0,4,0.832,1,Syngenta Quantis,2.64,24.34,21.22,3.12,7121.0,22195.0,20532.0
IND_FIELD_0854,Karnataka & Tamil Nadu,Tur / Pigeon Pea (Arhar),4.79,7.73,123.4,45.6,246.4,27.1,22.3,13.8,9.0,0.95,8.73,0.75,6.59,0.57,0.45,961.1,2992.9,29.6,6,0.915,1,Syngenta Isabion,1.66,17.47,15.6,1.87,7550.0,14121.0,12366.0
IND_FIELD_0855,Punjab & Haryana (Indo-Gangetic),Mustard / Rapeseed,7.21,7.88,82.7,12.8,272.3,41.1,20.7,29.6,7.0,0.55,7.88,0.25,3.06,0.52,0.67,685.2,2879.9,28.7,2,0.812,0,None,0.0,23.21,23.57,-0.36,5650.0,-2029.0,-2029.0
IND_FIELD_0856,Punjab & Haryana (Indo-Gangetic),Sugarcane,5.07,5.94,83.4,26.1,175.4,27.8,14.3,23.4,5.7,1.23,9.94,0.89,5.9,0.8,0.83,537.7,2624.6,32.8,6,0.727,0,None,0.0,456.97,456.95,0.02,340.0,7.0,7.0
IND_FIELD_0857,Punjab & Haryana (Indo-Gangetic),Wheat,11.11,7.46,181.7,39.0,160.7,25.3,10.5,30.9,11.9,0.84,8.92,0.67,2.34,0.36,0.31,791.9,2184.9,25.0,4,0.906,1,Syngenta CropBio+ (Biostimulant),2.44,43.8,40.43,3.37,2275.0,7666.0,5611.0
IND_FIELD_0858,Maharashtra & Vidarbha (Deccan),Rice (Paddy),5.77,6.14,214.5,23.8,136.3,23.1,12.7,32.0,10.1,1.2,4.52,0.73,7.05,0.93,0.25,710.5,3113.2,26.9,2,0.814,1,Syngenta Quantis,2.32,42.32,38.24,4.08,2300.0,9386.0,7419.0
IND_FIELD_0859,Andhra Pradesh & Telangana,Sugarcane,7.81,6.8,233.3,51.1,195.4,41.2,6.4,18.2,8.4,0.75,9.04,0.37,2.45,0.47,0.79,935.5,2714.6,32.3,3,0.92,0,None,0.0,601.54,601.79,-0.25,340.0,-85.0,-85.0
IND_FIELD_0860,Punjab & Haryana (Indo-Gangetic),Wheat,13.35,7.12,173.1,39.3,212.4,21.9,15.4,16.6,5.8,1.38,7.88,0.67,7.03,0.55,0.62,1380.3,3158.7,28.9,1,0.92,1,Syngenta CropBio+ (Biostimulant),1.74,46.68,42.65,4.03,2275.0,9165.0,7162.0
IND_FIELD_0861,Uttar Pradesh & Bihar,Soybean,5.75,6.77,93.1,15.1,231.6,31.6,15.1,28.9,7.0,1.15,8.08,0.23,4.7,0.44,0.46,568.1,2612.2,27.2,7,0.798,1,Syngenta CropBio+ (Biostimulant),2.05,22.14,19.28,2.85,4892.0,13957.0,12350.0
IND_FIELD_0862,Maharashtra & Vidarbha (Deccan),Wheat,9.09,7.05,79.0,51.1,141.7,33.2,15.5,32.0,13.6,1.36,9.28,0.79,4.46,0.66,0.55,804.1,2949.7,22.4,4,0.862,0,None,0.0,35.84,35.71,0.12,2275.0,282.0,282.0
IND_FIELD_0863,Andhra Pradesh & Telangana,Groundnut (Peanut),8.11,8.19,206.3,53.2,307.7,38.6,23.5,23.9,9.0,0.87,7.39,0.32,7.35,0.29,0.67,1335.4,2938.3,31.8,8,0.92,1,Syngenta Isabion,1.33,29.25,24.98,4.27,6783.0,28979.0,27167.0
IND_FIELD_0864,Maharashtra & Vidarbha (Deccan),Wheat,3.7,6.12,164.2,15.3,120.7,37.0,22.4,27.5,7.7,0.82,6.6,0.69,7.45,0.35,0.69,1283.0,2272.3,34.6,4,0.92,1,Syngenta Isabion,1.49,36.15,32.12,4.03,2275.0,9167.0,7511.0
IND_FIELD_0865,Maharashtra & Vidarbha (Deccan),Soybean,12.22,7.42,171.3,34.9,311.8,42.3,8.9,27.2,9.0,1.13,7.85,0.36,5.58,0.77,0.79,824.6,3149.6,30.1,6,0.92,1,Syngenta CropBio+ (Biostimulant),2.33,27.72,25.58,2.14,4892.0,10473.0,8505.0
IND_FIELD_0866,Andhra Pradesh & Telangana,Groundnut (Peanut),4.26,6.75,200.7,25.0,83.6,19.3,12.6,17.8,11.7,1.27,5.38,0.25,2.7,0.38,0.45,1114.0,1830.7,33.1,7,0.92,1,Syngenta Isabion,1.59,26.0,22.08,3.92,6783.0,26618.0,24982.0
IND_FIELD_0867,Punjab & Haryana (Indo-Gangetic),Cotton,8.72,6.12,186.6,28.9,195.5,26.9,13.6,22.6,7.1,1.36,4.53,0.54,4.78,0.41,0.36,533.5,2876.2,28.7,9,0.707,0,None,0.0,20.31,19.9,0.41,7121.0,2949.0,2949.0
IND_FIELD_0868,Punjab & Haryana (Indo-Gangetic),Cotton,9.67,6.18,210.2,19.7,160.0,26.4,12.5,28.3,5.4,0.66,7.7,0.32,4.91,0.81,0.6,1126.9,3151.8,25.0,9,0.92,1,Syngenta Quantis,2.32,24.63,22.73,1.9,7121.0,13534.0,11738.0
IND_FIELD_0869,Karnataka & Tamil Nadu,Cotton,10.41,8.08,70.1,36.9,187.8,22.4,20.4,25.1,9.6,1.18,4.91,0.71,4.83,0.32,0.44,1374.2,2274.5,22.2,8,0.92,1,Syngenta Quantis,2.7,23.77,20.54,3.23,7121.0,23032.0,21161.0
IND_FIELD_0870,Karnataka & Tamil Nadu,Rice (Paddy),11.07,7.91,194.6,53.2,217.0,26.7,15.4,10.5,10.5,0.53,3.78,0.37,5.13,0.56,0.57,960.6,2707.4,30.5,4,0.92,1,Syngenta Quantis,2.19,49.81,44.03,5.78,2300.0,13284.0,11369.0
IND_FIELD_0871,Maharashtra & Vidarbha (Deccan),Maize,6.29,7.98,213.2,33.6,184.5,27.3,16.3,17.4,11.0,0.9,3.2,0.44,2.1,0.27,0.44,923.6,2587.1,28.4,7,0.895,0,None,0.0,49.15,49.38,-0.24,2225.0,-530.0,-530.0
IND_FIELD_0872,Maharashtra & Vidarbha (Deccan),Wheat,3.61,8.18,111.5,15.6,179.6,33.7,21.4,13.2,12.8,0.5,7.64,0.6,5.91,0.49,0.26,628.0,2866.1,32.2,8,0.729,1,Syngenta CropBio+ (Biostimulant),2.91,35.22,29.5,5.72,2275.0,13020.0,11284.0
IND_FIELD_0873,Andhra Pradesh & Telangana,Cotton,11.46,6.3,175.3,38.7,255.9,37.9,20.5,15.1,7.4,0.68,5.84,0.4,5.92,0.74,0.48,1052.1,3012.6,31.0,3,0.92,1,Syngenta CropBio+ (Biostimulant),1.36,25.04,23.89,1.16,7121.0,8246.0,6313.0
IND_FIELD_0874,Maharashtra & Vidarbha (Deccan),Gram / Chickpea (Chana),9.39,6.65,116.5,26.6,244.6,29.4,8.4,29.9,4.3,1.32,8.69,0.46,2.64,0.31,0.63,1010.9,2644.3,34.8,8,0.92,0,None,0.0,19.49,19.74,-0.25,5440.0,-1358.0,-1358.0
IND_FIELD_0875,Punjab & Haryana (Indo-Gangetic),Gram / Chickpea (Chana),12.7,7.41,232.4,48.8,280.0,39.6,18.9,10.8,13.6,0.46,5.94,0.77,5.14,0.87,0.71,1069.3,2942.3,28.6,5,0.92,0,None,0.0,22.71,23.39,-0.69,5440.0,-3730.0,-3730.0
IND_FIELD_0876,Punjab & Haryana (Indo-Gangetic),Gram / Chickpea (Chana),12.54,6.96,66.0,30.7,140.0,28.1,13.8,14.8,8.1,1.0,6.75,0.33,5.13,0.89,0.5,474.8,2237.2,27.6,5,0.811,0,None,0.0,19.58,20.06,-0.48,5440.0,-2618.0,-2618.0
IND_FIELD_0877,Uttar Pradesh & Bihar,Cotton,12.78,6.8,164.4,20.3,226.3,26.7,11.3,16.8,10.0,0.95,6.17,0.26,5.75,0.32,0.27,971.3,2120.0,25.7,6,0.92,1,Syngenta Isabion,2.39,26.67,24.34,2.33,7121.0,16572.0,14747.0
IND_FIELD_0878,Andhra Pradesh & Telangana,Wheat,8.84,6.66,90.0,20.2,220.4,34.2,6.9,23.6,10.5,0.43,7.95,0.43,2.47,0.94,0.44,1015.2,2402.9,28.2,4,0.89,1,Syngenta Isabion,1.74,39.73,35.42,4.31,2275.0,9798.0,7921.0
IND_FIELD_0879,Punjab & Haryana (Indo-Gangetic),Tomato,7.17,7.23,188.2,45.1,168.7,18.7,14.8,21.8,9.2,0.66,5.8,0.5,5.45,0.46,0.7,647.2,2748.8,33.3,7,0.759,1,Syngenta Isabion,1.34,288.08,251.55,36.53,2400.0,87683.0,86080.0
IND_FIELD_0880,Punjab & Haryana (Indo-Gangetic),Groundnut (Peanut),12.21,7.18,91.7,23.4,196.7,20.4,12.4,14.8,5.7,0.92,10.24,0.58,3.54,0.31,0.44,647.9,2062.1,22.6,6,0.819,0,None,0.0,23.96,24.91,-0.94,6783.0,-6398.0,-6398.0
IND_FIELD_0881,Punjab & Haryana (Indo-Gangetic),Soybean,8.46,6.19,102.4,45.0,155.3,30.5,10.5,13.6,11.4,0.51,10.03,0.46,4.79,0.25,0.64,712.4,2752.5,34.7,5,0.865,1,Syngenta Isabion,1.92,23.82,21.07,2.75,4892.0,13446.0,11826.0
IND_FIELD_0882,Andhra Pradesh & Telangana,Soybean,5.52,6.93,149.0,20.9,114.0,46.3,18.5,15.2,11.9,1.18,9.39,0.75,6.25,0.54,0.51,1126.1,2351.7,34.9,10,0.92,1,Syngenta CropBio+ (Biostimulant),1.69,23.16,20.84,2.32,4892.0,11326.0,9400.0
IND_FIELD_0883,Punjab & Haryana (Indo-Gangetic),Wheat,12.9,7.13,224.7,25.8,131.3,39.6,19.9,21.1,9.3,1.37,9.92,0.23,5.88,0.69,0.32,1026.0,2913.8,29.8,5,0.92,0,None,0.0,43.5,44.31,-0.81,2275.0,-1844.0,-1844.0
IND_FIELD_0884,Punjab & Haryana (Indo-Gangetic),Gram / Chickpea (Chana),13.21,7.17,98.1,32.0,105.3,20.6,10.4,16.0,8.6,0.54,6.48,0.5,2.65,0.48,0.71,1253.5,1851.6,26.3,5,0.92,1,Syngenta CropBio+ (Biostimulant),1.84,23.32,20.33,2.99,5440.0,16263.0,14271.0
IND_FIELD_0885,Uttar Pradesh & Bihar,Wheat,8.63,6.3,86.0,52.6,243.9,43.4,6.9,30.8,4.7,0.51,7.12,0.47,5.25,0.84,0.21,730.9,2735.2,24.9,6,0.845,1,Syngenta Isabion,2.35,40.6,34.98,5.61,2275.0,12763.0,10890.0
IND_FIELD_0886,Punjab & Haryana (Indo-Gangetic),Wheat,4.33,7.58,196.6,52.1,238.6,40.0,21.3,20.2,4.4,0.8,8.62,0.65,7.33,0.75,0.52,1316.5,2709.8,25.6,6,0.92,0,None,0.0,35.73,36.4,-0.68,2275.0,-1536.0,-1536.0
IND_FIELD_0887,Andhra Pradesh & Telangana,Soybean,7.77,5.86,150.1,20.9,308.1,36.3,6.2,11.3,7.1,1.12,8.28,0.88,2.86,0.5,0.3,1156.5,3117.3,22.7,11,0.92,0,None,0.0,21.61,22.51,-0.91,4892.0,-4445.0,-4445.0
IND_FIELD_0888,Punjab & Haryana (Indo-Gangetic),Sugarcane,12.34,6.65,224.1,27.4,255.1,42.6,22.9,26.0,6.8,0.61,9.7,0.56,6.69,0.76,0.2,825.3,2798.7,28.2,6,0.92,1,Syngenta Quantis,2.6,743.22,670.07,73.16,340.0,24874.0,23231.0
IND_FIELD_0889,Punjab & Haryana (Indo-Gangetic),Mustard / Rapeseed,13.42,7.67,86.4,18.4,92.5,30.1,17.3,17.2,13.5,0.32,8.43,0.89,5.86,0.91,0.5,540.5,2914.8,22.7,5,0.82,0,None,0.0,26.99,26.47,0.52,5650.0,2951.0,2951.0
IND_FIELD_0890,Punjab & Haryana (Indo-Gangetic),Rice (Paddy),5.74,7.15,176.3,33.9,292.2,24.6,11.8,24.4,11.7,0.9,10.48,0.41,6.26,0.32,0.5,694.1,3066.4,31.3,11,0.809,0,None,0.0,38.24,38.59,-0.35,2300.0,-801.0,-801.0
IND_FIELD_0891,Uttar Pradesh & Bihar,Groundnut (Peanut),4.24,6.43,101.9,31.8,287.0,33.4,10.4,16.2,10.4,1.35,5.74,0.22,3.55,0.46,0.64,1358.9,2745.1,26.8,11,0.92,1,Syngenta Isabion,1.72,24.82,21.41,3.41,6783.0,23162.0,21093.0
IND_FIELD_0892,Karnataka & Tamil Nadu,Onion,13.15,7.47,88.2,50.7,186.4,34.5,6.2,22.6,8.9,0.73,9.28,0.32,3.58,0.57,0.67,744.8,2206.2,24.6,6,0.916,1,Syngenta Quantis,1.92,250.3,223.8,26.5,2800.0,74198.0,72103.0
IND_FIELD_0893,Uttar Pradesh & Bihar,Cotton,7.78,7.16,183.0,52.0,220.6,34.1,10.2,27.0,5.3,0.76,8.29,0.48,6.98,0.6,0.66,763.4,3017.7,29.1,4,0.798,1,Syngenta Isabion,2.44,24.05,20.65,3.41,7121.0,24251.0,22227.0
IND_FIELD_0894,Maharashtra & Vidarbha (Deccan),Wheat,9.46,7.71,166.9,28.5,314.3,35.0,8.5,30.4,13.8,1.37,8.25,0.42,3.98,0.63,0.44,630.1,2846.6,34.7,5,0.812,0,None,0.0,37.95,37.81,0.13,2275.0,301.0,301.0
IND_FIELD_0895,Andhra Pradesh & Telangana,Cotton,14.15,7.56,195.9,33.1,207.8,46.5,17.0,15.7,7.4,1.06,5.58,0.27,2.35,0.46,0.59,1216.5,2394.2,31.0,4,0.92,1,Syngenta Isabion,2.66,26.54,24.83,1.71,7121.0,12208.0,10285.0
IND_FIELD_0896,Punjab & Haryana (Indo-Gangetic),Groundnut (Peanut),4.23,7.26,115.7,50.5,297.3,45.1,9.0,17.4,4.6,1.09,8.93,0.5,5.3,0.72,0.55,711.9,2794.7,28.4,4,0.808,1,Syngenta Quantis,1.68,24.82,21.39,3.43,6783.0,23294.0,21648.0
IND_FIELD_0897,Maharashtra & Vidarbha (Deccan),Wheat,10.63,6.97,140.6,46.7,99.9,44.3,15.5,20.2,8.7,0.92,9.77,0.44,2.69,0.7,0.45,763.7,3014.8,32.1,9,0.862,1,Syngenta Isabion,2.68,43.89,38.97,4.91,2275.0,11175.0,9530.0
IND_FIELD_0898,Karnataka & Tamil Nadu,Sugarcane,4.32,6.12,133.0,12.2,125.9,42.0,16.6,30.4,12.7,1.37,4.8,0.29,6.38,0.65,0.57,843.6,3165.9,31.6,3,0.891,0,None,0.0,492.23,492.46,-0.23,340.0,-77.0,-77.0
IND_FIELD_0899,Punjab & Haryana (Indo-Gangetic),Groundnut (Peanut),7.63,6.43,237.1,25.8,185.8,46.3,11.4,29.8,12.8,1.06,7.77,0.41,5.53,0.33,0.81,862.0,3133.3,33.6,7,0.896,1,Syngenta CropBio+ (Biostimulant),1.52,28.64,24.96,3.68,6783.0,24952.0,23234.0
IND_FIELD_0900,Punjab & Haryana (Indo-Gangetic),Rice (Paddy),12.34,6.81,112.6,30.1,220.3,21.0,6.6,12.0,3.6,1.28,6.06,0.82,6.81,0.58,0.29,840.8,2255.5,24.7,10,0.896,1,Syngenta Isabion,2.03,49.4,43.56,5.84,2300.0,13423.0,11793.0
IND_FIELD_0901,Punjab & Haryana (Indo-Gangetic),Tur / Pigeon Pea (Arhar),8.27,7.24,113.1,21.9,275.9,26.0,6.7,12.9,12.8,1.07,10.42,0.41,6.32,0.5,0.78,928.6,2390.4,33.2,5,0.89,1,Syngenta Isabion,2.21,18.7,16.5,2.2,7550.0,16586.0,14750.0
IND_FIELD_0902,Punjab & Haryana (Indo-Gangetic),Wheat,14.47,7.03,123.8,20.6,317.2,32.9,6.5,20.9,6.4,1.11,6.7,0.7,2.62,0.59,0.19,1223.8,1953.4,25.9,6,0.92,1,Syngenta CropBio+ (Biostimulant),2.57,47.39,43.01,4.38,2275.0,9967.0,8209.0
IND_FIELD_0903,Punjab & Haryana (Indo-Gangetic),Cotton,9.65,6.49,161.6,13.6,173.3,43.4,19.3,12.3,3.9,0.62,4.87,0.63,4.1,0.9,0.37,1228.3,2146.6,34.2,5,0.92,0,None,0.0,21.96,21.65,0.31,7121.0,2241.0,2241.0
IND_FIELD_0904,Andhra Pradesh & Telangana,Maize,7.03,5.82,105.4,39.7,91.4,33.2,11.7,17.6,12.4,0.63,5.99,0.5,6.26,0.59,0.35,1208.4,3035.4,25.7,11,0.92,1,Syngenta Quantis,1.46,53.7,45.43,8.27,2225.0,18390.0,16490.0
IND_FIELD_0905,Maharashtra & Vidarbha (Deccan),Groundnut (Peanut),5.92,6.99,224.8,23.3,272.3,40.4,20.3,13.3,12.6,1.16,7.97,0.37,4.3,0.26,0.59,546.1,2305.2,34.0,1,0.732,1,Syngenta Isabion,1.37,26.02,23.43,2.59,6783.0,17570.0,15629.0
IND_FIELD_0906,Karnataka & Tamil Nadu,Rice (Paddy),7.36,6.49,107.8,14.3,225.1,22.2,13.8,24.0,9.8,0.63,3.76,0.46,7.35,0.56,0.24,1209.7,2668.8,34.5,6,0.92,1,Syngenta Isabion,1.4,43.12,38.07,5.05,2300.0,11614.0,9726.0
IND_FIELD_0907,Uttar Pradesh & Bihar,Mustard / Rapeseed,7.6,7.56,221.2,21.9,127.7,25.6,14.2,30.9,9.5,0.92,7.61,0.61,6.05,0.82,0.77,564.2,2732.4,23.9,6,0.799,0,None,0.0,25.24,25.35,-0.11,5650.0,-648.0,-648.0
IND_FIELD_0908,Maharashtra & Vidarbha (Deccan),Gram / Chickpea (Chana),4.26,5.86,78.6,46.5,198.8,40.0,15.2,31.9,12.0,0.57,10.0,0.45,2.09,0.8,0.73,568.5,2894.6,34.7,5,0.682,1,Syngenta CropBio+ (Biostimulant),2.91,18.59,14.58,4.02,5440.0,21865.0,20253.0
IND_FIELD_0909,Maharashtra & Vidarbha (Deccan),Cotton,7.57,7.2,178.2,48.6,258.2,22.9,18.8,18.3,11.8,1.2,9.41,0.35,6.84,0.61,0.61,1350.5,2055.9,23.1,2,0.92,1,Syngenta Isabion,2.94,24.14,21.22,2.92,7121.0,20769.0,18717.0
IND_FIELD_0910,Maharashtra & Vidarbha (Deccan),Tomato,8.61,8.06,223.3,32.8,264.9,28.5,10.9,23.2,12.8,0.42,3.69,0.28,2.55,0.42,0.47,1228.4,2226.7,24.8,6,0.92,1,Syngenta Quantis,1.74,308.53,272.97,35.56,2400.0,85342.0,83579.0
IND_FIELD_0911,Andhra Pradesh & Telangana,Soybean,11.45,6.22,90.4,29.9,199.9,25.9,8.2,28.8,9.3,1.21,10.45,0.82,2.77,0.58,0.8,974.8,2427.7,27.8,5,0.92,1,Syngenta Isabion,1.54,25.56,22.34,3.22,4892.0,15760.0,13906.0
IND_FIELD_0912,Maharashtra & Vidarbha (Deccan),Cotton,10.72,6.93,234.3,54.0,153.3,28.5,16.0,12.6,13.7,0.96,8.3,0.51,6.04,0.64,0.73,1281.2,2310.8,34.9,4,0.92,0,None,0.0,24.49,24.02,0.47,7121.0,3323.0,3323.0
IND_FIELD_0913,Andhra Pradesh & Telangana,Cotton,11.3,6.02,141.5,20.6,313.7,39.2,11.9,25.2,14.0,0.51,4.38,0.64,6.76,0.95,0.5,1389.9,3176.1,28.4,3,0.92,1,Syngenta Quantis,2.98,24.9,22.6,2.29,7121.0,16334.0,14576.0
IND_FIELD_0914,Maharashtra & Vidarbha (Deccan),Gram / Chickpea (Chana),3.59,7.3,230.2,21.3,239.2,29.0,14.0,19.0,4.7,0.9,3.29,0.54,4.95,0.7,0.64,1030.1,2968.9,29.2,4,0.894,1,Syngenta Isabion,1.34,20.49,18.06,2.43,5440.0,13204.0,11449.0
IND_FIELD_0915,Andhra Pradesh & Telangana,Sugarcane,5.89,7.12,181.8,24.6,178.0,34.7,17.6,14.5,12.4,0.61,4.45,0.81,3.59,0.74,0.55,1032.3,2471.6,31.0,3,0.916,1,Syngenta Quantis,2.55,610.82,548.52,62.3,340.0,21181.0,19451.0
IND_FIELD_0916,Maharashtra & Vidarbha (Deccan),Cotton,10.78,6.78,114.3,19.4,147.3,21.0,14.9,18.9,8.7,0.66,9.32,0.58,3.93,0.59,0.56,1166.7,3031.0,34.6,4,0.92,0,None,0.0,21.44,21.64,-0.2,7121.0,-1431.0,-1431.0
IND_FIELD_0917,Maharashtra & Vidarbha (Deccan),Rice (Paddy),8.82,7.05,93.9,28.3,255.5,42.2,17.2,11.7,7.6,0.69,3.36,0.54,3.89,0.5,0.38,670.5,2286.7,32.2,3,0.798,0,None,0.0,38.01,38.07,-0.06,2300.0,-140.0,-140.0
IND_FIELD_0918,Karnataka & Tamil Nadu,Sugarcane,3.56,7.95,114.7,51.2,138.1,29.1,15.8,25.3,9.9,0.37,4.9,0.85,3.8,0.82,0.47,608.8,2900.2,24.9,4,0.694,1,Syngenta Quantis,1.36,518.0,443.05,74.95,340.0,25483.0,23404.0
IND_FIELD_0919,Uttar Pradesh & Bihar,Soybean,12.35,6.27,76.7,38.5,121.2,37.5,19.3,15.6,4.1,1.38,8.73,0.7,3.34,0.6,0.2,1171.6,2113.1,25.9,7,0.92,0,None,0.0,22.57,22.97,-0.4,4892.0,-1963.0,-1963.0
IND_FIELD_0920,Punjab & Haryana (Indo-Gangetic),Gram / Chickpea (Chana),12.0,5.85,85.9,29.7,207.2,39.8,18.7,16.9,8.8,0.33,7.48,0.28,5.35,0.95,0.4,777.7,2881.3,23.3,6,0.906,1,Syngenta CropBio+ (Biostimulant),1.2,22.85,19.77,3.08,5440.0,16772.0,15118.0
IND_FIELD_0921,Karnataka & Tamil Nadu,Groundnut (Peanut),9.53,7.87,78.8,52.2,149.6,24.3,15.6,12.7,12.6,1.03,8.91,0.32,6.95,0.57,0.64,578.3,2439.0,30.4,7,0.804,0,None,0.0,23.18,22.99,0.19,6783.0,1297.0,1297.0
IND_FIELD_0922,Maharashtra & Vidarbha (Deccan),Wheat,4.23,7.19,136.1,14.1,230.9,44.5,18.2,29.0,5.7,0.71,8.65,0.75,3.69,0.3,0.82,749.1,1950.5,24.3,8,0.738,1,Syngenta Isabion,1.8,36.4,31.42,4.98,2275.0,11330.0,9614.0
IND_FIELD_0923,Karnataka & Tamil Nadu,Onion,11.93,7.94,203.2,21.0,108.3,36.5,21.7,20.9,8.0,1.01,3.57,0.79,3.03,0.73,0.82,790.7,2182.6,25.3,5,0.912,1,Syngenta Quantis,1.97,255.36,230.79,24.57,2800.0,68797.0,67041.0
IND_FIELD_0924,Uttar Pradesh & Bihar,Rice (Paddy),9.92,7.23,85.4,36.3,237.2,30.9,13.8,22.6,13.4,0.69,9.72,0.58,6.61,0.28,0.54,1367.0,2363.2,33.5,6,0.92,0,None,0.0,40.4,40.19,0.21,2300.0,491.0,491.0
IND_FIELD_0925,Maharashtra & Vidarbha (Deccan),Tomato,12.1,7.74,83.5,38.5,148.0,23.5,13.4,22.5,8.0,1.04,4.86,0.59,6.08,0.43,0.57,1113.1,2849.0,26.2,4,0.92,1,Syngenta Quantis,2.38,300.68,270.4,30.28,2400.0,72667.0,70624.0
IND_FIELD_0926,Punjab & Haryana (Indo-Gangetic),Sugarcane,11.77,6.83,175.8,13.7,80.1,46.3,19.8,19.0,7.3,1.1,7.24,0.64,7.12,0.5,0.28,954.3,1902.2,29.4,8,0.92,0,None,0.0,616.49,616.85,-0.36,340.0,-122.0,-122.0
IND_FIELD_0927,Maharashtra & Vidarbha (Deccan),Sugarcane,12.33,7.6,95.5,29.3,110.5,40.7,16.5,14.2,8.1,1.06,7.9,0.51,2.91,0.77,0.64,1370.4,2723.4,27.2,4,0.92,0,None,0.0,584.44,585.6,-1.15,340.0,-392.0,-392.0
IND_FIELD_0928,Andhra Pradesh & Telangana,Cotton,9.2,7.99,77.6,39.9,304.1,24.2,7.3,26.4,9.0,0.43,4.43,0.68,2.79,0.6,0.2,1308.0,2802.4,23.0,9,0.92,0,None,0.0,19.49,20.07,-0.58,7121.0,-4100.0,-4100.0
IND_FIELD_0929,Andhra Pradesh & Telangana,Gram / Chickpea (Chana),5.04,7.17,90.0,42.0,288.2,28.1,22.1,12.8,10.1,1.02,10.33,0.28,4.98,0.27,0.35,936.4,2715.5,26.7,4,0.894,1,Syngenta CropBio+ (Biostimulant),1.53,19.74,17.89,1.86,5440.0,10091.0,8216.0
IND_FIELD_0930,Maharashtra & Vidarbha (Deccan),Rice (Paddy),10.88,6.23,226.3,39.4,136.1,42.3,6.6,12.3,11.9,0.61,6.76,0.87,5.38,0.68,0.62,1310.4,2864.9,27.3,5,0.92,0,None,0.0,43.43,44.31,-0.88,2300.0,-2027.0,-2027.0
IND_FIELD_0931,Punjab & Haryana (Indo-Gangetic),Cotton,10.33,6.45,207.9,25.8,266.8,38.9,19.5,25.6,8.2,0.33,3.62,0.73,4.64,0.54,0.37,834.1,2049.4,33.6,4,0.92,0,None,0.0,23.33,23.54,-0.21,7121.0,-1503.0,-1503.0
IND_FIELD_0932,Uttar Pradesh & Bihar,Soybean,11.66,6.28,123.7,16.0,226.1,41.0,19.7,14.6,12.1,0.76,10.04,0.64,5.29,0.9,0.18,668.9,2621.9,26.2,2,0.876,1,Syngenta Quantis,2.98,26.19,23.35,2.84,4892.0,13878.0,12226.0
IND_FIELD_0933,Karnataka & Tamil Nadu,Wheat,5.37,6.39,178.0,30.4,313.0,31.2,23.2,16.7,9.1,0.78,7.48,0.42,2.99,0.6,0.73,671.0,3117.6,26.9,3,0.785,0,None,0.0,35.26,35.42,-0.17,2275.0,-378.0,-378.0
IND_FIELD_0934,Andhra Pradesh & Telangana,Wheat,5.64,6.54,156.7,17.5,169.7,39.5,7.0,20.5,7.1,0.81,8.3,0.31,4.64,0.75,0.37,1079.2,2655.1,32.2,6,0.904,0,None,0.0,34.61,34.54,0.07,2275.0,159.0,159.0
IND_FIELD_0935,Punjab & Haryana (Indo-Gangetic),Maize,13.29,7.13,181.9,52.7,243.6,29.6,16.7,19.9,10.4,1.08,7.03,0.49,5.62,0.4,0.19,926.0,2655.9,31.9,4,0.92,0,None,0.0,59.5,59.51,-0.01,2225.0,-14.0,-14.0
IND_FIELD_0936,Maharashtra & Vidarbha (Deccan),Gram / Chickpea (Chana),11.75,7.21,182.9,32.4,95.2,24.3,13.7,25.6,11.0,0.64,9.29,0.66,4.38,0.78,0.2,1076.0,2831.0,32.4,6,0.92,0,None,0.0,20.89,21.92,-1.03,5440.0,-5608.0,-5608.0
IND_FIELD_0937,Punjab & Haryana (Indo-Gangetic),Soybean,13.49,6.82,173.2,25.6,175.1,37.0,12.0,23.7,9.4,0.65,3.44,0.64,5.74,0.75,0.33,1101.8,2266.5,34.4,5,0.92,0,None,0.0,25.22,25.28,-0.06,4892.0,-285.0,-285.0
IND_FIELD_0938,Karnataka & Tamil Nadu,Maize,11.85,7.28,107.9,45.0,311.3,47.3,7.6,24.2,4.1,0.37,5.16,0.47,4.48,0.88,0.27,471.2,2780.7,32.3,3,0.806,0,None,0.0,53.22,52.36,0.86,2225.0,1913.0,1913.0
IND_FIELD_0939,Punjab & Haryana (Indo-Gangetic),Cotton,10.07,6.0,67.0,33.4,209.4,27.3,16.1,25.7,5.3,1.06,6.63,0.63,3.83,0.27,0.69,501.3,3082.7,27.3,6,0.798,0,None,0.0,19.22,20.09,-0.87,7121.0,-6225.0,-6225.0
IND_FIELD_0940,Andhra Pradesh & Telangana,Mustard / Rapeseed,10.7,6.01,142.0,25.3,149.1,31.8,14.6,16.4,6.5,0.92,3.76,0.77,3.67,0.56,0.38,956.0,1815.3,32.7,10,0.92,0,None,0.0,26.98,26.7,0.28,5650.0,1577.0,1577.0
IND_FIELD_0941,Maharashtra & Vidarbha (Deccan),Groundnut (Peanut),13.28,6.21,220.4,46.9,108.9,38.2,7.9,17.1,6.5,0.68,8.35,0.22,4.26,0.73,0.71,631.5,3018.2,28.6,1,0.847,0,None,0.0,27.52,27.26,0.26,6783.0,1782.0,1782.0
IND_FIELD_0942,Andhra Pradesh & Telangana,Wheat,9.87,7.04,162.5,49.3,248.8,34.2,17.0,19.6,10.6,1.08,6.07,0.52,2.13,0.32,0.27,1050.9,2106.1,25.6,8,0.92,1,Syngenta Isabion,2.45,45.1,40.1,5.0,2275.0,11376.0,9599.0
IND_FIELD_0943,Andhra Pradesh & Telangana,Maize,10.46,6.31,209.8,40.9,234.8,43.3,19.3,16.8,3.7,0.89,5.19,0.73,5.68,0.54,0.5,974.6,2438.3,25.9,4,0.909,1,Syngenta Isabion,2.9,61.98,56.3,5.69,2225.0,12654.0,10766.0
IND_FIELD_0944,Uttar Pradesh & Bihar,Rice (Paddy),5.22,6.48,238.5,14.0,169.7,40.9,19.8,31.7,11.4,0.82,3.22,0.58,6.65,0.91,0.63,1006.5,2993.3,24.9,6,0.92,0,None,0.0,40.59,40.12,0.47,2300.0,1072.0,1072.0
IND_FIELD_0945,Punjab & Haryana (Indo-Gangetic),Wheat,8.71,6.76,89.5,36.4,308.2,19.7,22.3,27.9,6.3,0.86,8.45,0.66,3.95,0.56,0.61,737.3,2953.5,23.9,2,0.807,1,Syngenta Isabion,1.67,41.5,36.62,4.89,2275.0,11121.0,9485.0
IND_FIELD_0946,Punjab & Haryana (Indo-Gangetic),Mustard / Rapeseed,11.38,7.75,184.5,44.8,85.3,48.0,13.4,13.6,6.8,1.0,9.29,0.56,2.25,0.94,0.57,1057.9,3048.7,24.4,6,0.92,1,Syngenta CropBio+ (Biostimulant),2.58,31.58,28.47,3.11,5650.0,17590.0,15553.0
IND_FIELD_0947,Punjab & Haryana (Indo-Gangetic),Wheat,6.48,5.83,181.4,17.9,152.9,40.6,23.2,10.1,9.0,1.03,6.08,0.89,7.43,0.29,0.8,1238.0,3116.6,22.8,6,0.92,1,Syngenta Quantis,1.51,40.28,36.62,3.65,2275.0,8309.0,6555.0
IND_FIELD_0948,Karnataka & Tamil Nadu,Rice (Paddy),5.72,7.36,236.4,21.8,301.1,43.9,21.6,10.9,5.8,0.62,7.32,0.24,3.45,0.75,0.31,1398.2,2426.0,33.5,5,0.92,0,None,0.0,41.28,41.38,-0.1,2300.0,-229.0,-229.0
IND_FIELD_0949,Karnataka & Tamil Nadu,Wheat,6.95,7.41,237.4,49.9,157.0,37.5,11.3,15.4,12.8,0.45,4.86,0.54,2.7,0.66,0.5,1246.5,2718.9,34.1,3,0.92,1,Syngenta Quantis,1.28,41.55,37.28,4.27,2275.0,9719.0,7749.0
IND_FIELD_0950,Andhra Pradesh & Telangana,Mustard / Rapeseed,6.16,7.72,183.6,12.9,140.5,43.7,8.9,12.5,4.4,0.47,7.74,0.26,4.03,0.6,0.77,979.6,2346.7,29.6,4,0.871,0,None,0.0,24.12,23.93,0.19,5650.0,1079.0,1079.0
IND_FIELD_0951,Andhra Pradesh & Telangana,Rice (Paddy),5.86,8.04,103.9,44.4,208.2,21.4,13.8,21.7,8.2,1.0,3.29,0.31,6.06,0.93,0.2,633.8,2291.0,32.9,5,0.795,1,Syngenta Quantis,2.58,41.17,35.31,5.86,2300.0,13482.0,11877.0
IND_FIELD_0952,Andhra Pradesh & Telangana,Cotton,8.17,5.85,203.7,32.4,277.7,28.4,13.2,28.9,12.4,1.26,6.77,0.47,3.62,0.34,0.19,1097.4,2404.2,24.4,8,0.92,0,None,0.0,22.78,21.23,1.55,7121.0,11050.0,11050.0
IND_FIELD_0953,Punjab & Haryana (Indo-Gangetic),Maize,13.49,6.17,79.3,31.2,104.8,44.3,16.4,26.2,10.0,0.75,7.9,0.31,5.16,0.88,0.31,1340.8,2840.3,33.7,11,0.92,0,None,0.0,52.61,52.15,0.47,2225.0,1044.0,1044.0
IND_FIELD_0954,Karnataka & Tamil Nadu,Mustard / Rapeseed,9.08,7.93,200.5,12.3,306.3,24.0,16.5,14.7,6.6,0.49,9.9,0.87,4.29,0.73,0.59,651.3,2502.0,28.6,4,0.813,1,Syngenta CropBio+ (Biostimulant),1.42,29.78,26.51,3.28,5650.0,18506.0,16643.0
IND_FIELD_0955,Maharashtra & Vidarbha (Deccan),Soybean,5.57,6.9,223.8,47.2,270.8,20.3,19.5,18.8,7.9,1.13,5.98,0.86,2.65,0.43,0.33,693.2,2939.7,22.9,3,0.743,1,Syngenta CropBio+ (Biostimulant),1.92,24.14,21.54,2.6,4892.0,12717.0,10742.0
IND_FIELD_0956,Maharashtra & Vidarbha (Deccan),Cotton,4.35,7.16,128.9,27.5,123.5,41.6,15.2,21.2,10.9,1.22,8.79,0.44,3.82,0.88,0.28,591.6,2843.3,23.8,3,0.759,1,Syngenta Quantis,1.3,19.99,18.35,1.65,7121.0,11721.0,10036.0
IND_FIELD_0957,Andhra Pradesh & Telangana,Soybean,11.16,7.39,173.5,35.3,250.9,43.1,7.9,27.8,13.7,1.27,7.56,0.65,5.99,0.55,0.47,1149.9,1828.7,26.0,4,0.92,0,None,0.0,24.6,24.31,0.29,4892.0,1425.0,1425.0
IND_FIELD_0958,Punjab & Haryana (Indo-Gangetic),Rice (Paddy),7.71,7.43,137.4,41.1,172.4,22.9,21.4,28.5,12.9,0.97,9.97,0.57,5.37,0.82,0.58,836.2,2682.3,22.6,3,0.917,0,None,0.0,40.17,40.1,0.07,2300.0,164.0,164.0
IND_FIELD_0959,Punjab & Haryana (Indo-Gangetic),Wheat,12.54,8.04,138.8,42.2,176.6,43.6,11.6,30.0,7.1,1.25,6.11,0.77,2.66,0.52,0.32,509.6,2411.2,26.0,6,0.843,1,Syngenta Quantis,1.5,44.93,38.92,6.01,2275.0,13671.0,11766.0
IND_FIELD_0960,Uttar Pradesh & Bihar,Maize,10.75,8.19,115.9,53.1,268.0,38.6,23.5,21.2,14.0,0.32,5.53,0.64,2.9,0.85,0.36,1281.2,2439.3,22.8,4,0.92,1,Syngenta Isabion,2.34,59.06,53.05,6.01,2225.0,13376.0,11447.0
IND_FIELD_0961,Punjab & Haryana (Indo-Gangetic),Sugarcane,12.26,7.53,197.2,34.8,311.1,33.6,8.1,25.3,3.5,0.42,9.68,0.2,5.52,0.7,0.58,979.8,2945.7,25.1,11,0.92,1,Syngenta Isabion,2.95,742.67,643.08,99.59,340.0,33860.0,31936.0
IND_FIELD_0962,Andhra Pradesh & Telangana,Sugarcane,6.49,6.49,228.5,29.2,110.4,42.9,23.2,12.5,3.8,0.4,3.56,0.73,6.47,0.35,0.81,764.5,2566.7,25.5,5,0.826,1,Syngenta CropBio+ (Biostimulant),2.76,630.9,556.07,74.84,340.0,25444.0,23835.0
IND_FIELD_0963,Punjab & Haryana (Indo-Gangetic),Rice (Paddy),11.12,7.91,229.3,53.0,181.0,30.6,7.6,22.4,12.2,1.08,4.2,0.72,3.92,0.7,0.62,776.8,3039.9,34.9,6,0.867,0,None,0.0,43.46,44.5,-1.04,2300.0,-2393.0,-2393.0
IND_FIELD_0964,Maharashtra & Vidarbha (Deccan),Mustard / Rapeseed,6.4,5.92,91.5,39.6,195.4,23.8,10.2,15.5,5.6,0.38,3.8,0.56,5.27,0.38,0.7,725.7,2797.9,25.1,3,0.803,0,None,0.0,22.67,23.22,-0.55,5650.0,-3088.0,-3088.0
IND_FIELD_0965,Maharashtra & Vidarbha (Deccan),Wheat,13.83,6.35,217.5,24.8,170.3,26.5,6.8,19.5,4.1,0.85,9.35,0.83,2.94,0.54,0.41,882.7,2574.0,25.1,11,0.92,0,None,0.0,43.06,43.18,-0.13,2275.0,-294.0,-294.0
IND_FIELD_0966,Maharashtra & Vidarbha (Deccan),Onion,10.5,7.95,192.7,17.4,167.2,33.2,18.7,23.9,6.0,0.82,3.28,0.84,3.71,0.37,0.34,770.2,2856.4,30.9,5,0.864,1,Syngenta Isabion,2.75,244.66,219.53,25.13,2800.0,70359.0,68477.0
IND_FIELD_0967,Uttar Pradesh & Bihar,Sugarcane,7.07,6.41,105.5,48.2,92.5,33.9,21.3,15.7,8.0,0.64,9.49,0.57,2.11,0.27,0.47,970.5,1853.7,33.2,4,0.919,1,Syngenta Quantis,2.99,599.64,532.1,67.55,340.0,22966.0,21068.0
IND_FIELD_0968,Maharashtra & Vidarbha (Deccan),Soybean,6.46,6.33,72.1,27.6,244.5,42.2,13.8,11.1,11.2,1.26,6.49,0.63,6.23,0.4,0.71,1184.8,1837.9,27.0,4,0.92,1,Syngenta Isabion,2.69,22.71,20.3,2.41,4892.0,11786.0,9808.0
IND_FIELD_0969,Andhra Pradesh & Telangana,Sugarcane,5.6,6.13,108.2,40.4,184.7,41.7,22.7,10.2,10.1,0.49,3.23,0.9,4.21,0.63,0.47,1090.7,1916.7,33.4,10,0.918,0,None,0.0,516.5,516.2,0.31,340.0,104.0,104.0
IND_FIELD_0970,Maharashtra & Vidarbha (Deccan),Rice (Paddy),11.14,7.86,224.2,32.2,126.8,35.4,16.6,10.5,6.0,0.69,6.13,0.41,6.49,0.59,0.74,729.7,2412.6,26.4,8,0.872,0,None,0.0,44.0,43.63,0.37,2300.0,856.0,856.0
IND_FIELD_0971,Andhra Pradesh & Telangana,Maize,5.91,7.0,174.0,20.6,275.8,41.4,17.3,10.2,8.8,1.15,4.56,0.43,5.9,0.6,0.84,952.3,2129.6,24.6,6,0.906,0,None,0.0,49.3,49.62,-0.31,2225.0,-698.0,-698.0
IND_FIELD_0972,Karnataka & Tamil Nadu,Soybean,10.05,7.42,189.8,37.9,272.6,23.8,21.2,12.4,13.2,0.33,7.76,0.33,6.56,0.42,0.2,1248.1,3178.0,26.3,2,0.92,1,Syngenta Quantis,2.75,26.98,24.7,2.28,4892.0,11158.0,9544.0
IND_FIELD_0973,Uttar Pradesh & Bihar,Cotton,6.41,6.37,106.3,14.6,196.7,19.5,11.3,15.3,12.1,1.04,8.16,0.83,3.57,0.73,0.18,514.8,2559.2,29.9,5,0.674,0,None,0.0,17.06,17.81,-0.75,7121.0,-5330.0,-5330.0
IND_FIELD_0974,Punjab & Haryana (Indo-Gangetic),Mustard / Rapeseed,10.78,7.62,189.5,29.8,151.6,44.2,12.4,14.9,6.9,1.2,6.76,0.72,3.02,0.74,0.25,524.4,2727.4,26.8,6,0.782,1,Syngenta CropBio+ (Biostimulant),1.91,31.16,26.67,4.49,5650.0,25363.0,23543.0
IND_FIELD_0975,Punjab & Haryana (Indo-Gangetic),Cotton,12.46,7.62,65.1,35.5,233.1,20.3,22.3,31.7,13.8,1.33,3.5,0.27,7.35,0.5,0.42,978.4,2190.3,30.7,5,0.92,1,Syngenta Quantis,2.0,24.51,21.63,2.88,7121.0,20518.0,18666.0
IND_FIELD_0976,Maharashtra & Vidarbha (Deccan),Mustard / Rapeseed,12.06,6.55,127.6,30.8,149.2,25.4,22.2,16.7,10.9,1.26,7.99,0.89,5.95,0.87,0.24,1057.2,2250.5,25.1,1,0.92,0,None,0.0,28.58,28.24,0.34,5650.0,1939.0,1939.0
IND_FIELD_0977,Andhra Pradesh & Telangana,Cotton,11.87,6.79,172.8,44.2,136.6,38.9,23.6,12.8,4.2,0.65,9.35,0.71,6.59,0.7,0.76,650.8,2269.6,31.1,10,0.855,0,None,0.0,23.64,22.92,0.72,7121.0,5158.0,5158.0
IND_FIELD_0978,Punjab & Haryana (Indo-Gangetic),Sugarcane,5.56,6.3,86.3,47.6,255.3,30.3,22.2,22.0,3.9,0.95,8.46,0.8,2.07,0.75,0.17,1158.0,2778.2,26.5,7,0.92,1,Syngenta Quantis,2.9,603.79,524.93,78.86,340.0,26814.0,24915.0
IND_FIELD_0979,Maharashtra & Vidarbha (Deccan),Maize,4.47,8.14,208.1,45.2,89.7,44.3,8.3,28.9,5.3,0.39,9.26,0.23,3.95,0.44,0.37,1064.0,2463.2,27.9,6,0.92,0,None,0.0,45.25,45.29,-0.04,2225.0,-90.0,-90.0
IND_FIELD_0980,Andhra Pradesh & Telangana,Wheat,11.19,7.35,102.3,13.7,102.7,26.9,20.8,24.9,11.1,0.58,4.66,0.55,6.09,0.25,0.28,1327.1,2524.8,29.3,5,0.92,1,Syngenta Isabion,2.45,41.9,37.89,4.0,2275.0,9108.0,7449.0
IND_FIELD_0981,Maharashtra & Vidarbha (Deccan),Rice (Paddy),7.55,8.04,177.4,20.3,81.6,18.4,13.4,16.5,5.4,0.4,9.69,0.69,2.43,0.86,0.8,610.5,2628.8,30.9,6,0.751,1,Syngenta CropBio+ (Biostimulant),1.57,42.79,35.93,6.87,2300.0,15792.0,13932.0
IND_FIELD_0982,Uttar Pradesh & Bihar,Cotton,8.26,6.53,132.9,35.1,116.7,27.0,23.8,22.4,8.9,0.65,5.55,0.58,5.12,0.83,0.62,1163.8,2876.3,25.1,1,0.92,0,None,0.0,21.24,21.25,-0.01,7121.0,-58.0,-58.0
IND_FIELD_0983,Punjab & Haryana (Indo-Gangetic),Soybean,3.84,7.68,167.3,52.2,96.6,35.3,14.5,25.7,4.5,1.26,3.3,0.67,4.36,0.34,0.79,529.5,1926.5,32.9,7,0.714,1,Syngenta Quantis,1.74,21.23,17.62,3.61,4892.0,17659.0,15781.0
IND_FIELD_0984,Punjab & Haryana (Indo-Gangetic),Rice (Paddy),6.36,7.64,79.3,47.9,319.0,29.3,16.0,26.0,13.2,0.68,9.36,0.77,2.1,0.51,0.83,987.0,2887.6,31.4,9,0.92,1,Syngenta Isabion,1.9,43.57,37.28,6.28,2300.0,14451.0,12840.0
IND_FIELD_0985,Uttar Pradesh & Bihar,Sugarcane,3.87,7.46,63.0,48.2,149.3,34.0,15.5,24.7,7.1,0.92,10.08,0.46,3.3,0.71,0.5,974.3,2588.5,25.0,5,0.898,1,Syngenta CropBio+ (Biostimulant),1.76,536.59,470.37,66.21,340.0,22513.0,20542.0
IND_FIELD_0986,Maharashtra & Vidarbha (Deccan),Tur / Pigeon Pea (Arhar),13.17,8.12,223.7,25.0,115.8,44.3,11.8,29.2,13.0,0.78,7.99,0.79,3.57,0.71,0.31,819.0,2736.7,34.7,7,0.92,1,Syngenta Isabion,1.82,21.3,18.71,2.6,7550.0,19627.0,17943.0
IND_FIELD_0987,Andhra Pradesh & Telangana,Gram / Chickpea (Chana),6.18,6.74,108.5,30.5,137.8,45.4,7.4,29.1,13.4,0.8,4.89,0.31,2.62,0.85,0.29,1252.3,2258.6,30.6,3,0.92,0,None,0.0,17.94,17.42,0.52,5440.0,2826.0,2826.0
IND_FIELD_0988,Maharashtra & Vidarbha (Deccan),Groundnut (Peanut),9.63,6.11,207.5,32.2,304.7,26.0,22.1,22.7,3.6,1.37,5.04,0.39,5.47,0.35,0.31,454.2,2373.1,27.9,6,0.748,1,Syngenta Quantis,1.74,29.68,25.74,3.94,6783.0,26692.0,24708.0
IND_FIELD_0989,Punjab & Haryana (Indo-Gangetic),Groundnut (Peanut),3.93,7.41,239.9,18.8,204.8,31.9,20.4,19.5,8.4,0.63,6.61,0.23,3.33,0.55,0.65,944.2,2123.6,24.0,6,0.857,1,Syngenta Isabion,2.67,25.85,23.08,2.77,6783.0,18787.0,16811.0
IND_FIELD_0990,Uttar Pradesh & Bihar,Sugarcane,10.84,7.55,98.1,13.3,167.6,34.5,8.5,24.1,3.8,0.99,9.75,0.46,3.53,0.32,0.18,656.3,3171.0,28.9,5,0.864,1,Syngenta Isabion,2.22,628.79,554.11,74.68,340.0,25390.0,23382.0
IND_FIELD_0991,Uttar Pradesh & Bihar,Cotton,7.05,7.18,107.7,52.7,289.6,46.5,20.0,28.0,13.0,0.76,4.29,0.47,6.94,0.52,0.19,1156.3,2495.8,24.1,9,0.92,0,None,0.0,20.59,20.56,0.03,7121.0,208.0,208.0
IND_FIELD_0992,Andhra Pradesh & Telangana,Gram / Chickpea (Chana),13.38,6.3,179.3,22.4,174.8,48.0,17.3,10.1,8.9,0.37,9.23,0.76,4.57,0.26,0.58,490.9,3194.5,27.6,9,0.862,0,None,0.0,22.23,21.76,0.47,5440.0,2568.0,2568.0
IND_FIELD_0993,Maharashtra & Vidarbha (Deccan),Sugarcane,13.27,7.01,233.8,22.3,160.4,25.1,13.4,31.8,4.3,0.84,5.33,0.66,4.16,0.88,0.6,1240.0,2485.7,27.3,4,0.92,0,None,0.0,663.3,663.06,0.24,340.0,83.0,83.0
IND_FIELD_0994,Andhra Pradesh & Telangana,Wheat,7.08,6.55,224.8,15.6,129.7,39.8,10.6,14.0,4.7,1.19,9.1,0.51,5.98,0.62,0.62,1246.2,2107.7,31.4,1,0.92,1,Syngenta CropBio+ (Biostimulant),1.82,41.64,37.95,3.69,2275.0,8397.0,6557.0
IND_FIELD_0995,Maharashtra & Vidarbha (Deccan),Soybean,13.41,6.83,150.5,51.9,170.7,29.3,21.5,20.3,7.5,0.41,9.92,0.66,7.0,0.84,0.41,1241.2,2510.4,24.5,5,0.92,0,None,0.0,25.95,25.72,0.23,4892.0,1103.0,1103.0
IND_FIELD_0996,Punjab & Haryana (Indo-Gangetic),Rice (Paddy),14.46,7.35,203.1,36.9,156.0,18.2,18.6,29.2,13.4,0.38,6.32,0.24,2.14,0.29,0.71,594.9,1855.4,32.7,8,0.904,1,Syngenta Isabion,1.93,53.81,46.97,6.84,2300.0,15726.0,13757.0
IND_FIELD_0997,Karnataka & Tamil Nadu,Wheat,12.58,7.59,84.4,40.7,242.6,18.3,15.9,15.0,10.8,0.47,5.86,0.33,4.47,0.41,0.52,1048.9,3066.7,26.2,2,0.92,0,None,0.0,39.82,39.37,0.45,2275.0,1027.0,1027.0
IND_FIELD_0998,Punjab & Haryana (Indo-Gangetic),Mustard / Rapeseed,12.79,6.36,235.9,51.2,149.5,31.8,17.0,20.5,12.6,1.14,9.06,0.64,5.36,0.43,0.22,463.6,2946.0,27.8,6,0.79,0,None,0.0,29.5,29.48,0.02,5650.0,115.0,115.0
IND_FIELD_0999,Karnataka & Tamil Nadu,Wheat,6.24,6.77,233.6,26.9,218.5,32.7,7.6,12.9,7.3,1.1,7.07,0.65,3.75,0.52,0.71,1255.6,2816.1,32.0,13,0.92,0,None,0.0,37.56,37.32,0.24,2275.0,543.0,543.0
IND_FIELD_1000,Maharashtra & Vidarbha (Deccan),Rice (Paddy),9.84,6.45,89.5,38.7,95.8,18.7,14.5,18.7,4.0,0.92,8.2,0.74,6.25,0.81,0.82,1136.8,2653.8,30.1,3,0.92,1,Syngenta CropBio+ (Biostimulant),2.08,43.82,39.98,3.84,2300.0,8824.0,7087.0
IND_FIELD_1001,Punjab & Haryana (Indo-Gangetic),Onion,4.24,6.28,113.9,13.7,125.9,38.6,9.5,13.9,13.7,0.82,7.75,0.48,7.34,0.52,0.19,954.6,2611.8,26.0,5,0.885,1,Syngenta CropBio+ (Biostimulant),1.8,200.88,176.35,24.53,2800.0,68690.0,66752.0
IND_FIELD_1002,Andhra Pradesh & Telangana,Soybean,4.54,7.68,78.0,20.0,177.8,26.8,9.8,18.0,3.7,1.28,4.32,0.71,7.19,0.39,0.42,1144.1,3195.4,27.0,4,0.92,0,None,0.0,18.68,18.47,0.21,4892.0,1038.0,1038.0
IND_FIELD_1003,Karnataka & Tamil Nadu,Rice (Paddy),14.49,7.98,108.9,47.7,304.9,34.8,17.9,18.2,13.5,1.14,9.37,0.68,3.46,0.3,0.49,539.6,2189.2,26.0,7,0.876,1,Syngenta CropBio+ (Biostimulant),1.25,50.91,45.56,5.35,2300.0,12306.0,10579.0
IND_FIELD_1004,Uttar Pradesh & Bihar,Soybean,7.09,6.69,206.9,45.0,170.5,27.0,22.4,31.8,7.4,1.19,4.63,0.87,3.24,0.31,0.25,952.2,2891.6,29.7,4,0.92,0,None,0.0,23.18,23.32,-0.14,4892.0,-672.0,-672.0
IND_FIELD_1005,Uttar Pradesh & Bihar,Maize,11.73,7.6,128.1,27.1,239.4,23.0,13.3,31.9,3.6,1.19,10.01,0.35,7.27,0.78,0.76,726.7,2614.0,26.3,3,0.875,1,Syngenta Isabion,1.25,58.94,52.85,6.08,2225.0,13536.0,11640.0
IND_FIELD_1006,Andhra Pradesh & Telangana,Tur / Pigeon Pea (Arhar),12.37,7.95,75.9,28.2,141.2,30.2,9.7,12.5,10.7,1.01,5.03,0.59,4.52,0.56,0.35,1374.0,3166.2,31.4,4,0.92,1,Syngenta Quantis,2.86,18.68,16.57,2.12,7550.0,15975.0,14006.0
IND_FIELD_1007,Andhra Pradesh & Telangana,Cotton,12.94,7.83,121.6,34.9,110.5,25.0,17.7,26.0,13.8,0.8,8.56,0.62,3.15,0.76,0.7,1264.3,2958.9,29.5,3,0.92,0,None,0.0,22.8,22.05,0.75,7121.0,5336.0,5336.0
IND_FIELD_1008,Uttar Pradesh & Bihar,Mustard / Rapeseed,14.47,6.24,236.6,12.0,94.0,34.0,21.7,11.1,13.6,1.25,5.28,0.9,5.89,0.73,0.62,1146.6,3197.9,23.9,5,0.92,0,None,0.0,31.7,31.0,0.69,5650.0,3915.0,3915.0
IND_FIELD_1009,Punjab & Haryana (Indo-Gangetic),Cotton,6.16,8.1,173.3,22.4,153.3,24.0,19.5,10.7,5.2,1.32,5.52,0.34,3.56,0.34,0.57,1337.1,2623.7,26.0,7,0.92,0,None,0.0,19.25,19.37,-0.13,7121.0,-892.0,-892.0
IND_FIELD_1010,Maharashtra & Vidarbha (Deccan),Tur / Pigeon Pea (Arhar),3.94,6.7,134.9,21.0,117.8,33.3,21.6,12.3,5.4,0.33,5.46,0.57,3.47,0.35,0.28,779.5,2086.4,24.9,6,0.869,0,None,0.0,13.68,14.56,-0.88,7550.0,-6678.0,-6678.0
IND_FIELD_1011,Punjab & Haryana (Indo-Gangetic),Maize,8.02,6.61,90.0,22.8,121.8,22.7,15.7,31.2,9.4,0.36,8.66,0.44,6.84,0.78,0.3,1305.8,2505.2,27.1,5,0.92,1,Syngenta CropBio+ (Biostimulant),2.76,54.47,47.5,6.98,2225.0,15525.0,13732.0
IND_FIELD_1012,Karnataka & Tamil Nadu,Groundnut (Peanut),4.93,5.95,237.5,46.7,262.6,38.1,19.5,30.7,10.2,1.35,7.26,0.57,2.89,0.75,0.18,759.0,2795.6,28.7,6,0.773,1,Syngenta CropBio+ (Biostimulant),2.95,26.57,23.02,3.55,6783.0,24091.0,22060.0
IND_FIELD_1013,Karnataka & Tamil Nadu,Soybean,3.75,6.97,207.8,24.0,83.8,40.6,8.5,14.3,11.3,0.6,9.65,0.36,2.35,0.51,0.32,1146.2,2884.1,28.6,6,0.92,1,Syngenta Quantis,1.35,22.8,19.82,2.98,4892.0,14562.0,12873.0
IND_FIELD_1014,Punjab & Haryana (Indo-Gangetic),Onion,7.46,6.06,110.7,20.2,213.9,21.3,12.3,13.6,5.4,1.26,5.44,0.23,3.48,0.3,0.39,1149.6,1800.7,31.8,4,0.92,1,Syngenta CropBio+ (Biostimulant),2.6,222.68,196.9,25.78,2800.0,72174.0,70367.0
IND_FIELD_1015,Uttar Pradesh & Bihar,Maize,12.12,6.4,72.6,33.7,171.1,32.0,13.0,15.3,13.6,0.73,8.25,0.6,5.34,0.26,0.73,467.4,2507.0,24.5,7,0.795,0,None,0.0,50.25,49.71,0.54,2225.0,1198.0,1198.0
IND_FIELD_1016,Karnataka & Tamil Nadu,Rice (Paddy),9.73,6.56,70.2,49.2,201.6,20.1,15.2,21.3,10.2,0.43,8.7,0.44,2.68,0.45,0.41,793.0,2129.3,34.3,4,0.88,0,None,0.0,40.03,39.76,0.27,2300.0,619.0,619.0
IND_FIELD_1017,Punjab & Haryana (Indo-Gangetic),Mustard / Rapeseed,6.94,7.74,81.7,22.4,215.1,35.9,22.7,22.5,12.4,0.39,4.31,0.33,4.59,0.26,0.68,468.5,3024.9,26.5,4,0.748,1,Syngenta Isabion,2.19,26.81,22.31,4.5,5650.0,25437.0,23717.0
IND_FIELD_1018,Andhra Pradesh & Telangana,Cotton,10.7,7.9,164.5,15.4,155.2,25.9,21.7,14.9,9.2,0.47,6.12,0.43,5.45,0.41,0.46,1397.2,2014.1,25.9,5,0.92,1,Syngenta Quantis,2.99,24.4,21.25,3.15,7121.0,22447.0,20656.0
IND_FIELD_1019,Karnataka & Tamil Nadu,Gram / Chickpea (Chana),6.05,6.53,227.2,27.3,150.8,33.8,8.4,26.6,7.8,0.57,6.72,0.23,6.67,0.54,0.7,566.1,2733.0,30.9,5,0.717,1,Syngenta Isabion,1.58,20.82,17.76,3.06,5440.0,16653.0,14807.0
IND_FIELD_1020,Punjab & Haryana (Indo-Gangetic),Soybean,3.66,7.86,149.4,44.1,256.0,33.5,9.1,16.8,13.8,0.84,5.8,0.87,3.26,0.33,0.83,965.7,2172.5,32.5,5,0.858,1,Syngenta Isabion,1.43,21.76,19.38,2.38,4892.0,11636.0,9888.0
IND_FIELD_1021,Andhra Pradesh & Telangana,Maize,11.91,7.86,211.7,35.7,289.1,45.7,12.4,30.3,9.6,1.07,5.55,0.61,6.5,0.32,0.32,1201.0,2299.2,26.9,6,0.92,0,None,0.0,56.38,56.69,-0.31,2225.0,-683.0,-683.0
IND_FIELD_1022,Maharashtra & Vidarbha (Deccan),Wheat,10.36,7.64,140.3,47.1,126.2,34.5,11.2,24.4,12.6,1.39,8.21,0.77,3.29,0.88,0.75,641.2,3116.8,31.7,3,0.854,0,None,0.0,37.42,38.23,-0.81,2275.0,-1838.0,-1838.0
IND_FIELD_1023,Karnataka & Tamil Nadu,Soybean,11.89,6.15,187.5,53.3,103.4,35.5,17.1,19.6,13.5,0.79,4.78,0.5,5.72,0.66,0.59,910.8,2136.6,33.5,8,0.92,1,Syngenta Isabion,2.37,27.74,24.28,3.46,4892.0,16908.0,14868.0
IND_FIELD_1024,Karnataka & Tamil Nadu,Cotton,3.93,7.46,191.7,46.1,295.5,30.0,22.2,27.4,10.6,0.87,8.38,0.83,4.37,0.9,0.72,1027.1,1933.0,32.0,7,0.92,1,Syngenta CropBio+ (Biostimulant),1.83,23.82,20.1,3.72,7121.0,26513.0,24672.0
IND_FIELD_1025,Karnataka & Tamil Nadu,Soybean,12.71,8.07,91.3,38.0,164.0,46.5,23.3,28.0,9.3,0.87,10.03,0.54,2.63,0.49,0.61,602.2,1897.0,22.4,1,0.875,1,Syngenta Quantis,2.96,25.13,23.61,1.52,4892.0,7430.0,5543.0
IND_FIELD_1026,Maharashtra & Vidarbha (Deccan),Wheat,10.31,7.44,125.0,33.2,212.3,41.3,17.8,16.4,3.5,0.89,7.33,0.6,5.93,0.72,0.45,1189.6,2506.5,32.8,5,0.92,0,None,0.0,38.39,38.82,-0.44,2275.0,-995.0,-995.0
IND_FIELD_1027,Karnataka & Tamil Nadu,Rice (Paddy),9.7,6.6,174.7,13.7,166.3,26.6,21.1,17.5,3.9,0.87,7.66,0.54,3.2,0.39,0.31,734.4,2698.4,32.1,5,0.842,0,None,0.0,41.5,41.66,-0.16,2300.0,-359.0,-359.0
IND_FIELD_1028,Uttar Pradesh & Bihar,Wheat,10.37,7.0,72.7,54.3,110.2,43.3,15.5,30.6,5.6,0.31,3.7,0.71,2.97,0.68,0.2,650.5,2258.2,30.7,8,0.811,0,None,0.0,36.24,36.11,0.13,2275.0,291.0,291.0
IND_FIELD_1029,Maharashtra & Vidarbha (Deccan),Cotton,13.01,7.35,125.1,28.5,221.4,31.0,9.7,13.6,5.5,0.3,9.51,0.6,3.97,0.34,0.52,980.4,2766.4,31.9,3,0.92,1,Syngenta Isabion,2.57,25.35,22.38,2.97,7121.0,21171.0,19098.0
IND_FIELD_1030,Uttar Pradesh & Bihar,Cotton,9.96,7.03,156.3,18.5,206.0,42.9,15.4,10.9,6.2,0.41,5.28,0.39,5.59,0.25,0.84,839.8,1885.4,34.7,10,0.909,1,Syngenta Quantis,1.66,25.05,22.53,2.52,7121.0,17968.0,16108.0
IND_FIELD_1031,Punjab & Haryana (Indo-Gangetic),Maize,9.89,6.09,239.3,40.7,128.7,42.7,16.0,20.0,6.7,0.41,7.69,0.3,3.29,0.9,0.67,1324.3,3000.3,27.6,7,0.92,0,None,0.0,55.27,54.32,0.95,2225.0,2108.0,2108.0
IND_FIELD_1032,Andhra Pradesh & Telangana,Soybean,14.4,6.55,145.4,24.2,188.4,23.7,19.4,27.6,7.3,1.08,10.35,0.62,3.01,0.64,0.38,1286.1,2943.2,22.9,7,0.92,1,Syngenta CropBio+ (Biostimulant),2.2,28.14,25.66,2.48,4892.0,12137.0,10145.0
IND_FIELD_1033,Punjab & Haryana (Indo-Gangetic),Gram / Chickpea (Chana),11.82,7.73,206.9,37.2,271.3,39.0,10.0,27.0,7.9,0.53,7.55,0.54,2.05,0.9,0.73,909.2,3179.7,28.0,4,0.92,1,Syngenta CropBio+ (Biostimulant),2.92,24.16,22.38,1.77,5440.0,9639.0,7679.0
IND_FIELD_1034,Punjab & Haryana (Indo-Gangetic),Mustard / Rapeseed,8.37,7.87,137.8,37.2,221.7,26.7,12.6,30.2,4.5,1.28,8.49,0.27,4.59,0.48,0.69,791.3,3111.1,22.6,5,0.843,0,None,0.0,25.03,25.58,-0.55,5650.0,-3107.0,-3107.0
IND_FIELD_1035,Punjab & Haryana (Indo-Gangetic),Sugarcane,11.28,6.13,203.4,31.2,103.3,26.9,12.6,21.7,3.9,1.32,6.45,0.48,4.36,0.48,0.35,759.2,2298.7,25.8,4,0.862,0,None,0.0,606.68,606.26,0.42,340.0,142.0,142.0
IND_FIELD_1036,Andhra Pradesh & Telangana,Wheat,7.78,8.09,167.2,48.0,211.5,26.9,23.3,12.2,10.6,1.37,3.64,0.56,3.29,0.53,0.16,704.2,2359.0,29.6,8,0.812,0,None,0.0,36.33,36.79,-0.47,2275.0,-1068.0,-1068.0
IND_FIELD_1037,Maharashtra & Vidarbha (Deccan),Gram / Chickpea (Chana),6.02,6.59,219.6,23.4,248.7,39.8,14.0,23.0,9.1,1.33,9.02,0.78,2.3,0.74,0.23,967.3,2844.4,26.0,5,0.865,0,None,0.0,19.14,19.68,-0.53,5440.0,-2899.0,-2899.0
IND_FIELD_1038,Uttar Pradesh & Bihar,Cotton,10.07,7.39,134.0,31.3,270.2,24.9,19.6,27.1,8.2,0.6,3.46,0.25,4.36,0.65,0.76,1214.7,1987.7,30.9,4,0.92,1,Syngenta Isabion,2.3,24.72,21.82,2.9,7121.0,20676.0,19064.0
IND_FIELD_1039,Punjab & Haryana (Indo-Gangetic),Soybean,13.71,7.6,168.8,35.1,231.0,18.0,19.5,12.1,10.2,0.86,8.31,0.44,6.34,0.9,0.74,745.2,2239.6,32.7,4,0.865,0,None,0.0,25.98,25.96,0.01,4892.0,71.0,71.0
IND_FIELD_1040,Maharashtra & Vidarbha (Deccan),Cotton,13.72,7.75,173.4,40.5,116.6,39.5,10.8,13.8,12.2,0.49,3.37,0.78,5.93,0.27,0.36,630.6,1966.0,27.5,2,0.881,0,None,0.0,22.25,22.86,-0.61,7121.0,-4313.0,-4313.0
IND_FIELD_1041,Andhra Pradesh & Telangana,Groundnut (Peanut),7.26,8.07,135.1,45.7,250.4,23.1,16.3,10.3,8.0,1.19,9.49,0.65,6.73,0.75,0.35,901.7,2436.8,33.7,4,0.905,0,None,0.0,23.77,24.18,-0.4,6783.0,-2739.0,-2739.0
IND_FIELD_1042,Uttar Pradesh & Bihar,Soybean,9.3,6.55,86.0,29.0,242.6,21.1,22.1,23.1,10.2,1.28,4.35,0.4,2.05,0.48,0.71,515.6,2572.8,23.0,4,0.763,0,None,0.0,22.09,21.64,0.46,4892.0,2232.0,2232.0
IND_FIELD_1043,Maharashtra & Vidarbha (Deccan),Wheat,5.83,7.86,76.8,39.8,85.9,25.1,14.6,29.5,13.5,1.24,6.95,0.79,7.32,0.38,0.81,1116.2,2095.6,32.9,6,0.92,1,Syngenta Quantis,2.69,37.42,31.81,5.62,2275.0,12775.0,10721.0
IND_FIELD_1044,Andhra Pradesh & Telangana,Tomato,14.45,6.12,63.0,18.5,178.8,29.4,23.0,24.8,12.3,0.78,7.56,0.55,3.88,0.61,0.7,942.4,1837.3,32.8,3,0.92,0,None,0.0,284.88,284.57,0.31,2400.0,740.0,740.0
IND_FIELD_1045,Karnataka & Tamil Nadu,Mustard / Rapeseed,14.29,7.49,217.2,52.1,159.9,32.3,9.9,31.6,8.0,1.13,6.54,0.55,7.45,0.6,0.57,921.6,2807.1,26.2,7,0.92,1,Syngenta CropBio+ (Biostimulant),1.54,34.65,31.3,3.35,5650.0,18902.0,17069.0
IND_FIELD_1046,Andhra Pradesh & Telangana,Wheat,10.64,7.58,102.6,28.5,240.7,19.3,7.3,11.4,10.3,0.41,5.69,0.88,3.39,0.35,0.32,735.4,1828.0,25.9,7,0.864,0,None,0.0,36.9,36.57,0.33,2275.0,751.0,751.0
IND_FIELD_1047,Punjab & Haryana (Indo-Gangetic),Soybean,12.35,7.43,98.1,43.4,131.9,47.1,22.0,29.9,5.4,0.34,6.62,0.86,4.59,0.39,0.52,1309.4,3162.8,26.0,6,0.92,1,Syngenta CropBio+ (Biostimulant),2.21,26.4,23.51,2.89,4892.0,14150.0,12359.0
IND_FIELD_1048,Punjab & Haryana (Indo-Gangetic),Mustard / Rapeseed,11.37,6.41,192.5,12.9,221.8,39.5,21.3,27.9,9.4,1.13,5.47,0.45,3.95,0.54,0.31,536.0,2110.3,32.5,7,0.811,1,Syngenta Isabion,1.78,32.63,28.61,4.02,5650.0,22712.0,20900.0
IND_FIELD_1049,Karnataka & Tamil Nadu,Wheat,10.02,7.9,117.6,20.8,299.2,27.7,23.9,16.9,13.8,0.77,6.4,0.3,3.96,0.54,0.72,1276.3,2729.5,32.8,7,0.92,0,None,0.0,37.54,38.54,-1.0,2275.0,-2266.0,-2266.0
IND_FIELD_1050,Punjab & Haryana (Indo-Gangetic),Soybean,4.09,6.21,151.1,32.9,271.5,27.6,18.2,31.4,8.9,1.4,5.82,0.43,6.63,0.47,0.42,807.9,2408.7,26.3,7,0.78,1,Syngenta CropBio+ (Biostimulant),2.9,22.97,20.22,2.75,4892.0,13463.0,11430.0
IND_FIELD_1051,Karnataka & Tamil Nadu,Soybean,8.5,5.93,89.3,49.8,301.1,31.5,22.9,16.3,13.2,0.41,7.33,0.22,6.11,0.35,0.73,1286.6,1883.5,29.7,7,0.92,0,None,0.0,21.88,21.5,0.38,4892.0,1857.0,1857.0
IND_FIELD_1052,Andhra Pradesh & Telangana,Gram / Chickpea (Chana),10.92,7.52,232.8,34.7,314.8,36.8,20.9,29.6,7.8,1.24,4.94,0.21,7.46,0.25,0.42,1142.3,2461.1,23.8,2,0.92,0,None,0.0,22.74,22.43,0.31,5440.0,1674.0,1674.0
IND_FIELD_1053,Karnataka & Tamil Nadu,Sugarcane,10.95,6.94,213.3,52.0,82.6,22.4,21.2,29.4,14.0,0.83,10.42,0.48,5.37,0.93,0.73,549.0,2523.5,28.1,6,0.761,0,None,0.0,607.68,606.67,1.01,340.0,343.0,343.0
IND_FIELD_1054,Uttar Pradesh & Bihar,Mustard / Rapeseed,7.6,7.84,215.5,32.8,229.5,23.7,16.2,26.7,9.6,1.21,6.86,0.86,4.55,0.91,0.38,1240.0,2996.6,35.0,5,0.92,0,None,0.0,27.12,27.08,0.04,5650.0,240.0,240.0
IND_FIELD_1055,Karnataka & Tamil Nadu,Gram / Chickpea (Chana),13.86,6.72,133.2,33.1,179.1,43.8,12.9,22.4,3.9,1.2,4.62,0.81,2.5,0.59,0.46,1098.1,2825.3,24.1,5,0.92,0,None,0.0,21.75,21.37,0.37,5440.0,2027.0,2027.0
IND_FIELD_1056,Maharashtra & Vidarbha (Deccan),Wheat,5.34,6.2,197.2,17.1,286.4,25.7,22.8,12.6,9.7,1.31,6.68,0.56,7.48,0.95,0.58,480.7,1911.0,34.3,3,0.63,0,None,0.0,33.91,34.34,-0.43,2275.0,-983.0,-983.0
IND_FIELD_1057,Uttar Pradesh & Bihar,Wheat,9.0,7.81,85.9,46.5,140.4,29.4,13.8,21.7,6.4,0.63,9.52,0.6,5.03,0.72,0.2,577.0,2092.8,32.7,7,0.775,0,None,0.0,33.36,34.39,-1.03,2275.0,-2338.0,-2338.0
IND_FIELD_1058,Maharashtra & Vidarbha (Deccan),Rice (Paddy),11.1,7.12,61.6,22.6,315.4,44.1,15.7,17.8,3.8,1.34,3.36,0.2,5.85,0.3,0.81,1053.8,2236.6,34.6,5,0.92,1,Syngenta Isabion,2.4,46.27,41.18,5.09,2300.0,11712.0,9893.0
IND_FIELD_1059,Maharashtra & Vidarbha (Deccan),Rice (Paddy),11.17,6.25,63.6,50.7,227.3,37.9,14.0,27.4,12.1,0.47,8.16,0.35,4.24,0.33,0.55,1079.5,1963.0,24.3,5,0.92,0,None,0.0,41.17,40.95,0.22,2300.0,507.0,507.0
IND_FIELD_1060,Andhra Pradesh & Telangana,Rice (Paddy),10.64,7.53,165.6,51.2,270.4,28.3,16.2,26.7,6.4,0.39,7.2,0.22,5.01,0.89,0.51,1159.3,2439.7,24.8,6,0.92,0,None,0.0,43.78,44.28,-0.5,2300.0,-1144.0,-1144.0
IND_FIELD_1061,Karnataka & Tamil Nadu,Groundnut (Peanut),6.53,7.03,142.0,52.6,100.5,38.5,14.5,30.0,11.9,0.77,4.44,0.73,7.18,0.69,0.74,1134.2,3178.0,22.2,3,0.92,1,Syngenta Isabion,1.49,25.65,23.35,2.3,6783.0,15577.0,13727.0
IND_FIELD_1062,Karnataka & Tamil Nadu,Sugarcane,5.22,7.25,153.2,34.4,124.0,18.6,6.9,10.3,6.5,1.21,9.17,0.3,2.92,0.84,0.76,1076.5,2520.5,31.4,5,0.891,0,None,0.0,512.49,512.62,-0.13,340.0,-44.0,-44.0
IND_FIELD_1063,Uttar Pradesh & Bihar,Gram / Chickpea (Chana),10.5,6.91,61.3,41.1,262.0,40.1,21.9,27.8,5.5,0.82,5.89,0.81,3.61,0.88,0.52,1177.9,2838.6,30.4,5,0.92,0,None,0.0,20.08,20.19,-0.11,5440.0,-605.0,-605.0
IND_FIELD_1064,Maharashtra & Vidarbha (Deccan),Rice (Paddy),10.09,7.79,136.1,45.5,85.3,32.6,14.0,30.6,13.7,1.21,5.34,0.65,2.84,0.56,0.8,996.3,2756.1,24.3,5,0.92,0,None,0.0,41.52,41.27,0.25,2300.0,584.0,584.0
IND_FIELD_1065,Maharashtra & Vidarbha (Deccan),Sugarcane,5.47,7.79,189.3,17.6,276.1,42.4,16.6,27.4,7.3,1.1,9.25,0.36,6.36,0.28,0.2,697.8,2989.9,32.3,4,0.801,1,Syngenta Isabion,2.21,591.29,525.47,65.82,340.0,22380.0,20293.0
IND_FIELD_1066,Uttar Pradesh & Bihar,Sugarcane,11.26,7.5,139.7,37.8,83.3,46.6,8.5,12.9,9.8,0.53,7.86,0.31,2.34,0.38,0.23,1316.8,2102.0,25.9,7,0.92,0,None,0.0,576.97,576.7,0.27,340.0,91.0,91.0
IND_FIELD_1067,Punjab & Haryana (Indo-Gangetic),Wheat,8.51,6.05,191.8,13.5,237.7,45.8,6.1,11.8,9.9,1.34,9.76,0.64,2.45,0.3,0.57,467.3,2855.4,23.8,6,0.747,1,Syngenta Isabion,1.88,41.73,35.7,6.04,2275.0,13732.0,11832.0
IND_FIELD_1068,Punjab & Haryana (Indo-Gangetic),Maize,10.85,7.81,101.9,33.4,167.6,45.3,10.4,10.5,9.4,0.37,7.8,0.83,3.64,0.38,0.4,798.2,3033.9,27.5,10,0.881,0,None,0.0,50.02,49.28,0.73,2225.0,1634.0,1634.0
IND_FIELD_1069,Maharashtra & Vidarbha (Deccan),Cotton,12.71,7.41,206.4,18.7,226.8,33.4,18.7,23.8,13.1,1.29,8.61,0.7,4.83,0.54,0.47,1142.4,2040.1,23.2,7,0.92,0,None,0.0,23.73,24.1,-0.37,7121.0,-2618.0,-2618.0
IND_FIELD_1070,Maharashtra & Vidarbha (Deccan),Wheat,5.37,7.47,165.9,19.9,247.0,28.8,7.8,23.9,10.6,0.63,9.31,0.44,4.23,0.33,0.38,855.8,2285.5,25.4,5,0.876,0,None,0.0,34.06,34.75,-0.69,2275.0,-1573.0,-1573.0
IND_FIELD_1071,Maharashtra & Vidarbha (Deccan),Soybean,3.71,6.67,97.9,27.7,162.2,32.0,22.4,31.7,7.7,0.85,3.6,0.61,2.25,0.37,0.43,473.6,3158.1,26.8,3,0.669,1,Syngenta CropBio+ (Biostimulant),1.73,20.0,17.84,2.16,4892.0,10548.0,8471.0
IND_FIELD_1072,Punjab & Haryana (Indo-Gangetic),Rice (Paddy),12.07,7.91,102.6,30.6,105.9,38.7,9.9,18.8,12.6,0.76,8.87,0.42,7.27,0.56,0.73,512.7,2893.1,33.1,3,0.813,1,Syngenta Isabion,2.44,45.62,40.11,5.51,2300.0,12665.0,10664.0
IND_FIELD_1073,Punjab & Haryana (Indo-Gangetic),Wheat,10.21,7.54,173.0,38.8,96.7,44.5,9.7,17.3,5.4,0.49,7.68,0.9,7.24,0.49,0.57,1066.2,2195.6,32.3,5,0.92,0,None,0.0,38.36,38.38,-0.03,2275.0,-57.0,-57.0
IND_FIELD_1074,Punjab & Haryana (Indo-Gangetic),Sugarcane,11.2,6.07,209.4,15.2,221.3,24.2,9.3,23.7,9.2,0.69,3.71,0.72,3.54,0.58,0.85,1366.6,2589.5,27.8,2,0.92,0,None,0.0,615.58,614.42,1.17,340.0,397.0,397.0
IND_FIELD_1075,Karnataka & Tamil Nadu,Onion,12.72,6.78,134.8,33.7,205.0,45.5,6.3,28.2,13.5,0.51,6.91,0.63,6.02,0.55,0.7,974.3,2366.1,31.4,4,0.92,1,Syngenta Quantis,2.05,255.59,230.51,25.08,2800.0,70222.0,68442.0
IND_FIELD_1076,Maharashtra & Vidarbha (Deccan),Sugarcane,12.33,7.93,106.5,19.9,258.1,42.5,19.9,30.6,10.1,0.52,3.8,0.5,5.18,0.7,0.34,931.4,2486.0,29.4,7,0.92,0,None,0.0,601.58,602.43,-0.85,340.0,-288.0,-288.0
IND_FIELD_1077,Maharashtra & Vidarbha (Deccan),Maize,14.07,5.91,216.1,36.7,202.3,47.4,21.8,27.7,12.1,0.51,8.57,0.63,3.31,0.91,0.34,752.4,2297.2,26.4,7,0.92,1,Syngenta Quantis,1.81,67.38,59.95,7.43,2225.0,16540.0,14577.0
IND_FIELD_1078,Andhra Pradesh & Telangana,Wheat,9.4,8.11,180.5,39.4,181.4,44.4,17.1,19.4,10.4,0.84,7.19,0.44,3.44,0.33,0.39,693.9,2191.1,31.4,11,0.866,1,Syngenta Quantis,2.02,43.82,37.56,6.26,2275.0,14246.0,12630.0
IND_FIELD_1079,Punjab & Haryana (Indo-Gangetic),Sugarcane,8.87,7.43,140.7,35.9,175.5,26.4,9.4,24.0,12.3,1.18,10.16,0.22,4.7,0.32,0.74,469.9,2744.7,30.9,8,0.747,0,None,0.0,532.98,532.39,0.59,340.0,201.0,201.0
IND_FIELD_1080,Karnataka & Tamil Nadu,Soybean,7.92,7.32,147.8,43.7,86.3,21.2,11.1,28.8,13.4,0.93,4.54,0.48,4.31,0.85,0.17,709.3,2890.0,30.0,5,0.858,0,None,0.0,21.05,21.08,-0.02,4892.0,-112.0,-112.0
IND_FIELD_1081,Uttar Pradesh & Bihar,Cotton,5.19,6.45,96.8,26.4,160.5,21.4,14.6,20.8,6.4,1.28,7.62,0.85,3.6,0.6,0.31,876.7,3023.5,30.0,5,0.82,1,Syngenta CropBio+ (Biostimulant),2.13,20.7,18.21,2.48,7121.0,17668.0,15907.0
IND_FIELD_1082,Punjab & Haryana (Indo-Gangetic),Rice (Paddy),9.8,6.4,172.8,44.9,314.2,26.7,23.2,14.8,5.3,1.0,4.74,0.64,6.44,0.79,0.78,638.1,2017.5,30.9,12,0.855,1,Syngenta Isabion,1.79,49.47,43.79,5.68,2300.0,13069.0,11018.0
IND_FIELD_1083,Maharashtra & Vidarbha (Deccan),Wheat,6.55,8.06,124.6,30.6,289.7,36.4,10.5,13.7,8.6,1.06,7.68,0.26,4.65,0.4,0.6,533.0,2952.0,27.0,4,0.708,1,Syngenta Quantis,2.41,37.74,33.06,4.68,2275.0,10641.0,8699.0
IND_FIELD_1084,Karnataka & Tamil Nadu,Soybean,13.63,6.52,239.2,32.8,159.1,42.1,19.2,10.0,10.9,1.03,8.48,0.82,5.6,0.83,0.31,1131.8,2156.7,33.3,9,0.92,0,None,0.0,26.65,26.51,0.13,4892.0,643.0,643.0
IND_FIELD_1085,Karnataka & Tamil Nadu,Soybean,9.92,7.66,146.4,39.9,221.1,45.0,13.9,25.8,5.9,0.79,8.47,0.39,3.04,0.9,0.3,1299.9,2398.3,24.1,2,0.92,1,Syngenta Quantis,1.48,25.57,22.98,2.59,4892.0,12669.0,10665.0
IND_FIELD_1086,Maharashtra & Vidarbha (Deccan),Cotton,10.02,6.74,147.5,12.8,283.4,36.7,11.4,12.4,3.5,1.06,9.15,0.37,4.93,0.69,0.75,1339.9,3062.0,33.5,6,0.92,0,None,0.0,22.49,22.74,-0.25,7121.0,-1787.0,-1787.0
IND_FIELD_1087,Andhra Pradesh & Telangana,Onion,7.4,6.13,161.9,40.1,185.9,18.2,14.2,15.4,7.1,0.38,9.43,0.41,3.75,0.32,0.78,1037.1,2436.3,26.4,7,0.92,0,None,0.0,206.38,206.71,-0.32,2800.0,-904.0,-904.0
IND_FIELD_1088,Punjab & Haryana (Indo-Gangetic),Rice (Paddy),4.07,5.83,225.0,38.6,84.3,23.6,7.3,16.6,13.7,1.25,3.76,0.6,4.9,0.88,0.33,500.1,2075.9,23.6,4,0.705,1,Syngenta Quantis,2.56,40.62,33.83,6.79,2300.0,15622.0,13631.0
IND_FIELD_1089,Karnataka & Tamil Nadu,Wheat,3.85,7.11,204.1,25.3,97.9,21.0,20.4,22.3,10.8,1.16,5.71,0.58,6.29,0.8,0.44,1153.8,2023.8,29.8,6,0.92,1,Syngenta Quantis,2.61,39.12,35.02,4.1,2275.0,9325.0,7321.0
IND_FIELD_1090,Punjab & Haryana (Indo-Gangetic),Cotton,8.16,8.14,141.2,15.7,202.5,28.9,10.4,18.8,7.7,0.57,8.22,0.54,6.23,0.78,0.73,554.6,2462.2,26.9,6,0.753,0,None,0.0,18.42,18.35,0.06,7121.0,458.0,458.0
IND_FIELD_1091,Karnataka & Tamil Nadu,Sugarcane,4.43,6.69,189.4,15.9,312.7,33.0,19.1,24.8,5.5,1.14,6.84,0.7,3.95,0.28,0.69,1086.3,2867.7,32.6,3,0.916,1,Syngenta Isabion,2.06,608.63,549.08,59.56,340.0,20249.0,18577.0
IND_FIELD_1092,Andhra Pradesh & Telangana,Cotton,10.18,6.66,165.5,51.7,246.4,19.3,7.2,11.2,7.2,0.31,4.59,0.42,5.82,0.81,0.72,1190.4,3196.1,27.6,12,0.92,1,Syngenta CropBio+ (Biostimulant),2.36,26.15,22.87,3.28,7121.0,23335.0,21541.0
IND_FIELD_1093,Andhra Pradesh & Telangana,Cotton,13.19,6.63,148.6,41.6,97.0,28.5,23.2,12.7,5.3,0.54,7.23,0.75,7.18,0.35,0.51,1139.6,2902.4,30.7,4,0.92,0,None,0.0,23.76,23.67,0.09,7121.0,657.0,657.0
IND_FIELD_1094,Andhra Pradesh & Telangana,Wheat,13.21,7.05,94.6,17.5,125.4,23.4,9.5,21.0,4.6,0.37,6.17,0.32,5.44,0.41,0.79,1354.3,3027.8,26.0,5,0.92,1,Syngenta Isabion,1.57,43.77,38.8,4.98,2275.0,11319.0,9334.0
IND_FIELD_1095,Punjab & Haryana (Indo-Gangetic),Soybean,10.75,6.86,143.5,27.3,265.1,37.4,21.9,17.4,13.0,1.16,6.05,0.75,2.82,0.65,0.38,1151.2,2847.0,24.7,2,0.92,1,Syngenta Isabion,2.87,26.58,24.17,2.42,4892.0,11826.0,10139.0
IND_FIELD_1096,Punjab & Haryana (Indo-Gangetic),Soybean,5.82,7.91,104.2,37.5,281.9,31.9,20.6,16.5,14.0,1.13,9.11,0.66,5.74,0.44,0.26,1108.5,3053.6,27.0,5,0.92,1,Syngenta Quantis,2.86,23.73,19.62,4.1,4892.0,20074.0,18210.0
IND_FIELD_1097,Punjab & Haryana (Indo-Gangetic),Cotton,12.99,7.01,224.7,47.9,228.2,32.9,23.4,11.5,5.2,1.19,6.18,0.68,2.58,0.71,0.65,698.7,1906.8,29.9,9,0.92,1,Syngenta Quantis,2.5,27.63,25.37,2.26,7121.0,16111.0,14197.0
IND_FIELD_1098,Punjab & Haryana (Indo-Gangetic),Soybean,13.25,7.02,120.4,13.9,234.7,30.8,14.6,29.7,4.1,0.3,3.39,0.54,6.8,0.68,0.53,1328.5,3101.9,30.5,9,0.92,1,Syngenta Isabion,1.79,27.67,24.36,3.3,4892.0,16167.0,14375.0
IND_FIELD_1099,Uttar Pradesh & Bihar,Soybean,5.66,6.13,231.4,22.2,86.8,46.7,19.1,25.2,7.0,0.85,3.62,0.67,4.84,0.33,0.75,620.6,2355.0,29.5,5,0.734,1,Syngenta Quantis,2.37,23.5,20.91,2.6,4892.0,12698.0,10998.0
IND_FIELD_1100,Maharashtra & Vidarbha (Deccan),Rice (Paddy),11.61,8.16,155.9,50.3,278.8,24.4,12.7,12.7,8.3,1.08,9.45,0.26,4.12,0.71,0.21,1309.7,3090.3,34.8,3,0.92,0,None,0.0,44.29,43.81,0.47,2300.0,1090.0,1090.0
IND_FIELD_1101,Punjab & Haryana (Indo-Gangetic),Groundnut (Peanut),6.65,6.4,173.7,12.4,269.2,33.5,9.3,11.4,5.7,0.47,10.21,0.8,2.31,0.9,0.74,747.0,1906.0,31.0,6,0.786,0,None,0.0,23.03,22.52,0.51,6783.0,3483.0,3483.0
IND_FIELD_1102,Karnataka & Tamil Nadu,Wheat,12.33,5.98,157.7,20.7,142.2,40.1,14.0,31.4,6.7,1.01,8.23,0.24,4.09,0.36,0.36,573.7,2801.3,34.1,8,0.821,1,Syngenta Quantis,2.55,45.07,38.68,6.39,2275.0,14529.0,12777.0
IND_FIELD_1103,Karnataka & Tamil Nadu,Wheat,14.47,7.39,83.3,53.2,250.1,34.7,9.0,25.0,5.6,0.39,5.86,0.3,6.97,0.67,0.61,1235.3,2830.0,23.5,6,0.92,1,Syngenta CropBio+ (Biostimulant),1.25,46.18,40.95,5.22,2275.0,11886.0,9908.0
IND_FIELD_1104,Karnataka & Tamil Nadu,Cotton,3.83,7.23,127.6,38.4,131.6,45.9,23.7,19.2,11.6,0.5,10.05,0.6,2.12,0.49,0.18,452.4,3195.7,22.8,8,0.644,0,None,0.0,16.76,16.63,0.13,7121.0,950.0,950.0
IND_FIELD_1105,Karnataka & Tamil Nadu,Tur / Pigeon Pea (Arhar),13.37,6.8,77.8,23.3,89.7,29.3,7.7,25.4,11.0,0.82,8.04,0.72,4.61,0.57,0.58,1240.5,2876.4,26.0,7,0.92,0,None,0.0,17.03,17.37,-0.34,7550.0,-2560.0,-2560.0
IND_FIELD_1106,Punjab & Haryana (Indo-Gangetic),Rice (Paddy),10.35,6.81,172.1,14.9,128.3,31.9,16.6,26.6,10.2,1.02,9.36,0.25,7.12,0.45,0.65,699.2,2335.6,23.8,6,0.816,1,Syngenta Quantis,2.89,47.05,41.85,5.2,2300.0,11956.0,9951.0
IND_FIELD_1107,Maharashtra & Vidarbha (Deccan),Soybean,14.21,7.68,140.4,13.2,122.9,20.7,17.3,27.2,7.6,0.46,8.79,0.84,4.17,0.5,0.41,1290.5,2580.1,28.8,6,0.92,0,None,0.0,23.89,24.51,-0.62,4892.0,-3026.0,-3026.0
IND_FIELD_1108,Uttar Pradesh & Bihar,Sugarcane,8.62,6.27,200.0,22.5,161.1,36.3,15.7,20.5,13.0,0.5,5.97,0.88,4.35,0.27,0.3,1106.9,2313.2,28.7,9,0.92,0,None,0.0,580.3,579.47,0.83,340.0,282.0,282.0
IND_FIELD_1109,Andhra Pradesh & Telangana,Soybean,12.82,7.77,99.7,49.9,180.4,26.6,17.9,19.5,13.7,0.52,6.69,0.62,5.18,0.94,0.53,1082.9,2074.4,29.5,10,0.92,0,None,0.0,23.28,23.87,-0.58,4892.0,-2862.0,-2862.0
IND_FIELD_1110,Punjab & Haryana (Indo-Gangetic),Rice (Paddy),4.19,7.36,89.6,29.9,202.0,22.8,8.1,10.2,5.3,0.56,4.56,0.54,4.55,0.69,0.73,797.1,2147.9,31.7,4,0.775,1,Syngenta Quantis,1.86,37.37,33.14,4.23,2300.0,9721.0,7777.0
IND_FIELD_1111,Uttar Pradesh & Bihar,Wheat,7.19,6.81,133.1,43.0,194.4,34.3,16.0,30.4,5.8,0.55,5.33,0.72,2.93,0.6,0.38,506.4,2110.8,34.6,9,0.739,0,None,0.0,33.94,34.84,-0.9,2275.0,-2046.0,-2046.0
IND_FIELD_1112,Punjab & Haryana (Indo-Gangetic),Gram / Chickpea (Chana),4.24,6.9,226.8,51.5,145.0,34.0,11.2,23.3,9.0,0.73,8.88,0.43,2.1,0.52,0.33,1238.6,2568.3,33.4,4,0.92,1,Syngenta CropBio+ (Biostimulant),2.35,20.89,18.27,2.62,5440.0,14262.0,12373.0
IND_FIELD_1113,Punjab & Haryana (Indo-Gangetic),Wheat,14.23,6.42,187.9,29.5,87.0,20.3,22.9,14.5,4.5,1.02,9.73,0.55,5.35,0.63,0.35,612.4,3068.6,23.5,5,0.88,1,Syngenta Quantis,2.01,47.83,43.47,4.37,2275.0,9935.0,8079.0
IND_FIELD_1114,Andhra Pradesh & Telangana,Maize,12.49,7.61,135.4,20.2,225.2,38.9,19.7,30.2,8.1,0.78,8.49,0.84,7.06,0.52,0.81,803.6,3077.8,26.4,3,0.909,1,Syngenta Isabion,2.23,59.86,54.91,4.95,2225.0,11007.0,9062.0
IND_FIELD_1115,Andhra Pradesh & Telangana,Tomato,12.88,7.03,153.1,34.2,175.0,36.7,23.5,30.1,9.6,1.15,6.6,0.87,2.59,0.5,0.4,1020.3,1876.7,25.3,1,0.92,0,None,0.0,298.05,297.92,0.13,2400.0,310.0,310.0
IND_FIELD_1116,Andhra Pradesh & Telangana,Soybean,13.82,6.57,75.2,51.0,151.7,23.7,6.7,31.8,9.0,1.09,3.83,0.85,3.16,0.57,0.15,908.1,1911.9,24.3,8,0.92,0,None,0.0,23.91,23.89,0.03,4892.0,132.0,132.0
IND_FIELD_1117,Punjab & Haryana (Indo-Gangetic),Cotton,4.44,7.23,237.2,46.6,288.1,32.1,11.1,29.2,7.0,0.44,3.62,0.38,4.04,0.44,0.7,638.7,2143.2,29.1,7,0.761,0,None,0.0,19.81,19.31,0.49,7121.0,3507.0,3507.0
IND_FIELD_1118,Karnataka & Tamil Nadu,Rice (Paddy),7.74,8.19,180.0,14.8,259.2,39.6,9.5,32.0,9.2,0.35,5.93,0.36,6.45,0.38,0.64,583.6,2157.1,29.2,6,0.8,1,Syngenta Isabion,1.47,43.92,37.56,6.36,2300.0,14639.0,12597.0
IND_FIELD_1119,Maharashtra & Vidarbha (Deccan),Rice (Paddy),4.28,6.84,111.4,41.8,285.9,33.9,6.2,15.4,13.6,1.27,6.59,0.41,3.48,0.64,0.24,567.1,1932.8,25.0,3,0.709,1,Syngenta Quantis,1.46,38.67,34.59,4.08,2300.0,9390.0,7468.0
IND_FIELD_1120,Punjab & Haryana (Indo-Gangetic),Rice (Paddy),5.82,8.01,165.4,36.6,198.8,29.9,10.4,28.5,5.7,0.39,7.65,0.51,6.85,0.84,0.84,1269.9,2343.8,31.3,5,0.92,0,None,0.0,37.72,37.93,-0.21,2300.0,-474.0,-474.0
IND_FIELD_1121,Karnataka & Tamil Nadu,Gram / Chickpea (Chana),6.02,6.63,79.7,51.0,111.4,27.7,18.2,28.1,10.4,0.46,3.25,0.42,2.3,0.36,0.58,480.0,2622.8,31.5,12,0.717,1,Syngenta Isabion,2.55,20.04,16.54,3.5,5440.0,19046.0,17211.0
IND_FIELD_1122,Karnataka & Tamil Nadu,Maize,8.66,5.93,233.9,17.3,247.1,36.3,10.2,15.1,4.0,0.32,10.42,0.46,7.18,0.27,0.5,1378.2,2609.4,22.3,6,0.92,1,Syngenta CropBio+ (Biostimulant),2.22,59.79,52.41,7.39,2225.0,16436.0,14758.0
IND_FIELD_1123,Karnataka & Tamil Nadu,Sugarcane,6.45,6.29,91.5,35.0,129.5,46.2,15.2,12.2,4.2,0.99,5.86,0.63,5.08,0.42,0.42,638.6,2560.8,27.1,3,0.739,0,None,0.0,483.41,484.68,-1.27,340.0,-431.0,-431.0
IND_FIELD_1124,Uttar Pradesh & Bihar,Rice (Paddy),4.61,6.8,176.6,49.8,185.9,38.2,22.0,31.5,9.3,0.94,9.39,0.73,5.62,0.94,0.78,554.8,2274.1,33.6,4,0.687,0,None,0.0,36.95,36.79,0.16,2300.0,368.0,368.0
IND_FIELD_1125,Andhra Pradesh & Telangana,Mustard / Rapeseed,5.34,6.33,104.2,29.6,95.6,20.2,18.5,16.5,4.6,1.39,7.11,0.71,4.02,0.83,0.32,998.1,2789.0,28.8,5,0.886,1,Syngenta Isabion,2.27,26.63,23.2,3.43,5650.0,19372.0,17637.0
IND_FIELD_1126,Andhra Pradesh & Telangana,Onion,5.12,5.8,189.2,32.7,278.1,31.8,13.1,29.2,3.7,1.28,4.15,0.77,6.3,0.67,0.35,526.0,2957.1,26.5,7,0.681,1,Syngenta CropBio+ (Biostimulant),2.39,219.6,185.72,33.87,2800.0,94837.0,93182.0
IND_FIELD_1127,Punjab & Haryana (Indo-Gangetic),Mustard / Rapeseed,14.2,8.0,199.8,15.0,110.2,44.7,12.7,10.1,5.3,0.75,9.02,0.22,2.92,0.9,0.24,1022.3,2284.8,25.3,3,0.92,1,Syngenta Isabion,1.71,32.95,30.08,2.87,5650.0,16233.0,14580.0
IND_FIELD_1128,Maharashtra & Vidarbha (Deccan),Soybean,11.85,7.83,181.2,24.0,296.7,20.8,14.2,10.5,9.4,0.71,8.38,0.23,2.27,0.56,0.68,1258.1,1919.7,25.2,3,0.92,0,None,0.0,24.65,25.0,-0.36,4892.0,-1746.0,-1746.0
IND_FIELD_1129,Maharashtra & Vidarbha (Deccan),Sugarcane,14.15,7.58,170.6,26.0,287.4,47.7,9.2,20.2,10.9,0.63,7.05,0.75,4.18,0.94,0.57,495.5,2214.9,23.3,5,0.872,1,Syngenta Quantis,2.26,727.5,644.35,83.15,340.0,28269.0,26589.0
IND_FIELD_1130,Maharashtra & Vidarbha (Deccan),Soybean,8.34,6.2,220.6,52.6,191.5,46.5,17.4,15.3,5.6,0.47,6.96,0.57,6.7,0.46,0.58,1209.9,1992.3,32.6,4,0.92,0,None,0.0,23.2,22.74,0.46,4892.0,2254.0,2254.0
IND_FIELD_1131,Uttar Pradesh & Bihar,Cotton,6.56,6.09,74.2,24.2,258.6,20.3,12.6,25.2,10.5,0.45,3.84,0.6,6.15,0.42,0.3,824.8,2454.3,23.1,3,0.81,0,None,0.0,18.09,18.44,-0.35,7121.0,-2503.0,-2503.0
IND_FIELD_1132,Maharashtra & Vidarbha (Deccan),Soybean,12.28,5.96,119.6,31.8,228.7,46.0,21.3,22.4,5.4,0.45,7.99,0.24,4.84,0.7,0.61,601.5,2018.3,25.8,2,0.849,1,Syngenta CropBio+ (Biostimulant),1.4,26.08,24.43,1.66,4892.0,8098.0,6057.0
IND_FIELD_1133,Punjab & Haryana (Indo-Gangetic),Sugarcane,7.09,7.54,104.7,40.9,272.7,28.9,19.6,11.7,9.9,0.43,9.85,0.38,5.15,0.51,0.69,617.3,2448.0,22.6,8,0.778,0,None,0.0,518.23,518.57,-0.33,340.0,-114.0,-114.0
IND_FIELD_1134,Punjab & Haryana (Indo-Gangetic),Maize,6.79,8.03,237.8,19.0,183.6,43.3,17.0,13.6,7.8,0.56,3.88,0.65,2.71,0.69,0.4,1322.8,2109.4,32.2,8,0.92,1,Syngenta Quantis,1.59,56.91,50.85,6.06,2225.0,13486.0,11731.0
IND_FIELD_1135,Andhra Pradesh & Telangana,Soybean,6.06,6.83,130.1,32.9,268.6,30.6,12.6,18.5,10.4,0.64,5.12,0.8,6.62,0.46,0.71,555.1,2834.2,22.5,7,0.7,0,None,0.0,19.16,20.11,-0.95,4892.0,-4669.0,-4669.0
IND_FIELD_1136,Punjab & Haryana (Indo-Gangetic),Rice (Paddy),4.93,6.09,191.9,43.8,191.0,31.2,9.8,14.1,13.9,1.36,9.79,0.84,6.33,0.68,0.39,1273.4,1838.6,26.0,7,0.92,1,Syngenta Quantis,1.79,43.32,38.09,5.23,2300.0,12029.0,10038.0
IND_FIELD_1137,Karnataka & Tamil Nadu,Wheat,6.32,7.03,183.3,49.3,305.8,37.0,20.0,27.4,13.3,0.94,5.28,0.55,5.61,0.44,0.68,967.0,2576.6,29.5,2,0.909,1,Syngenta Quantis,1.99,41.98,38.71,3.27,2275.0,7431.0,5617.0
IND_FIELD_1138,Maharashtra & Vidarbha (Deccan),Rice (Paddy),7.41,6.64,98.2,38.9,196.7,41.2,14.8,19.2,3.5,1.39,7.97,0.58,4.56,0.29,0.17,487.1,2037.3,27.3,6,0.698,1,Syngenta Isabion,1.35,42.15,35.75,6.4,2300.0,14726.0,12850.0
IND_FIELD_1139,Maharashtra & Vidarbha (Deccan),Soybean,10.91,6.7,103.0,40.8,191.0,19.0,10.0,12.1,12.8,0.71,7.1,0.78,7.3,0.89,0.54,891.3,1801.4,25.7,8,0.92,0,None,0.0,23.07,22.64,0.42,4892.0,2066.0,2066.0
IND_FIELD_1140,Andhra Pradesh & Telangana,Rice (Paddy),4.19,7.29,110.6,17.4,268.4,35.8,9.5,20.7,4.2,0.8,7.55,0.58,6.83,0.87,0.83,1226.6,3016.9,25.6,5,0.92,1,Syngenta Quantis,1.38,40.51,34.98,5.53,2300.0,12730.0,11052.0
IND_FIELD_1141,Uttar Pradesh & Bihar,Maize,5.82,7.52,134.0,52.7,277.2,23.6,9.0,12.0,13.5,0.66,6.24,0.56,5.54,0.93,0.84,1139.9,2740.1,32.4,3,0.92,0,None,0.0,47.71,48.03,-0.32,2225.0,-709.0,-709.0
IND_FIELD_1142,Maharashtra & Vidarbha (Deccan),Soybean,12.4,6.07,102.2,17.7,213.1,28.4,20.0,12.8,6.5,0.5,5.39,0.83,4.04,0.75,0.35,914.3,1938.5,34.7,5,0.92,1,Syngenta Quantis,2.47,26.64,23.79,2.85,4892.0,13923.0,11889.0
IND_FIELD_1143,Andhra Pradesh & Telangana,Soybean,5.12,5.89,63.5,45.3,123.2,28.4,10.1,15.3,7.5,0.46,3.55,0.75,5.4,0.73,0.46,1267.0,2729.7,26.5,6,0.92,1,Syngenta Isabion,2.24,21.87,18.34,3.54,4892.0,17303.0,15570.0
IND_FIELD_1144,Andhra Pradesh & Telangana,Rice (Paddy),7.27,8.19,218.3,23.4,192.3,32.1,15.5,28.9,4.5,1.34,8.63,0.84,5.16,0.64,0.19,564.3,2656.3,22.5,5,0.728,0,None,0.0,38.17,38.64,-0.47,2300.0,-1073.0,-1073.0
IND_FIELD_1145,Maharashtra & Vidarbha (Deccan),Tur / Pigeon Pea (Arhar),13.01,6.36,233.8,52.1,312.3,28.0,14.1,30.3,4.7,1.39,8.65,0.35,4.17,0.34,0.76,1314.4,2462.7,22.5,4,0.92,0,None,0.0,20.87,20.5,0.37,7550.0,2794.0,2794.0
IND_FIELD_1146,Karnataka & Tamil Nadu,Sugarcane,5.2,5.93,121.5,43.0,260.7,21.2,16.4,28.2,11.1,0.35,8.1,0.57,3.69,0.38,0.55,1254.1,2387.0,31.9,9,0.92,1,Syngenta CropBio+ (Biostimulant),3.0,610.02,515.05,94.97,340.0,32291.0,30451.0
IND_FIELD_1147,Uttar Pradesh & Bihar,Sugarcane,4.41,6.26,120.9,44.4,274.7,22.4,21.8,17.3,13.4,0.47,7.9,0.79,4.24,0.45,0.42,1122.9,3041.9,29.2,9,0.92,1,Syngenta CropBio+ (Biostimulant),2.58,613.29,519.34,93.95,340.0,31944.0,29865.0
IND_FIELD_1148,Andhra Pradesh & Telangana,Rice (Paddy),8.83,5.89,61.3,21.4,87.9,19.0,21.6,16.0,9.9,0.77,4.98,0.28,5.16,0.87,0.23,1227.0,2143.2,32.2,4,0.92,0,None,0.0,37.07,37.25,-0.18,2300.0,-422.0,-422.0
IND_FIELD_1149,Karnataka & Tamil Nadu,Wheat,6.83,6.74,182.4,31.1,192.3,32.1,14.1,22.1,11.0,0.5,3.36,0.76,4.35,0.37,0.81,966.6,2357.6,31.1,2,0.92,1,Syngenta CropBio+ (Biostimulant),1.25,40.97,36.42,4.55,2275.0,10353.0,8707.0
IND_FIELD_1150,Karnataka & Tamil Nadu,Soybean,9.7,7.73,208.6,38.6,235.2,46.6,6.3,25.9,11.5,0.7,9.1,0.33,3.45,0.9,0.52,1091.4,2260.8,33.8,5,0.92,1,Syngenta Quantis,1.31,25.31,23.56,1.75,4892.0,8560.0,6838.0
IND_FIELD_1151,Uttar Pradesh & Bihar,Sugarcane,12.34,6.62,86.4,45.1,279.2,21.5,13.7,31.9,6.3,0.44,6.79,0.77,6.19,0.62,0.35,982.6,2879.7,33.5,9,0.92,1,Syngenta Isabion,2.48,706.79,613.96,92.82,340.0,31560.0,29856.0
IND_FIELD_1152,Uttar Pradesh & Bihar,Tur / Pigeon Pea (Arhar),5.01,6.87,88.7,16.5,91.8,46.4,16.9,12.9,4.0,0.8,5.44,0.63,4.92,0.75,0.4,787.7,3083.1,32.2,6,0.779,0,None,0.0,13.56,13.88,-0.32,7550.0,-2446.0,-2446.0
IND_FIELD_1153,Andhra Pradesh & Telangana,Sugarcane,9.89,7.42,202.2,53.4,284.6,40.0,16.0,11.1,3.5,0.6,3.94,0.34,2.37,0.33,0.34,990.4,2989.7,28.2,4,0.92,1,Syngenta Quantis,1.97,693.09,625.42,67.67,340.0,23008.0,21182.0
IND_FIELD_1154,Andhra Pradesh & Telangana,Gram / Chickpea (Chana),9.06,7.02,170.9,50.3,211.6,37.1,17.7,25.3,7.2,0.69,3.66,0.53,4.03,0.44,0.57,694.6,2916.8,26.0,5,0.856,1,Syngenta CropBio+ (Biostimulant),1.53,22.7,20.33,2.37,5440.0,12873.0,11242.0
IND_FIELD_1155,Andhra Pradesh & Telangana,Maize,5.08,7.87,68.1,23.6,127.4,37.4,8.8,28.3,6.0,0.4,5.75,0.68,6.87,0.92,0.8,868.3,3181.5,28.6,8,0.817,1,Syngenta CropBio+ (Biostimulant),1.52,47.72,40.16,7.56,2225.0,16825.0,14947.0
IND_FIELD_1156,Uttar Pradesh & Bihar,Soybean,10.36,7.88,172.1,47.4,156.1,42.8,17.6,28.6,4.2,0.77,9.07,0.64,6.15,0.44,0.75,716.7,2776.0,28.5,1,0.892,1,Syngenta Quantis,1.4,25.92,23.26,2.66,4892.0,13019.0,11264.0
IND_FIELD_1157,Punjab & Haryana (Indo-Gangetic),Gram / Chickpea (Chana),6.51,5.82,115.6,34.3,147.7,21.2,9.3,24.9,5.4,1.38,9.91,0.5,3.78,0.46,0.47,566.7,2851.5,29.9,8,0.759,0,None,0.0,16.17,16.43,-0.26,5440.0,-1435.0,-1435.0
IND_FIELD_1158,Karnataka & Tamil Nadu,Soybean,8.87,7.67,126.4,31.9,207.4,33.1,19.5,31.0,4.8,0.66,9.75,0.83,7.16,0.39,0.73,755.8,3175.9,24.4,3,0.912,0,None,0.0,22.01,21.83,0.18,4892.0,875.0,875.0
IND_FIELD_1159,Karnataka & Tamil Nadu,Wheat,4.4,6.91,198.6,25.5,92.4,38.9,12.1,21.2,13.1,1.26,9.92,0.56,2.42,0.34,0.45,1259.4,1809.8,30.5,2,0.92,0,None,0.0,34.18,34.81,-0.63,2275.0,-1436.0,-1436.0
IND_FIELD_1160,Punjab & Haryana (Indo-Gangetic),Soybean,8.56,8.17,206.0,37.0,118.0,35.6,18.8,30.1,5.0,1.23,9.83,0.55,7.29,0.41,0.33,812.0,2687.7,27.9,5,0.87,0,None,0.0,22.64,21.81,0.83,4892.0,4060.0,4060.0
IND_FIELD_1161,Uttar Pradesh & Bihar,Soybean,6.87,6.96,132.1,43.4,275.0,43.0,6.9,31.3,9.1,1.35,7.05,0.24,3.35,0.7,0.84,1160.6,2834.6,30.1,6,0.92,0,None,0.0,21.42,22.16,-0.73,4892.0,-3585.0,-3585.0
IND_FIELD_1162,Punjab & Haryana (Indo-Gangetic),Rice (Paddy),12.55,8.17,230.5,29.7,111.8,20.2,13.3,28.6,9.7,1.17,4.8,0.85,2.05,0.57,0.36,616.4,3085.0,25.1,6,0.802,1,Syngenta CropBio+ (Biostimulant),1.91,49.18,43.31,5.88,2300.0,13516.0,11623.0
IND_FIELD_1163,Maharashtra & Vidarbha (Deccan),Cotton,4.13,7.61,133.2,39.1,136.0,38.7,18.7,16.8,9.2,1.03,9.03,0.32,4.39,0.64,0.38,853.2,3037.4,27.6,4,0.814,1,Syngenta CropBio+ (Biostimulant),2.47,20.47,18.61,1.85,7121.0,13196.0,11203.0
IND_FIELD_1164,Uttar Pradesh & Bihar,Wheat,8.1,6.4,198.9,42.1,188.8,34.0,10.1,14.3,4.5,1.24,4.76,0.57,3.97,0.34,0.84,559.1,2978.7,24.7,12,0.757,0,None,0.0,36.8,36.78,0.02,2275.0,51.0,51.0
IND_FIELD_1165,Punjab & Haryana (Indo-Gangetic),Wheat,8.54,7.09,147.1,42.6,204.1,29.4,20.3,22.1,6.8,0.38,5.15,0.76,4.96,0.81,0.24,581.7,3124.1,33.4,10,0.789,0,None,0.0,36.82,36.58,0.23,2275.0,532.0,532.0
IND_FIELD_1166,Uttar Pradesh & Bihar,Soybean,11.48,8.18,221.6,14.2,263.3,28.2,17.4,20.0,4.0,0.81,4.9,0.35,6.38,0.8,0.68,1036.6,2552.3,28.3,6,0.92,0,None,0.0,24.37,25.11,-0.74,4892.0,-3620.0,-3620.0
IND_FIELD_1167,Uttar Pradesh & Bihar,Soybean,9.82,7.86,223.4,49.0,187.4,36.6,16.6,29.3,7.7,1.39,6.96,0.57,6.63,0.27,0.81,1027.1,1809.7,24.9,1,0.92,1,Syngenta CropBio+ (Biostimulant),2.51,26.65,24.61,2.05,4892.0,10011.0,8140.0
IND_FIELD_1168,Andhra Pradesh & Telangana,Wheat,10.84,6.03,75.7,31.7,269.6,44.7,12.4,12.2,5.5,1.15,5.55,0.37,4.21,0.52,0.51,652.7,1815.5,22.5,5,0.861,1,Syngenta Quantis,1.88,41.59,37.34,4.25,2275.0,9665.0,7706.0
IND_FIELD_1169,Punjab & Haryana (Indo-Gangetic),Rice (Paddy),12.05,7.5,228.6,23.3,228.4,32.9,14.7,15.7,9.4,1.36,4.33,0.73,4.36,0.3,0.15,900.7,2562.5,30.8,5,0.92,0,None,0.0,45.95,46.52,-0.57,2300.0,-1304.0,-1304.0
IND_FIELD_1170,Maharashtra & Vidarbha (Deccan),Maize,12.98,6.63,208.6,22.4,107.1,42.7,16.8,26.5,10.8,1.16,6.51,0.6,2.81,0.8,0.41,1270.1,2409.4,24.8,8,0.92,1,Syngenta CropBio+ (Biostimulant),1.81,64.8,57.8,7.0,2225.0,15577.0,13643.0
IND_FIELD_1171,Andhra Pradesh & Telangana,Sugarcane,6.95,5.82,202.4,32.8,117.5,30.1,14.5,12.1,9.1,1.26,9.58,0.8,2.26,0.77,0.23,615.5,2431.7,34.9,7,0.792,0,None,0.0,534.66,535.01,-0.35,340.0,-118.0,-118.0
IND_FIELD_1172,Karnataka & Tamil Nadu,Mustard / Rapeseed,9.42,6.77,96.2,50.1,184.9,21.1,18.6,17.1,8.1,1.08,7.37,0.83,5.53,0.88,0.44,468.3,2360.6,28.9,7,0.741,0,None,0.0,25.38,25.38,0.0,5650.0,25.0,25.0
IND_FIELD_1173,Andhra Pradesh & Telangana,Maize,12.74,6.36,204.9,28.3,175.3,19.8,13.8,18.5,7.6,1.14,9.61,0.65,2.35,0.42,0.7,1069.4,3084.8,25.8,4,0.92,0,None,0.0,58.03,57.87,0.16,2225.0,348.0,348.0
IND_FIELD_1174,Maharashtra & Vidarbha (Deccan),Rice (Paddy),14.38,7.77,213.0,44.2,258.5,19.5,9.6,23.7,12.3,0.88,4.63,0.71,6.04,0.57,0.46,500.8,2302.8,30.5,7,0.765,1,Syngenta CropBio+ (Biostimulant),1.75,52.49,46.45,6.04,2300.0,13889.0,12035.0
IND_FIELD_1175,Andhra Pradesh & Telangana,Sugarcane,13.28,6.61,112.0,16.2,219.4,29.4,9.9,13.5,5.8,1.32,4.42,0.58,4.96,0.38,0.45,1380.9,2998.7,25.6,6,0.92,0,None,0.0,614.01,614.87,-0.85,340.0,-290.0,-290.0
IND_FIELD_1176,Andhra Pradesh & Telangana,Cotton,7.59,7.79,231.4,32.5,173.2,28.1,6.1,28.9,11.2,1.21,7.4,0.47,3.09,0.51,0.54,1029.1,3064.0,32.7,5,0.92,0,None,0.0,21.55,21.82,-0.28,7121.0,-1964.0,-1964.0
IND_FIELD_1177,Uttar Pradesh & Bihar,Rice (Paddy),5.65,5.8,69.0,54.6,121.0,39.5,11.4,19.8,11.5,1.23,6.58,0.65,4.97,0.62,0.56,896.9,2499.3,26.0,3,0.818,0,None,0.0,34.56,34.3,0.26,2300.0,604.0,604.0
IND_FIELD_1178,Punjab & Haryana (Indo-Gangetic),Groundnut (Peanut),8.88,6.54,87.0,45.1,134.4,40.3,19.5,30.2,7.9,1.04,8.02,0.84,3.01,0.29,0.75,858.5,2425.7,34.8,4,0.908,0,None,0.0,23.66,24.91,-1.25,6783.0,-8493.0,-8493.0
IND_FIELD_1179,Uttar Pradesh & Bihar,Rice (Paddy),11.66,6.38,156.8,21.1,218.1,19.5,20.3,20.3,6.6,0.64,9.0,0.49,4.41,0.75,0.37,994.4,2865.4,29.9,10,0.92,1,Syngenta Isabion,2.53,51.23,44.26,6.97,2300.0,16036.0,14408.0
IND_FIELD_1180,Andhra Pradesh & Telangana,Groundnut (Peanut),8.92,6.36,163.6,33.6,181.6,24.6,9.6,16.1,8.4,0.34,8.68,0.42,6.4,0.63,0.73,536.1,2791.2,33.0,7,0.805,0,None,0.0,23.9,24.02,-0.11,6783.0,-768.0,-768.0
IND_FIELD_1181,Karnataka & Tamil Nadu,Mustard / Rapeseed,8.81,5.96,176.1,22.0,203.6,26.2,23.3,13.1,4.5,1.33,10.08,0.47,4.54,0.83,0.55,1333.5,2259.9,22.9,11,0.92,1,Syngenta CropBio+ (Biostimulant),2.84,31.21,27.2,4.01,5650.0,22633.0,20828.0
IND_FIELD_1182,Maharashtra & Vidarbha (Deccan),Mustard / Rapeseed,12.72,6.25,63.1,29.6,121.0,34.4,15.0,10.1,4.0,0.94,6.11,0.5,2.82,0.44,0.36,1044.4,1943.6,26.5,4,0.92,0,None,0.0,27.15,27.37,-0.22,5650.0,-1229.0,-1229.0
IND_FIELD_1183,Andhra Pradesh & Telangana,Tur / Pigeon Pea (Arhar),7.48,7.13,232.9,45.5,239.1,22.3,22.5,21.7,4.7,0.63,4.71,0.25,5.98,0.88,0.36,624.8,2170.8,31.6,8,0.763,0,None,0.0,16.8,17.38,-0.58,7550.0,-4380.0,-4380.0
IND_FIELD_1184,Karnataka & Tamil Nadu,Rice (Paddy),12.96,6.5,68.0,45.2,284.6,22.0,18.7,12.4,5.5,0.46,7.22,0.55,3.03,0.95,0.4,984.5,1983.4,30.5,2,0.92,0,None,0.0,44.92,44.44,0.48,2300.0,1110.0,1110.0
IND_FIELD_1185,Punjab & Haryana (Indo-Gangetic),Rice (Paddy),7.97,6.8,85.8,21.8,141.9,46.3,19.0,18.6,8.8,1.21,4.01,0.55,6.06,0.89,0.59,576.6,2212.6,24.5,2,0.747,0,None,0.0,36.51,36.77,-0.26,2300.0,-591.0,-591.0
IND_FIELD_1186,Karnataka & Tamil Nadu,Wheat,7.11,6.7,62.5,51.7,198.0,42.1,7.5,23.0,12.4,1.22,5.31,0.61,4.64,0.79,0.31,466.7,2166.6,26.6,8,0.687,0,None,0.0,31.37,32.19,-0.82,2275.0,-1873.0,-1873.0
IND_FIELD_1187,Andhra Pradesh & Telangana,Rice (Paddy),8.49,7.9,162.0,37.5,314.1,23.4,10.0,16.1,6.0,1.2,4.72,0.45,4.5,0.82,0.79,1049.0,2692.8,25.4,3,0.92,0,None,0.0,41.26,40.71,0.56,2300.0,1277.0,1277.0
IND_FIELD_1188,Punjab & Haryana (Indo-Gangetic),Sugarcane,11.89,7.97,227.8,28.3,160.0,30.2,6.2,13.9,13.3,1.01,6.09,0.63,6.68,0.65,0.55,1066.1,3136.3,30.0,8,0.92,1,Syngenta Quantis,2.9,707.43,625.15,82.28,340.0,27976.0,25905.0
IND_FIELD_1189,Maharashtra & Vidarbha (Deccan),Maize,4.89,6.98,179.9,33.6,222.8,28.7,18.9,27.0,13.5,0.7,4.01,0.81,5.9,0.38,0.79,1004.5,2760.0,26.5,4,0.92,1,Syngenta CropBio+ (Biostimulant),2.08,54.8,49.54,5.26,2225.0,11697.0,9597.0
IND_FIELD_1190,Uttar Pradesh & Bihar,Maize,5.66,6.59,208.1,38.0,101.6,41.7,12.2,30.8,13.6,0.63,3.43,0.87,2.18,0.72,0.18,624.3,3097.3,26.0,6,0.812,1,Syngenta Quantis,1.32,54.19,48.09,6.1,2225.0,13574.0,11757.0
IND_FIELD_1191,Punjab & Haryana (Indo-Gangetic),Rice (Paddy),13.97,6.06,62.4,36.1,225.4,33.3,20.2,12.2,12.3,0.31,7.99,0.61,3.63,0.75,0.39,1023.3,2897.8,24.7,4,0.92,0,None,0.0,43.8,44.05,-0.25,2300.0,-575.0,-575.0
IND_FIELD_1192,Andhra Pradesh & Telangana,Cotton,5.43,8.09,157.6,32.9,101.5,21.8,12.1,13.4,7.3,1.22,7.65,0.23,6.79,0.94,0.17,503.7,2819.0,27.3,2,0.661,1,Syngenta Isabion,2.22,19.89,17.6,2.29,7121.0,16333.0,14626.0
IND_FIELD_1193,Maharashtra & Vidarbha (Deccan),Rice (Paddy),9.75,5.94,142.7,33.7,310.2,40.2,20.7,31.1,4.3,0.4,8.37,0.88,2.1,0.63,0.34,1028.8,2379.7,24.5,5,0.92,0,None,0.0,42.0,42.75,-0.75,2300.0,-1726.0,-1726.0
IND_FIELD_1194,Andhra Pradesh & Telangana,Soybean,9.87,6.51,149.8,19.6,251.8,29.9,8.4,10.8,9.5,0.99,8.02,0.69,5.0,0.44,0.75,976.3,2254.7,34.5,7,0.92,1,Syngenta CropBio+ (Biostimulant),2.01,25.84,23.38,2.47,4892.0,12072.0,10433.0
IND_FIELD_1195,Punjab & Haryana (Indo-Gangetic),Gram / Chickpea (Chana),8.89,6.52,73.0,46.9,269.2,25.9,9.1,31.5,9.4,0.85,4.03,0.44,6.0,0.73,0.18,1072.5,2984.8,24.0,7,0.92,1,Syngenta Isabion,1.98,21.47,18.8,2.67,5440.0,14513.0,12899.0
IND_FIELD_1196,Karnataka & Tamil Nadu,Rice (Paddy),10.59,6.57,183.2,35.3,249.0,29.3,12.1,10.1,12.4,0.88,5.32,0.3,5.42,0.94,0.46,1300.7,3067.6,33.9,2,0.92,1,Syngenta CropBio+ (Biostimulant),1.46,48.6,44.12,4.49,2300.0,10316.0,8269.0
IND_FIELD_1197,Karnataka & Tamil Nadu,Cotton,6.03,6.19,150.6,17.6,221.5,32.9,13.4,29.2,14.0,1.32,4.15,0.3,6.18,0.37,0.23,1257.8,2432.6,27.6,5,0.92,0,None,0.0,19.04,19.47,-0.43,7121.0,-3054.0,-3054.0
IND_FIELD_1198,Karnataka & Tamil Nadu,Soybean,9.58,7.68,197.7,44.9,188.0,28.3,12.3,16.8,8.8,0.33,9.35,0.32,5.99,0.48,0.44,1381.6,1812.7,26.9,4,0.92,0,None,0.0,23.01,23.01,0.0,4892.0,6.0,6.0
IND_FIELD_1199,Uttar Pradesh & Bihar,Sugarcane,7.59,6.09,147.4,52.1,286.0,25.3,19.7,30.6,7.1,1.15,8.65,0.23,5.81,0.63,0.74,1377.4,2909.5,25.0,4,0.92,0,None,0.0,573.55,573.65,-0.11,340.0,-36.0,-36.0
IND_FIELD_1200,Punjab & Haryana (Indo-Gangetic),Sugarcane,10.78,7.32,86.9,52.7,309.6,30.0,7.7,17.0,5.5,0.36,4.67,0.83,6.52,0.37,0.59,1183.7,2199.1,30.3,2,0.92,0,None,0.0,585.58,584.94,0.63,340.0,216.0,216.0
